bigrams,count,percentage,pos
of the,556,1.1084,"other,other"
in the,327,0.6519,"other,other"
the image,319,0.6359,"other,noun"
to the,310,0.618,"other,other"
to be,275,0.5482,"other,verb"
the artwork,251,0.5004,"other,noun"
appears to,200,0.3987,"verb,other"
the painting,198,0.3947,"other,verb"
the background,197,0.3927,"other,noun"
depicts a,184,0.3668,"noun,other"
with a,182,0.3628,"other,other"
sense of,180,0.3588,"verb,other"
on the,171,0.3409,"other,other"
use of,161,0.321,"verb,other"
a sense,160,0.319,"other,verb"
and the,153,0.305,"other,other"
image depicts,144,0.2871,"noun,noun"
in a,140,0.2791,"other,other"
characteristic of,136,0.2711,"adj,other"
be a,134,0.2671,"verb,other"
the overall,125,0.2492,"other,adj"
is a,124,0.2472,"verb,other"
of a,113,0.2253,"other,other"
the scene,113,0.2253,"other,noun"
characterized by,109,0.2173,"verb,other"
the artist,103,0.2053,"other,noun"
with the,98,0.1954,"other,other"
which is,91,0.1814,"other,verb"
at the,89,0.1774,"other,other"
the style,89,0.1774,"other,noun"
and a,86,0.1714,"other,other"
the use,85,0.1694,"other,verb"
color palette,84,0.1675,"noun,noun"
artwork is,83,0.1655,"noun,verb"
art deco,82,0.1635,"noun,adj"
the art,81,0.1615,"other,noun"
the woman,81,0.1615,"other,noun"
style of,80,0.1595,"noun,other"
background is,79,0.1575,"noun,verb"
is characteristic,78,0.1555,"verb,adj"
style is,77,0.1535,"noun,verb"
of color,77,0.1535,"other,noun"
a woman,73,0.1455,"other,noun"
the subject,73,0.1455,"other,adj"
typical of,72,0.1435,"adj,other"
light and,72,0.1435,"adj,other"
known for,71,0.1415,"verb,other"
the color,69,0.1376,"other,noun"
of light,69,0.1376,"other,adj"
she is,68,0.1356,"other,verb"
there s,68,0.1356,"other,noun"
palette is,66,0.1316,"noun,verb"
by the,65,0.1296,"other,other"
what appears,65,0.1296,"other,verb"
from the,64,0.1276,"other,other"
the viewer,64,0.1276,"other,noun"
dressed in,62,0.1236,"verb,other"
seems to,60,0.1196,"verb,other"
the figure,60,0.1196,"other,noun"
painting is,60,0.1196,"verb,verb"
the title,58,0.1156,"other,noun"
there are,56,0.1116,"other,verb"
emphasis on,55,0.1096,"noun,other"
the colors,55,0.1096,"other,noun"
the central,54,0.1076,"other,adj"
s a,54,0.1076,"noun,other"
rendered in,53,0.1057,"verb,other"
adorned with,53,0.1057,"verb,other"
colors and,53,0.1057,"noun,other"
on a,52,0.1037,"other,other"
wearing a,52,0.1037,"verb,other"
artist s,52,0.1037,"noun,noun"
creating a,51,0.1017,"verb,other"
art style,51,0.1017,"noun,noun"
attention to,51,0.1017,"noun,other"
scene the,50,0.0997,"noun,other"
the left,50,0.0997,"other,verb"
the composition,49,0.0977,"other,noun"
by its,48,0.0957,"other,other"
in an,48,0.0957,"other,other"
features a,47,0.0937,"noun,other"
impressionist style,47,0.0937,"adj,noun"
on her,47,0.0937,"other,other"
suggesting a,47,0.0937,"verb,other"
background features,46,0.0917,"noun,noun"
you ve,46,0.0917,"other,verb"
a young,46,0.0917,"other,adj"
lines and,45,0.0897,"noun,other"
color and,45,0.0897,"noun,other"
the right,45,0.0897,"other,adj"
and shadow,45,0.0897,"other,verb"
such as,45,0.0897,"adj,other"
could be,44,0.0877,"other,verb"
s work,43,0.0857,"noun,verb"
that is,43,0.0857,"other,verb"
depth and,43,0.0857,"adj,other"
is characterized,43,0.0857,"verb,verb"
of her,41,0.0817,"other,other"
associated with,41,0.0817,"adj,other"
overall composition,41,0.0817,"adj,noun"
image you,40,0.0797,"noun,other"
as a,40,0.0797,"other,other"
bold colors,40,0.0797,"verb,noun"
pop art,40,0.0797,"noun,noun"
with her,39,0.0777,"other,other"
focus on,39,0.0777,"noun,other"
a small,39,0.0777,"other,adj"
the other,39,0.0777,"other,adj"
representation of,38,0.0758,"noun,other"
ve provided,38,0.0758,"verb,verb"
rather than,38,0.0758,"adv,other"
is wearing,38,0.0758,"verb,verb"
which are,38,0.0758,"other,verb"
might be,38,0.0758,"other,verb"
filled with,38,0.0758,"verb,other"
and is,38,0.0758,"other,verb"
in this,37,0.0738,"other,other"
there is,37,0.0738,"other,verb"
is seated,36,0.0718,"verb,verb"
the piece,36,0.0718,"other,noun"
central figure,36,0.0718,"adj,noun"
reminiscent of,36,0.0718,"adj,other"
towards the,36,0.0718,"noun,other"
the impressionist,36,0.0718,"other,adj"
in her,35,0.0698,"other,other"
overall the,35,0.0698,"adj,other"
the essence,35,0.0698,"other,noun"
essence of,35,0.0698,"noun,other"
side of,35,0.0698,"verb,other"
this artwork,35,0.0698,"other,noun"
within the,35,0.0698,"other,other"
the child,35,0.0698,"other,noun"
right corner,35,0.0698,"adj,noun"
mary cassatt,35,0.0698,"adj,noun"
movement and,34,0.0678,"noun,other"
style the,34,0.0678,"noun,other"
as the,34,0.0678,"other,other"
one of,34,0.0678,"other,other"
of impressionism,34,0.0678,"other,noun"
portrait of,32,0.0638,"verb,other"
has a,32,0.0638,"verb,other"
face and,32,0.0638,"verb,other"
still life,32,0.0638,"adv,noun"
colors used,32,0.0638,"noun,adj"
dress with,32,0.0638,"noun,other"
loose brushstrokes,32,0.0638,"adj,noun"
a portrait,31,0.0618,"other,verb"
of movement,31,0.0618,"other,noun"
woman s,31,0.0618,"noun,noun"
or a,31,0.0618,"other,other"
post impressionist,31,0.0618,"noun,adj"
to her,31,0.0618,"other,other"
indicative of,31,0.0618,"adj,other"
shapes and,31,0.0618,"noun,other"
a moment,31,0.0618,"other,noun"
that could,30,0.0598,"other,other"
of art,30,0.0598,"other,noun"
with its,30,0.0598,"other,other"
for its,30,0.0598,"other,other"
are characteristic,30,0.0598,"verb,adj"
suggests a,30,0.0598,"verb,other"
she has,29,0.0578,"other,verb"
captures the,29,0.0578,"verb,other"
for his,29,0.0578,"other,other"
contributing to,29,0.0578,"verb,other"
what seems,29,0.0578,"other,verb"
which adds,29,0.0578,"other,verb"
around her,28,0.0558,"other,other"
adding to,28,0.0558,"verb,other"
figure is,28,0.0558,"noun,verb"
capturing the,28,0.0558,"verb,other"
a large,28,0.0558,"other,adj"
s signature,28,0.0558,"noun,noun"
part of,28,0.0558,"noun,other"
artwork depicts,28,0.0558,"noun,noun"
it s,28,0.0558,"other,noun"
and color,28,0.0558,"other,noun"
s face,27,0.0538,"noun,verb"
of this,27,0.0538,"other,other"
indicated by,27,0.0538,"verb,other"
for the,27,0.0538,"other,other"
she holds,26,0.0518,"other,verb"
that are,26,0.0518,"other,verb"
against the,26,0.0518,"other,other"
a stylized,26,0.0518,"other,verb"
her head,26,0.0518,"other,noun"
of depth,26,0.0518,"other,adj"
her face,26,0.0518,"other,verb"
vibrant colors,26,0.0518,"adj,noun"
a white,26,0.0518,"other,adj"
figures are,26,0.0518,"noun,verb"
the bottom,26,0.0518,"other,noun"
to detail,26,0.0518,"other,noun"
moment of,26,0.0518,"noun,other"
portrays a,25,0.0498,"verb,other"
the water,25,0.0498,"other,noun"
is depicted,25,0.0498,"verb,verb"
colors are,25,0.0498,"noun,verb"
a vibrant,25,0.0498,"other,adj"
seated on,24,0.0478,"verb,other"
is evident,24,0.0478,"verb,adj"
and her,24,0.0478,"other,other"
dominated by,24,0.0478,"verb,other"
that suggests,24,0.0478,"other,verb"
its emphasis,24,0.0478,"other,noun"
to create,24,0.0478,"other,noun"
adds to,24,0.0478,"verb,other"
as indicated,24,0.0478,"other,verb"
expression is,24,0.0478,"noun,verb"
captures a,24,0.0478,"verb,other"
the figures,24,0.0478,"other,noun"
brushstrokes that,24,0.0478,"noun,other"
henri matisse,24,0.0478,"adj,adj"
be interpreted,23,0.0459,"verb,verb"
it is,23,0.0459,"other,verb"
composition the,23,0.0459,"noun,other"
earth tones,23,0.0459,"noun,noun"
clean lines,23,0.0459,"verb,noun"
geometric shapes,23,0.0459,"adj,noun"
creates a,23,0.0459,"noun,other"
evident in,23,0.0459,"adj,other"
the foreground,23,0.0459,"other,noun"
artist has,23,0.0459,"noun,verb"
is dressed,23,0.0459,"verb,verb"
deco style,23,0.0459,"adj,noun"
subject s,23,0.0459,"adj,noun"
mood of,23,0.0459,"noun,other"
left side,23,0.0459,"verb,verb"
early renaissance,23,0.0459,"adj,noun"
depiction of,23,0.0459,"noun,other"
andy warhol,23,0.0459,"noun,noun"
atmosphere the,22,0.0439,"adv,other"
tones that,22,0.0439,"noun,other"
brushstrokes and,22,0.0439,"noun,other"
is visible,22,0.0439,"verb,adj"
the lower,22,0.0439,"other,adj"
created by,22,0.0439,"verb,other"
a serene,22,0.0439,"other,adj"
depth to,22,0.0439,"adj,other"
figure s,22,0.0439,"noun,noun"
a scene,22,0.0439,"other,noun"
hair and,22,0.0439,"adj,other"
bold lines,22,0.0439,"verb,noun"
her hair,22,0.0439,"other,adj"
soft and,22,0.0439,"adj,other"
bright colors,22,0.0439,"verb,noun"
composition and,22,0.0439,"noun,other"
emphasizing the,22,0.0439,"verb,other"
provided appears,22,0.0439,"verb,verb"
the sky,22,0.0439,"other,adj"
image portrays,21,0.0419,"noun,verb"
interpreted as,21,0.0419,"verb,other"
that this,21,0.0419,"other,other"
adding a,21,0.0419,"verb,other"
a focus,21,0.0419,"other,noun"
dominating the,21,0.0419,"adj,other"
or perhaps,21,0.0419,"other,adv"
subject matter,21,0.0419,"adj,noun"
shades of,21,0.0419,"noun,other"
is not,21,0.0419,"verb,adv"
art the,21,0.0419,"noun,other"
depicted with,21,0.0419,"verb,other"
de lempicka,21,0.0419,"other,noun"
while the,21,0.0419,"other,other"
the girl,21,0.0419,"other,noun"
the top,20,0.0399,"other,adj"
of an,20,0.0399,"other,other"
this piece,20,0.0399,"other,noun"
create a,20,0.0399,"noun,other"
suggest a,20,0.0399,"noun,other"
with an,20,0.0399,"other,other"
that give,20,0.0399,"other,verb"
due to,20,0.0399,"adj,other"
lower right,20,0.0399,"adj,adj"
is known,20,0.0399,"verb,verb"
against a,20,0.0399,"other,other"
can be,20,0.0399,"other,verb"
through the,20,0.0399,"other,other"
artwork captures,20,0.0399,"noun,verb"
is one,20,0.0399,"verb,other"
the center,20,0.0399,"other,noun"
with one,20,0.0399,"other,other"
providing a,20,0.0399,"verb,other"
young girl,20,0.0399,"adj,noun"
visible in,20,0.0399,"adj,other"
which often,20,0.0399,"other,adv"
on what,20,0.0399,"other,other"
wears a,20,0.0399,"noun,other"
image the,20,0.0399,"noun,other"
that appears,20,0.0399,"other,verb"
capture the,20,0.0399,"noun,other"
warhol s,20,0.0399,"noun,noun"
piece of,19,0.0379,"noun,other"
painted in,19,0.0379,"verb,other"
tones of,19,0.0379,"noun,other"
focusing on,19,0.0379,"verb,other"
an emphasis,19,0.0379,"other,noun"
a still,19,0.0379,"other,adv"
depicted in,19,0.0379,"verb,other"
ukiyo e,19,0.0379,"adj,verb"
style characterized,19,0.0379,"noun,verb"
during the,19,0.0379,"other,other"
and she,19,0.0379,"other,other"
is adorned,19,0.0379,"verb,verb"
a figure,19,0.0379,"other,noun"
used are,19,0.0379,"adj,verb"
a blue,19,0.0379,"other,noun"
the frame,19,0.0379,"other,noun"
this image,19,0.0379,"other,noun"
to capture,19,0.0379,"other,noun"
as if,19,0.0379,"other,other"
on capturing,19,0.0379,"other,verb"
gives the,19,0.0379,"verb,other"
of pop,19,0.0379,"other,noun"
a painting,18,0.0359,"other,verb"
forms and,18,0.0359,"noun,other"
to convey,18,0.0359,"other,noun"
elements of,18,0.0359,"noun,other"
and form,18,0.0359,"other,noun"
an abstract,18,0.0359,"other,adj"
as well,18,0.0359,"other,adv"
is reminiscent,18,0.0359,"verb,adj"
color is,18,0.0359,"noun,verb"
a red,18,0.0359,"other,adj"
a dark,18,0.0359,"other,adj"
executed in,18,0.0359,"verb,other"
work the,18,0.0359,"verb,other"
they are,18,0.0359,"other,verb"
she wears,18,0.0359,"other,noun"
and vibrant,18,0.0359,"other,adj"
of quiet,18,0.0359,"other,adj"
painting the,18,0.0359,"verb,other"
her attire,18,0.0359,"other,noun"
woman is,18,0.0359,"noun,verb"
by bold,18,0.0359,"other,verb"
painting style,18,0.0359,"verb,noun"
the interplay,18,0.0359,"other,noun"
with visible,18,0.0359,"other,adj"
vibrant and,18,0.0359,"adj,other"
loose and,18,0.0359,"adj,other"
this particular,17,0.0339,"other,adj"
impression of,17,0.0339,"noun,other"
is rendered,17,0.0339,"verb,verb"
is dominated,17,0.0339,"verb,verb"
of tranquility,17,0.0339,"other,noun"
is titled,17,0.0339,"verb,verb"
is minimalistic,17,0.0339,"verb,adj"
and an,17,0.0339,"other,other"
right side,17,0.0339,"adj,verb"
around the,17,0.0339,"other,other"
nature of,17,0.0339,"adj,other"
reflecting the,17,0.0339,"verb,other"
that contrasts,17,0.0339,"other,noun"
contrasts with,17,0.0339,"noun,other"
facial features,17,0.0339,"adj,noun"
is executed,17,0.0339,"verb,verb"
from a,17,0.0339,"other,other"
resting on,17,0.0339,"verb,other"
contribute to,17,0.0339,"noun,other"
contrast to,17,0.0339,"noun,other"
s attire,17,0.0339,"noun,noun"
a dynamic,17,0.0339,"other,adj"
styled in,17,0.0339,"verb,other"
hair is,17,0.0339,"adj,verb"
bottom right,17,0.0339,"noun,adj"
suggesting an,17,0.0339,"verb,other"
flat colors,17,0.0339,"adj,noun"
overall mood,17,0.0339,"adj,noun"
is typical,17,0.0339,"verb,adj"
the setting,17,0.0339,"other,verb"
and light,17,0.0339,"other,adj"
cezanne s,17,0.0339,"noun,noun"
naïve art,17,0.0339,"noun,noun"
pablo picasso,17,0.0339,"adj,noun"
matisse s,17,0.0339,"adj,noun"
her body,16,0.0319,"other,noun"
holds a,16,0.0319,"verb,other"
enhancing the,16,0.0319,"verb,other"
her hands,16,0.0319,"other,noun"
ability to,16,0.0319,"noun,other"
a way,16,0.0319,"other,noun"
way that,16,0.0319,"noun,other"
the human,16,0.0319,"other,adj"
that the,16,0.0319,"other,other"
with what,16,0.0319,"other,other"
of post,16,0.0319,"other,noun"
well as,16,0.0319,"adv,other"
appear to,16,0.0319,"verb,other"
was created,16,0.0319,"verb,verb"
a high,16,0.0319,"other,adj"
composition is,16,0.0319,"noun,verb"
the lighting,16,0.0319,"other,verb"
one hand,16,0.0319,"other,noun"
and use,16,0.0319,"other,verb"
of bold,16,0.0319,"other,verb"
may be,16,0.0319,"other,verb"
be an,16,0.0319,"verb,other"
interplay of,16,0.0319,"noun,other"
by loose,16,0.0319,"other,adj"
light colored,16,0.0319,"adj,adj"
is filled,16,0.0319,"verb,verb"
van gogh,16,0.0319,"noun,noun"
a dress,15,0.0299,"other,noun"
dress that,15,0.0299,"noun,other"
style which,15,0.0299,"noun,other"
a simple,15,0.0299,"other,noun"
her lap,15,0.0299,"other,noun"
background there,15,0.0299,"noun,other"
are no,15,0.0299,"verb,other"
this is,15,0.0299,"other,verb"
warm tones,15,0.0299,"adj,noun"
art genre,15,0.0299,"noun,noun"
the portrait,15,0.0299,"other,verb"
that might,15,0.0299,"other,other"
often associated,15,0.0299,"adv,adj"
between the,15,0.0299,"other,other"
post impressionism,15,0.0299,"noun,noun"
and life,15,0.0299,"other,noun"
figure the,15,0.0299,"noun,other"
be seen,15,0.0299,"verb,verb"
are rendered,15,0.0299,"verb,verb"
suggested by,15,0.0299,"verb,other"
along with,15,0.0299,"other,other"
next to,15,0.0299,"adj,other"
in profile,15,0.0299,"other,adj"
that suggest,15,0.0299,"other,noun"
artwork titled,15,0.0299,"noun,verb"
is styled,15,0.0299,"verb,verb"
along the,15,0.0299,"other,other"
a chair,15,0.0299,"other,noun"
and flat,15,0.0299,"other,adj"
a table,15,0.0299,"other,noun"
young woman,15,0.0299,"adj,noun"
figure that,15,0.0299,"noun,other"
to its,15,0.0299,"other,other"
visible brushstrokes,15,0.0299,"adj,noun"
an impressionistic,15,0.0299,"other,adj"
it a,14,0.0279,"other,other"
muted with,14,0.0279,"verb,other"
the focus,14,0.0279,"other,noun"
her expression,14,0.0279,"other,noun"
form and,14,0.0279,"noun,other"
setting the,14,0.0279,"verb,other"
tranquility and,14,0.0279,"noun,other"
focused on,14,0.0279,"verb,other"
hints of,14,0.0279,"noun,other"
suggesting that,14,0.0279,"verb,other"
of flowers,14,0.0279,"other,noun"
detail and,14,0.0279,"noun,other"
in various,14,0.0279,"other,adj"
is subdued,14,0.0279,"verb,verb"
corner indicating,14,0.0279,"noun,verb"
foreground there,14,0.0279,"noun,other"
to a,14,0.0279,"other,other"
the man,14,0.0279,"other,noun"
figures that,14,0.0279,"noun,other"
are typical,14,0.0279,"verb,adj"
scene from,14,0.0279,"noun,other"
is an,14,0.0279,"verb,other"
child s,14,0.0279,"noun,noun"
scene with,14,0.0279,"noun,other"
quality of,14,0.0279,"noun,other"
possibly a,14,0.0279,"adv,other"
tamara de,14,0.0279,"verb,other"
a light,14,0.0279,"other,adj"
viewer s,14,0.0279,"noun,noun"
is shown,14,0.0279,"verb,verb"
colors that,14,0.0279,"noun,other"
s use,14,0.0279,"noun,verb"
includes a,14,0.0279,"verb,other"
engaged in,14,0.0279,"verb,other"
a gentle,14,0.0279,"other,adj"
adds a,14,0.0279,"verb,other"
of bright,14,0.0279,"other,verb"
the light,14,0.0279,"other,adj"
shows a,14,0.0279,"verb,other"
across the,14,0.0279,"other,other"
are also,14,0.0279,"verb,adv"
the room,14,0.0279,"other,noun"
expressionist style,13,0.0259,"verb,noun"
which was,13,0.0259,"other,verb"
does not,13,0.0259,"verb,adv"
a soft,13,0.0259,"other,adj"
in his,13,0.0259,"other,other"
with earth,13,0.0259,"other,noun"
a piece,13,0.0259,"other,noun"
the play,13,0.0259,"other,noun"
play of,13,0.0259,"noun,other"
the side,13,0.0259,"other,verb"
contemplation or,13,0.0259,"noun,other"
and texture,13,0.0259,"other,noun"
is soft,13,0.0259,"verb,adj"
attire and,13,0.0259,"noun,other"
a strong,13,0.0259,"other,adj"
woman seated,13,0.0259,"noun,verb"
that add,13,0.0259,"other,adj"
that captures,13,0.0259,"other,verb"
this style,13,0.0259,"other,noun"
the early,13,0.0259,"other,adj"
outlines and,13,0.0259,"verb,other"
seated and,13,0.0259,"verb,other"
into the,13,0.0259,"other,other"
everyday life,13,0.0259,"adj,noun"
central focus,13,0.0259,"adj,noun"
emphasizes the,13,0.0259,"verb,other"
three dimensional,13,0.0259,"other,adj"
that emphasizes,13,0.0259,"other,verb"
serene and,13,0.0259,"adj,other"
focus is,13,0.0259,"noun,verb"
paul cezanne,13,0.0259,"verb,noun"
over the,13,0.0259,"other,other"
a warm,13,0.0259,"other,adj"
long flowing,12,0.0239,"adj,verb"
attire the,12,0.0239,"noun,other"
out against,12,0.0239,"other,other"
rendered with,12,0.0239,"verb,other"
with soft,12,0.0239,"other,adj"
tones dominating,12,0.0239,"noun,adj"
which could,12,0.0239,"other,other"
consistent with,12,0.0239,"adj,other"
painting captures,12,0.0239,"verb,verb"
and somewhat,12,0.0239,"other,adv"
the vibrant,12,0.0239,"other,adj"
are depicted,12,0.0239,"verb,verb"
indicating that,12,0.0239,"verb,other"
is rich,12,0.0239,"verb,adj"
a man,12,0.0239,"other,noun"
the brushwork,12,0.0239,"other,noun"
life to,12,0.0239,"noun,other"
renaissance period,12,0.0239,"noun,noun"
holding a,12,0.0239,"verb,other"
two women,12,0.0239,"other,noun"
period the,12,0.0239,"noun,other"
elements that,12,0.0239,"noun,other"
turned slightly,12,0.0239,"verb,adv"
common in,12,0.0239,"adj,other"
title the,12,0.0239,"noun,other"
her arms,12,0.0239,"other,noun"
creating an,12,0.0239,"verb,other"
and greens,12,0.0239,"other,noun"
it the,12,0.0239,"other,other"
she appears,12,0.0239,"other,verb"
woman on,12,0.0239,"noun,other"
elegance and,12,0.0239,"noun,other"
with bold,12,0.0239,"other,verb"
human form,12,0.0239,"adj,noun"
two figures,12,0.0239,"other,noun"
and what,12,0.0239,"other,other"
woman dressed,12,0.0239,"noun,verb"
bold outlines,12,0.0239,"verb,verb"
and movement,12,0.0239,"other,noun"
artwork the,12,0.0239,"noun,other"
an outdoor,12,0.0239,"other,adj"
life painting,12,0.0239,"noun,verb"
background the,12,0.0239,"noun,other"
the presence,12,0.0239,"other,noun"
presence of,12,0.0239,"noun,other"
s an,12,0.0239,"noun,other"
image shows,12,0.0239,"noun,verb"
atmosphere of,12,0.0239,"adv,other"
no visible,12,0.0239,"other,adj"
she s,12,0.0239,"other,noun"
that has,12,0.0239,"other,verb"
the sea,12,0.0239,"other,noun"
this technique,12,0.0239,"other,noun"
with flowers,12,0.0239,"other,noun"
where the,12,0.0239,"other,other"
a tender,12,0.0239,"other,noun"
cassatt s,12,0.0239,"noun,noun"
gogh s,12,0.0239,"noun,noun"
by a,11,0.0219,"other,other"
of his,11,0.0219,"other,other"
but also,11,0.0219,"other,adv"
provided is,11,0.0219,"verb,verb"
its use,11,0.0219,"other,verb"
tones with,11,0.0219,"noun,other"
is simple,11,0.0219,"verb,noun"
and his,11,0.0219,"other,other"
focuses on,11,0.0219,"noun,other"
contributes to,11,0.0219,"noun,other"
a realistic,11,0.0219,"other,adj"
hues that,11,0.0219,"noun,other"
approach to,11,0.0219,"noun,other"
stylized representation,11,0.0219,"verb,noun"
used in,11,0.0219,"adj,other"
near the,11,0.0219,"other,other"
adds depth,11,0.0219,"verb,adj"
enhances the,11,0.0219,"verb,other"
brushwork is,11,0.0219,"noun,verb"
while also,11,0.0219,"other,adv"
the late,11,0.0219,"other,adj"
he is,11,0.0219,"other,verb"
is indicative,11,0.0219,"verb,adj"
the individual,11,0.0219,"other,adj"
slightly to,11,0.0219,"adv,other"
s pose,11,0.0219,"noun,verb"
aligns with,11,0.0219,"noun,other"
one side,11,0.0219,"other,verb"
a hint,11,0.0219,"other,adj"
hint of,11,0.0219,"adj,other"
areas of,11,0.0219,"noun,other"
for her,11,0.0219,"other,other"
signature is,11,0.0219,"noun,verb"
image is,11,0.0219,"noun,verb"
suggesting it,11,0.0219,"verb,other"
in what,11,0.0219,"other,other"
a common,11,0.0219,"other,adj"
and possibly,11,0.0219,"other,adv"
is on,11,0.0219,"verb,other"
the way,11,0.0219,"other,noun"
and serene,11,0.0219,"other,adj"
the loose,11,0.0219,"other,adj"
a window,11,0.0219,"other,verb"
image features,11,0.0219,"noun,noun"
painting that,11,0.0219,"verb,other"
blue and,11,0.0219,"noun,other"
a tranquil,11,0.0219,"other,noun"
the fleeting,11,0.0219,"other,verb"
fleeting effects,11,0.0219,"verb,noun"
effects of,11,0.0219,"noun,other"
quality the,11,0.0219,"noun,other"
of blue,11,0.0219,"other,noun"
for a,11,0.0219,"other,other"
in front,11,0.0219,"other,adj"
front of,11,0.0219,"adj,other"
a child,11,0.0219,"other,noun"
and appears,11,0.0219,"other,verb"
above the,11,0.0219,"other,other"
engrossed in,11,0.0219,"verb,other"
a touch,11,0.0219,"other,adj"
touch of,11,0.0219,"adj,other"
is loose,11,0.0219,"verb,adj"
with various,11,0.0219,"other,adj"
the table,11,0.0219,"other,noun"
element to,11,0.0219,"noun,other"
was known,11,0.0219,"verb,verb"
picasso s,11,0.0219,"noun,noun"
by henri,11,0.0219,"other,adj"
and patterns,10,0.0199,"other,noun"
is indeed,10,0.0199,"verb,adv"
with long,10,0.0199,"other,adj"
the face,10,0.0199,"other,verb"
the darker,10,0.0199,"other,noun"
suggests that,10,0.0199,"verb,other"
s style,10,0.0199,"noun,noun"
painting s,10,0.0199,"verb,noun"
a clear,10,0.0199,"other,adj"
the main,10,0.0199,"other,adj"
could suggest,10,0.0199,"other,noun"
a natural,10,0.0199,"other,adj"
and often,10,0.0199,"other,adv"
giving the,10,0.0199,"verb,other"
a striking,10,0.0199,"other,verb"
is signed,10,0.0199,"verb,verb"
left corner,10,0.0199,"verb,noun"
it was,10,0.0199,"other,verb"
the surrounding,10,0.0199,"other,verb"
clothing the,10,0.0199,"verb,other"
which gives,10,0.0199,"other,verb"
a prominent,10,0.0199,"other,noun"
which suggests,10,0.0199,"other,verb"
are vibrant,10,0.0199,"verb,adj"
the sense,10,0.0199,"other,verb"
her posture,10,0.0199,"other,noun"
directed towards,10,0.0199,"verb,noun"
be in,10,0.0199,"verb,other"
towards us,10,0.0199,"noun,other"
to one,10,0.0199,"other,other"
vibrant with,10,0.0199,"adj,other"
colors to,10,0.0199,"noun,other"
color in,10,0.0199,"noun,other"
striking with,10,0.0199,"verb,other"
looks like,10,0.0199,"noun,other"
the signature,10,0.0199,"other,noun"
as suggested,10,0.0199,"other,verb"
her left,10,0.0199,"other,verb"
of what,10,0.0199,"other,other"
stands out,10,0.0199,"verb,other"
sitting on,10,0.0199,"verb,other"
expression on,10,0.0199,"noun,other"
over detail,10,0.0199,"other,noun"
aesthetic of,10,0.0199,"adj,other"
presents a,10,0.0199,"noun,other"
viewer the,10,0.0199,"noun,other"
figure in,10,0.0199,"noun,other"
add depth,10,0.0199,"adj,adj"
off to,10,0.0199,"other,other"
a contrast,10,0.0199,"other,noun"
and bold,10,0.0199,"other,verb"
piece the,10,0.0199,"noun,other"
serene atmosphere,10,0.0199,"adj,adv"
outdoor setting,10,0.0199,"adj,verb"
a classical,10,0.0199,"other,adj"
overall effect,10,0.0199,"adj,noun"
s attention,10,0.0199,"noun,noun"
an open,10,0.0199,"other,adj"
at a,10,0.0199,"other,other"
based on,10,0.0199,"verb,other"
impressionist art,10,0.0199,"adj,noun"
and yellow,10,0.0199,"other,adj"
about the,10,0.0199,"other,other"
historical or,10,0.0199,"adj,other"
be part,10,0.0199,"verb,noun"
with their,10,0.0199,"other,other"
suggests it,10,0.0199,"verb,other"
a long,10,0.0199,"other,adj"
are soft,10,0.0199,"verb,adj"
impressionism with,10,0.0199,"noun,other"
throughout the,10,0.0199,"other,other"
impressionistic style,10,0.0199,"adj,noun"
colored dress,10,0.0199,"adj,noun"
impressionist painting,10,0.0199,"adj,verb"
it might,10,0.0199,"other,other"
the brushstrokes,10,0.0199,"other,noun"
red and,10,0.0199,"adj,other"
the house,10,0.0199,"other,noun"
of naïve,10,0.0199,"other,noun"
chagall s,10,0.0199,"verb,noun"
her right,10,0.0199,"other,adj"
by mary,10,0.0199,"other,adj"
form the,9,0.0179,"noun,other"
warm hues,9,0.0179,"adj,noun"
not just,9,0.0179,"adv,adv"
done in,9,0.0179,"verb,other"
the expressionist,9,0.0179,"other,verb"
and expression,9,0.0179,"other,noun"
seated with,9,0.0179,"verb,other"
is quite,9,0.0179,"verb,adv"
s ability,9,0.0179,"noun,noun"
viewers to,9,0.0179,"noun,other"
style by,9,0.0179,"noun,other"
indoor setting,9,0.0179,"adj,verb"
genre of,9,0.0179,"noun,other"
three dimensionality,9,0.0179,"other,noun"
piece is,9,0.0179,"noun,verb"
that adds,9,0.0179,"other,verb"
as an,9,0.0179,"other,other"
it features,9,0.0179,"other,noun"
is consistent,9,0.0179,"verb,adj"
and green,9,0.0179,"other,adj"
the ground,9,0.0179,"other,noun"
overall style,9,0.0179,"adj,noun"
than the,9,0.0179,"other,other"
and shapes,9,0.0179,"other,noun"
the impression,9,0.0179,"other,noun"
behind the,9,0.0179,"other,other"
stand out,9,0.0179,"noun,other"
on color,9,0.0179,"other,noun"
style that,9,0.0179,"noun,other"
a peaceful,9,0.0179,"other,adj"
water s,9,0.0179,"noun,noun"
background that,9,0.0179,"noun,other"
with his,9,0.0179,"other,other"
gaze directed,9,0.0179,"noun,verb"
who appears,9,0.0179,"other,verb"
blues and,9,0.0179,"noun,other"
is balanced,9,0.0179,"verb,verb"
detail in,9,0.0179,"noun,other"
a historical,9,0.0179,"other,adj"
architectural elements,9,0.0179,"adj,noun"
left of,9,0.0179,"verb,other"
of mary,9,0.0179,"other,adj"
right of,9,0.0179,"adj,other"
with two,9,0.0179,"other,other"
titled the,9,0.0179,"verb,other"
woman in,9,0.0179,"noun,other"
an art,9,0.0179,"other,noun"
dark hair,9,0.0179,"adj,adj"
suggest an,9,0.0179,"noun,other"
the contours,9,0.0179,"other,noun"
contours of,9,0.0179,"noun,other"
what looks,9,0.0179,"other,noun"
artwork was,9,0.0179,"noun,verb"
consists of,9,0.0179,"verb,other"
focal point,9,0.0179,"adj,noun"
white dress,9,0.0179,"adj,noun"
be looking,9,0.0179,"verb,verb"
deco period,9,0.0179,"adj,noun"
she gazes,9,0.0179,"other,verb"
directly at,9,0.0179,"adv,other"
is dark,9,0.0179,"verb,adj"
indicating the,9,0.0179,"verb,other"
a wide,9,0.0179,"other,adj"
hat with,9,0.0179,"other,other"
is vibrant,9,0.0179,"verb,adj"
give the,9,0.0179,"verb,other"
a limited,9,0.0179,"other,verb"
is also,9,0.0179,"verb,adv"
possibly indicating,9,0.0179,"adv,verb"
a representation,9,0.0179,"other,noun"
painting in,9,0.0179,"verb,other"
her pose,9,0.0179,"other,verb"
subject the,9,0.0179,"adj,other"
left is,9,0.0179,"verb,verb"
away from,9,0.0179,"adv,other"
subdued with,9,0.0179,"verb,other"
conveys a,9,0.0179,"noun,other"
and mood,9,0.0179,"other,noun"
a vase,9,0.0179,"other,noun"
body of,9,0.0179,"noun,other"
of water,9,0.0179,"other,noun"
color the,9,0.0179,"noun,other"
the lighter,9,0.0179,"other,noun"
brushwork and,9,0.0179,"noun,other"
are two,9,0.0179,"verb,other"
features and,9,0.0179,"noun,other"
darker tones,9,0.0179,"noun,noun"
life and,9,0.0179,"noun,other"
the horse,9,0.0179,"other,noun"
impressionism characterized,9,0.0179,"noun,verb"
soft pastel,9,0.0179,"adj,noun"
capturing a,9,0.0179,"verb,other"
moment in,9,0.0179,"noun,other"
and fluid,9,0.0179,"other,noun"
the fruit,9,0.0179,"other,noun"
green and,9,0.0179,"adj,other"
colors such,9,0.0179,"noun,adj"
art movement,9,0.0179,"noun,noun"
who is,9,0.0179,"other,verb"
within a,9,0.0179,"other,other"
gentle and,9,0.0179,"adj,other"
detail the,9,0.0179,"noun,other"
tender scene,9,0.0179,"noun,noun"
dress and,9,0.0179,"noun,other"
cut out,9,0.0179,"noun,other"
the pop,9,0.0179,"other,noun"
a beautiful,8,0.0159,"other,adj"
her hand,8,0.0159,"other,noun"
patterns that,8,0.0159,"noun,other"
exudes a,8,0.0159,"noun,other"
emotion and,8,0.0159,"noun,other"
particular piece,8,0.0159,"adj,noun"
we see,8,0.0159,"other,noun"
other figures,8,0.0159,"adj,noun"
movement the,8,0.0159,"noun,other"
the emotional,8,0.0159,"other,adj"
has long,8,0.0159,"verb,adj"
and does,8,0.0159,"other,verb"
under the,8,0.0159,"other,other"
the genre,8,0.0159,"other,noun"
a hat,8,0.0159,"other,other"
featuring a,8,0.0159,"noun,other"
on their,8,0.0159,"other,other"
texture and,8,0.0159,"noun,other"
yellow and,8,0.0159,"adj,other"
life the,8,0.0159,"noun,other"
artwork s,8,0.0159,"noun,noun"
and colors,8,0.0159,"other,noun"
set against,8,0.0159,"noun,other"
contrast between,8,0.0159,"noun,other"
the fruits,8,0.0159,"other,noun"
that includes,8,0.0159,"other,verb"
reflects the,8,0.0159,"verb,other"
that it,8,0.0159,"other,other"
katsushika hokusai,8,0.0159,"other,noun"
attributed to,8,0.0159,"verb,other"
the shore,8,0.0159,"other,noun"
given the,8,0.0159,"verb,other"
complements the,8,0.0159,"noun,other"
the textures,8,0.0159,"other,noun"
palette that,8,0.0159,"noun,other"
beauty of,8,0.0159,"noun,other"
the landscape,8,0.0159,"other,noun"
and attention,8,0.0159,"other,noun"
level of,8,0.0159,"noun,other"
two children,8,0.0159,"other,noun"
hallmark of,8,0.0159,"adj,other"
the work,8,0.0159,"other,verb"
clothing and,8,0.0159,"verb,other"
texture to,8,0.0159,"noun,other"
facial expression,8,0.0159,"adj,noun"
giving a,8,0.0159,"verb,other"
figures and,8,0.0159,"noun,other"
suggests she,8,0.0159,"verb,other"
head and,8,0.0159,"noun,other"
are visible,8,0.0159,"verb,adj"
genre the,8,0.0159,"noun,other"
her back,8,0.0159,"other,adv"
that contribute,8,0.0159,"other,noun"
is turned,8,0.0159,"verb,verb"
top left,8,0.0159,"adj,verb"
painting are,8,0.0159,"verb,verb"
yellows and,8,0.0159,"noun,other"
the clothing,8,0.0159,"other,verb"
a setting,8,0.0159,"other,verb"
an interior,8,0.0159,"other,adj"
the focal,8,0.0159,"other,adj"
style often,8,0.0159,"noun,adv"
give a,8,0.0159,"verb,other"
a backdrop,8,0.0159,"other,noun"
that seems,8,0.0159,"other,verb"
hat adorned,8,0.0159,"other,verb"
of elegance,8,0.0159,"other,noun"
and sophistication,8,0.0159,"other,noun"
is warm,8,0.0159,"verb,adj"
and hair,8,0.0159,"other,adj"
hair the,8,0.0159,"adj,other"
her dress,8,0.0159,"other,noun"
has her,8,0.0159,"verb,other"
a bouquet,8,0.0159,"other,verb"
bouquet of,8,0.0159,"verb,other"
image presents,8,0.0159,"noun,noun"
used for,8,0.0159,"adj,other"
woman and,8,0.0159,"noun,other"
background which,8,0.0159,"noun,other"
has used,8,0.0159,"verb,adj"
that appear,8,0.0159,"other,verb"
both the,8,0.0159,"other,other"
to evoke,8,0.0159,"other,verb"
and energy,8,0.0159,"other,noun"
a green,8,0.0159,"other,adj"
further emphasizing,8,0.0159,"adv,verb"
collar and,8,0.0159,"noun,other"
artwork features,8,0.0159,"noun,noun"
as she,8,0.0159,"other,other"
contrast that,8,0.0159,"noun,other"
her facial,8,0.0159,"other,adj"
light to,8,0.0159,"adj,other"
attention on,8,0.0159,"noun,other"
adding depth,8,0.0159,"verb,adj"
the mother,8,0.0159,"other,noun"
the flowers,8,0.0159,"other,noun"
table or,8,0.0159,"noun,other"
effect is,8,0.0159,"noun,verb"
the bowl,8,0.0159,"other,noun"
and white,8,0.0159,"other,adj"
painting titled,8,0.0159,"verb,verb"
paolo uccello,8,0.0159,"noun,adj"
context or,8,0.0159,"adj,other"
girl s,8,0.0159,"noun,noun"
a person,8,0.0159,"other,noun"
and emotion,8,0.0159,"other,noun"
of perspective,8,0.0159,"other,adj"
have been,8,0.0159,"verb,verb"
center there,8,0.0159,"noun,other"
work in,8,0.0159,"verb,other"
image there,8,0.0159,"noun,other"
with intricate,8,0.0159,"other,noun"
setting is,8,0.0159,"verb,verb"
the beach,8,0.0159,"other,noun"
brushstrokes are,8,0.0159,"noun,verb"
scene a,8,0.0159,"noun,other"
scene of,8,0.0159,"noun,other"
impressionism the,8,0.0159,"noun,other"
brush strokes,8,0.0159,"noun,noun"
with white,8,0.0159,"other,adj"
loose brushwork,8,0.0159,"adj,noun"
the natural,8,0.0159,"other,adj"
top of,8,0.0159,"adj,other"
and pastel,8,0.0159,"other,noun"
the wall,8,0.0159,"other,noun"
as it,8,0.0159,"other,other"
scenes from,8,0.0159,"noun,other"
center of,8,0.0159,"noun,other"
warm and,8,0.0159,"adj,other"
ve shared,8,0.0159,"verb,verb"
and blue,8,0.0159,"other,noun"
flowers and,8,0.0159,"noun,other"
the neckline,8,0.0159,"other,adj"
who was,8,0.0159,"other,verb"
of henri,8,0.0159,"other,adj"
and bright,8,0.0159,"other,verb"
by andy,8,0.0159,"other,noun"
of warhol,8,0.0159,"other,noun"
mount fuji,8,0.0159,"noun,verb"
the mountain,8,0.0159,"other,noun"
distinctive style,7,0.014,"adj,noun"
a black,7,0.014,"other,adj"
an elegant,7,0.014,"other,verb"
hues of,7,0.014,"noun,other"
and lines,7,0.014,"other,noun"
and depth,7,0.014,"other,adj"
is done,7,0.014,"verb,verb"
a female,7,0.014,"other,adj"
female figure,7,0.014,"adj,noun"
garment that,7,0.014,"noun,other"
an impression,7,0.014,"other,noun"
or contemplation,7,0.014,"other,noun"
artwork showcases,7,0.014,"noun,verb"
was a,7,0.014,"verb,other"
expressionist art,7,0.014,"verb,noun"
hair that,7,0.014,"adj,other"
over her,7,0.014,"other,other"
simple and,7,0.014,"noun,other"
an indoor,7,0.014,"other,adj"
and three,7,0.014,"other,other"
woman with,7,0.014,"noun,other"
background of,7,0.014,"noun,other"
perhaps a,7,0.014,"adv,other"
provides a,7,0.014,"verb,other"
painting with,7,0.014,"verb,other"
intricate patterns,7,0.014,"noun,noun"
an impressionist,7,0.014,"other,adj"
known as,7,0.014,"verb,other"
of these,7,0.014,"other,other"
colors of,7,0.014,"noun,other"
with some,7,0.014,"other,other"
white and,7,0.014,"adj,other"
a traditional,7,0.014,"other,adj"
shoreline the,7,0.014,"adj,other"
of traditional,7,0.014,"other,adj"
backdrop that,7,0.014,"noun,other"
features are,7,0.014,"noun,verb"
s clothing,7,0.014,"noun,verb"
elements such,7,0.014,"noun,adj"
drawing attention,7,0.014,"verb,noun"
showcasing the,7,0.014,"verb,other"
woman who,7,0.014,"noun,other"
reclining on,7,0.014,"verb,other"
her is,7,0.014,"other,verb"
the canvas,7,0.014,"other,noun"
a hallmark,7,0.014,"other,adj"
title of,7,0.014,"noun,other"
example of,7,0.014,"noun,other"
engagement with,7,0.014,"adj,other"
is another,7,0.014,"verb,other"
between them,7,0.014,"other,other"
which aligns,7,0.014,"other,noun"
overall color,7,0.014,"adj,noun"
are dressed,7,0.014,"verb,verb"
head turned,7,0.014,"noun,verb"
slightly towards,7,0.014,"adv,noun"
its clean,7,0.014,"other,verb"
rich and,7,0.014,"adj,other"
in art,7,0.014,"other,noun"
artwork you,7,0.014,"noun,other"
wearing what,7,0.014,"verb,other"
geometric forms,7,0.014,"adj,noun"
captured in,7,0.014,"verb,other"
contrasting with,7,0.014,"verb,other"
shapes that,7,0.014,"noun,other"
pose and,7,0.014,"verb,other"
and volume,7,0.014,"other,noun"
deco genre,7,0.014,"adj,noun"
one arm,7,0.014,"other,noun"
viewer with,7,0.014,"noun,other"
painting a,7,0.014,"verb,other"
portrayal of,7,0.014,"adj,other"
simplicity and,7,0.014,"noun,other"
a relaxed,7,0.014,"other,verb"
this work,7,0.014,"other,verb"
an updo,7,0.014,"other,adj"
artwork a,7,0.014,"noun,other"
her gaze,7,0.014,"other,noun"
face is,7,0.014,"verb,verb"
s head,7,0.014,"noun,noun"
that create,7,0.014,"other,noun"
are predominantly,7,0.014,"verb,adv"
pastel tones,7,0.014,"noun,noun"
hallmarks of,7,0.014,"noun,other"
the subtle,7,0.014,"other,adj"
its bold,7,0.014,"other,verb"
has an,7,0.014,"verb,other"
reds and,7,0.014,"verb,other"
evoke a,7,0.014,"verb,other"
the subjects,7,0.014,"other,noun"
towards something,7,0.014,"noun,noun"
frame the,7,0.014,"noun,other"
element of,7,0.014,"noun,other"
large hat,7,0.014,"adj,other"
s expression,7,0.014,"noun,noun"
a three,7,0.014,"other,other"
indicating a,7,0.014,"verb,other"
likely a,7,0.014,"adj,other"
has dark,7,0.014,"verb,adj"
flat areas,7,0.014,"adj,noun"
subject is,7,0.014,"adj,verb"
hands the,7,0.014,"noun,other"
a more,7,0.014,"other,adv"
space the,7,0.014,"noun,other"
view of,7,0.014,"noun,other"
draped over,7,0.014,"verb,other"
warm with,7,0.014,"adj,other"
seen in,7,0.014,"verb,other"
identified as,7,0.014,"verb,other"
beyond the,7,0.014,"other,other"
behind her,7,0.014,"other,other"
like a,7,0.014,"other,other"
that capture,7,0.014,"other,noun"
is softly,7,0.014,"verb,adv"
features the,7,0.014,"noun,other"
either side,7,0.014,"other,verb"
these figures,7,0.014,"other,noun"
this period,7,0.014,"other,noun"
note that,7,0.014,"noun,other"
its attention,7,0.014,"other,noun"
details and,7,0.014,"noun,other"
that gives,7,0.014,"other,verb"
setting with,7,0.014,"verb,other"
a quiet,7,0.014,"other,adj"
of red,7,0.014,"other,adj"
in one,7,0.014,"other,other"
a solid,7,0.014,"other,adj"
group of,7,0.014,"noun,other"
and shoulders,7,0.014,"other,noun"
style with,7,0.014,"noun,other"
scene between,7,0.014,"noun,other"
the boats,7,0.014,"other,noun"
of impressionist,7,0.014,"other,adj"
late 19th,7,0.014,"adj,other"
on light,7,0.014,"other,adj"
this genre,7,0.014,"other,noun"
visible brush,7,0.014,"adj,noun"
can see,7,0.014,"other,noun"
the time,7,0.014,"other,noun"
brushstrokes which,7,0.014,"noun,other"
in time,7,0.014,"other,noun"
warm colors,7,0.014,"adj,noun"
the post,7,0.014,"other,noun"
or another,7,0.014,"other,other"
light on,7,0.014,"adj,other"
in its,7,0.014,"other,other"
flowers in,7,0.014,"noun,other"
natural light,7,0.014,"adj,adj"
with red,7,0.014,"other,adj"
if she,7,0.014,"other,other"
woman standing,7,0.014,"noun,verb"
outside the,7,0.014,"adj,other"
an element,7,0.014,"other,noun"
art primitivism,7,0.014,"noun,noun"
and simple,7,0.014,"other,noun"
of nature,7,0.014,"other,adj"
edgar degas,7,0.014,"verb,noun"
and there,7,0.014,"other,other"
balance and,7,0.014,"noun,other"
a style,7,0.014,"other,noun"
the abstract,7,0.014,"other,adj"
looking towards,7,0.014,"verb,noun"
warmth and,7,0.014,"noun,other"
features bold,7,0.014,"noun,verb"
between two,7,0.014,"other,other"
chair with,7,0.014,"noun,other"
stylized portrait,7,0.014,"verb,verb"
create an,7,0.014,"noun,other"
corner of,7,0.014,"noun,other"
popular culture,7,0.014,"adj,noun"
singer sargent,7,0.014,"adj,adj"
the chair,7,0.014,"other,noun"
american painter,7,0.014,"adj,noun"
the distinctive,6,0.012,"other,adj"
beautiful representation,6,0.012,"adj,noun"
art nouveau,6,0.012,"noun,noun"
giving it,6,0.012,"verb,other"
features warm,6,0.012,"noun,adj"
see a,6,0.012,"noun,other"
figure with,6,0.012,"noun,other"
flowing hair,6,0.012,"verb,adj"
but it,6,0.012,"other,other"
her shoulders,6,0.012,"other,noun"
suggests an,6,0.012,"verb,other"
his ability,6,0.012,"other,noun"
of expressionism,6,0.012,"other,noun"
hat that,6,0.012,"other,other"
an almost,6,0.012,"other,adv"
simplified forms,6,0.012,"adj,noun"
in shades,6,0.012,"other,noun"
natural setting,6,0.012,"adj,verb"
close up,6,0.012,"adj,other"
which includes,6,0.012,"other,verb"
is in,6,0.012,"verb,other"
subjects the,6,0.012,"noun,other"
the warm,6,0.012,"other,adj"
effect the,6,0.012,"noun,other"
signature style,6,0.012,"noun,noun"
pattern that,6,0.012,"adj,other"
out prominently,6,0.012,"other,adv"
color light,6,0.012,"noun,adj"
a series,6,0.012,"other,noun"
of ukiyo,6,0.012,"other,adj"
peaceful atmosphere,6,0.012,"adj,adv"
scene and,6,0.012,"noun,other"
rich in,6,0.012,"adj,other"
an air,6,0.012,"other,noun"
air of,6,0.012,"noun,other"
of contemplation,6,0.012,"other,noun"
dramatic use,6,0.012,"adj,verb"
color to,6,0.012,"noun,other"
the fabric,6,0.012,"other,adj"
the artistic,6,0.012,"other,adj"
style known,6,0.012,"noun,verb"
depicted as,6,0.012,"verb,other"
related to,6,0.012,"adj,other"
could represent,6,0.012,"other,verb"
this painting,6,0.012,"other,verb"
to their,6,0.012,"other,other"
around them,6,0.012,"other,other"
male figure,6,0.012,"noun,noun"
was common,6,0.012,"verb,adj"
style and,6,0.012,"noun,other"
of their,6,0.012,"other,other"
convey a,6,0.012,"noun,other"
in their,6,0.012,"other,other"
that of,6,0.012,"other,other"
hand resting,6,0.012,"noun,verb"
on his,6,0.012,"other,other"
a landscape,6,0.012,"other,noun"
a dramatic,6,0.012,"other,adj"
deco aesthetic,6,0.012,"adj,adj"
the era,6,0.012,"other,verb"
a pink,6,0.012,"other,adj"
colors the,6,0.012,"noun,other"
woman reclining,6,0.012,"noun,verb"
side giving,6,0.012,"verb,verb"
simple yet,6,0.012,"noun,adv"
is common,6,0.012,"verb,adj"
the context,6,0.012,"other,adj"
context of,6,0.012,"adj,other"
and stylized,6,0.012,"other,verb"
of sophistication,6,0.012,"other,noun"
which stands,6,0.012,"other,verb"
point of,6,0.012,"noun,other"
a room,6,0.012,"other,noun"
that was,6,0.012,"other,verb"
girl sitting,6,0.012,"noun,verb"
hair styled,6,0.012,"adj,verb"
face the,6,0.012,"verb,other"
by clean,6,0.012,"other,verb"
style characteristic,6,0.012,"noun,adj"
long hair,6,0.012,"adj,adj"
a ruffled,6,0.012,"other,verb"
artist who,6,0.012,"noun,other"
who created,6,0.012,"other,verb"
dynamic and,6,0.012,"adj,other"
that she,6,0.012,"other,other"
draped with,6,0.012,"verb,other"
is positioned,6,0.012,"verb,verb"
woman has,6,0.012,"noun,verb"
against her,6,0.012,"other,other"
not visible,6,0.012,"adv,adj"
from this,6,0.012,"other,other"
overall sense,6,0.012,"adj,verb"
dream like,6,0.012,"noun,other"
setting that,6,0.012,"verb,other"
shown in,6,0.012,"verb,other"
three quarter,6,0.012,"other,noun"
typical for,6,0.012,"adj,other"
by shades,6,0.012,"other,noun"
of green,6,0.012,"other,adj"
are indicative,6,0.012,"verb,adj"
draws attention,6,0.012,"verb,noun"
attire she,6,0.012,"noun,other"
well known,6,0.012,"adv,verb"
pose is,6,0.012,"verb,verb"
despite the,6,0.012,"other,other"
which creates,6,0.012,"other,noun"
attire includes,6,0.012,"noun,verb"
shown from,6,0.012,"verb,other"
elements and,6,0.012,"noun,other"
which emphasizes,6,0.012,"other,verb"
includes what,6,0.012,"verb,other"
early 20th,6,0.012,"adj,other"
20th century,6,0.012,"other,noun"
genre which,6,0.012,"noun,other"
quiet contemplation,6,0.012,"adj,noun"
in which,6,0.012,"other,other"
with hints,6,0.012,"other,noun"
arranged in,6,0.012,"verb,other"
a pattern,6,0.012,"other,adj"
that provide,6,0.012,"other,verb"
that blend,6,0.012,"other,verb"
the edge,6,0.012,"other,noun"
lighter tones,6,0.012,"noun,noun"
innocence and,6,0.012,"noun,other"
the serene,6,0.012,"other,adj"
hinting at,6,0.012,"verb,other"
a wooden,6,0.012,"other,adj"
of early,6,0.012,"other,adj"
the depiction,6,0.012,"other,noun"
additional context,6,0.012,"adj,adj"
information about,6,0.012,"noun,other"
and dimension,6,0.012,"other,noun"
earthy tones,6,0.012,"noun,noun"
the upper,6,0.012,"other,adj"
muted tones,6,0.012,"verb,noun"
an adult,6,0.012,"other,noun"
are not,6,0.012,"verb,adv"
the three,6,0.012,"other,other"
realistic proportions,6,0.012,"adj,noun"
that would,6,0.012,"other,other"
the base,6,0.012,"other,adj"
base of,6,0.012,"adj,other"
a depiction,6,0.012,"other,noun"
the attention,6,0.012,"other,noun"
with attention,6,0.012,"other,noun"
within an,6,0.012,"other,other"
scene there,6,0.012,"noun,other"
intricate details,6,0.012,"noun,noun"
the lady,6,0.012,"other,adj"
and wears,6,0.012,"other,noun"
be engaged,6,0.012,"verb,verb"
sky above,6,0.012,"adj,other"
a bench,6,0.012,"other,noun"
calm and,6,0.012,"adj,other"
joaquín sorolla,6,0.012,"noun,noun"
daily life,6,0.012,"adv,noun"
sandy beach,6,0.012,"adj,noun"
movement in,6,0.012,"noun,other"
behind them,6,0.012,"other,other"
beach scene,6,0.012,"noun,noun"
formal or,6,0.012,"adj,other"
as they,6,0.012,"other,other"
them the,6,0.012,"other,other"
is lush,6,0.012,"verb,noun"
and its,6,0.012,"other,other"
life in,6,0.012,"noun,other"
seem to,6,0.012,"noun,other"
life with,6,0.012,"noun,other"
on top,6,0.012,"other,adj"
fruits and,6,0.012,"noun,other"
bright and,6,0.012,"verb,other"
the building,6,0.012,"other,noun"
covered with,6,0.012,"verb,other"
a larger,6,0.012,"other,adj"
in traditional,6,0.012,"other,adj"
dreamlike quality,6,0.012,"verb,noun"
s post,6,0.012,"noun,noun"
where he,6,0.012,"other,other"
his use,6,0.012,"other,verb"
seated comfortably,6,0.012,"verb,adv"
this approach,6,0.012,"other,noun"
to depict,6,0.012,"other,noun"
nature the,6,0.012,"adj,other"
the text,6,0.012,"other,other"
room the,6,0.012,"noun,other"
and expressive,6,0.012,"other,adj"
on its,6,0.012,"other,other"
s dress,6,0.012,"noun,noun"
visible at,6,0.012,"adj,other"
posture and,6,0.012,"noun,other"
flowers the,6,0.012,"noun,other"
the visual,6,0.012,"other,adj"
a yellow,6,0.012,"other,adj"
and colorful,6,0.012,"other,adj"
and subtle,6,0.012,"other,adj"
overall impression,6,0.012,"adj,noun"
lighting and,6,0.012,"verb,other"
and atmosphere,6,0.012,"other,adv"
details this,6,0.012,"noun,other"
of abstract,6,0.012,"other,adj"
an intimate,6,0.012,"other,verb"
of picasso,6,0.012,"other,noun"
that resembles,6,0.012,"other,noun"
mother and,6,0.012,"noun,other"
of warmth,6,0.012,"other,noun"
what could,6,0.012,"other,other"
be wearing,6,0.012,"verb,verb"
and upper,6,0.012,"other,adj"
upper body,6,0.012,"adj,noun"
a floral,6,0.012,"other,adj"
floral pattern,6,0.012,"adj,adj"
allows for,6,0.012,"verb,other"
simple shapes,6,0.012,"noun,noun"
of flat,6,0.012,"other,adj"
do it,6,0.012,"verb,other"
it yourself,6,0.012,"other,other"
graphic quality,6,0.012,"adj,noun"
warhol the,6,0.012,"noun,other"
and contemplative,6,0.012,"other,adj"
with lace,6,0.012,"other,noun"
its dramatic,6,0.012,"other,adj"
john singer,6,0.012,"noun,adj"
impressionist movement,6,0.012,"adj,noun"
lace or,6,0.012,"noun,other"
of van,6,0.012,"other,noun"
making it,5,0.01,"verb,other"
convey emotion,5,0.01,"noun,noun"
or similar,5,0.01,"other,adj"
are a,5,0.01,"verb,other"
a significant,5,0.01,"other,adj"
feature of,5,0.01,"noun,other"
modigliani s,5,0.01,"noun,noun"
giving an,5,0.01,"verb,other"
of calmness,5,0.01,"other,noun"
contemplation the,5,0.01,"noun,other"
quite muted,5,0.01,"adv,verb"
the white,5,0.01,"other,adj"
or significant,5,0.01,"other,adj"
and line,5,0.01,"other,noun"
invites viewers,5,0.01,"noun,noun"
body is,5,0.01,"noun,verb"
shoulders and,5,0.01,"noun,other"
head is,5,0.01,"noun,verb"
of dynamism,5,0.01,"other,noun"
distract from,5,0.01,"adj,other"
and elegance,5,0.01,"other,noun"
falls under,5,0.01,"verb,other"
human figures,5,0.01,"adj,noun"
form over,5,0.01,"noun,other"
detail this,5,0.01,"noun,other"
fascination with,5,0.01,"noun,other"
his work,5,0.01,"other,verb"
realistic representation,5,0.01,"adj,noun"
painting depicts,5,0.01,"verb,noun"
yet elegant,5,0.01,"adv,verb"
appearance the,5,0.01,"noun,other"
portrait is,5,0.01,"verb,verb"
minimalistic featuring,5,0.01,"adj,noun"
abstract representation,5,0.01,"adj,noun"
sky or,5,0.01,"adj,other"
expression the,5,0.01,"noun,other"
emotional intensity,5,0.01,"adj,noun"
art titled,5,0.01,"noun,verb"
and detailed,5,0.01,"other,adj"
tones the,5,0.01,"noun,other"
might suggest,5,0.01,"other,noun"
this central,5,0.01,"other,adj"
of yellow,5,0.01,"other,adj"
green which,5,0.01,"adj,other"
and soft,5,0.01,"other,adj"
are more,5,0.01,"verb,adv"
belongs to,5,0.01,"noun,other"
not fully,5,0.01,"adv,adv"
a close,5,0.01,"other,adj"
surrounding the,5,0.01,"verb,other"
or possibly,5,0.01,"other,adv"
structure that,5,0.01,"noun,other"
visual effect,5,0.01,"adj,noun"
allowing the,5,0.01,"verb,other"
detract from,5,0.01,"noun,other"
his works,5,0.01,"other,verb"
is attributed,5,0.01,"verb,verb"
house with,5,0.01,"noun,other"
the shoreline,5,0.01,"other,adj"
are several,5,0.01,"verb,adj"
that complements,5,0.01,"other,noun"
elements in,5,0.01,"noun,other"
in detail,5,0.01,"other,noun"
surface the,5,0.01,"noun,other"
is subtle,5,0.01,"verb,adj"
s skill,5,0.01,"noun,noun"
and red,5,0.01,"other,adj"
high collar,5,0.01,"adj,noun"
man is,5,0.01,"noun,verb"
thought or,5,0.01,"verb,other"
detail that,5,0.01,"noun,other"
high level,5,0.01,"adj,noun"
shadow the,5,0.01,"verb,other"
the red,5,0.01,"other,adj"
sophistication and,5,0.01,"noun,other"
a captivating,5,0.01,"other,verb"
a couch,5,0.01,"other,adj"
in classical,5,0.01,"other,adj"
present in,5,0.01,"adj,other"
the two,5,0.01,"other,other"
with each,5,0.01,"other,other"
shadow along,5,0.01,"verb,other"
art with,5,0.01,"noun,other"
a male,5,0.01,"other,noun"
suggesting he,5,0.01,"verb,other"
era the,5,0.01,"verb,other"
is looking,5,0.01,"verb,verb"
his head,5,0.01,"other,noun"
importance of,5,0.01,"noun,other"
parts of,5,0.01,"noun,other"
posture suggests,5,0.01,"noun,verb"
figure of,5,0.01,"noun,other"
under a,5,0.01,"other,other"
with dark,5,0.01,"other,adj"
is muted,5,0.01,"verb,verb"
one woman,5,0.01,"other,noun"
women are,5,0.01,"noun,verb"
lines that,5,0.01,"noun,other"
symmetry and,5,0.01,"noun,other"
proportions and,5,0.01,"noun,other"
turned to,5,0.01,"verb,other"
deco portraiture,5,0.01,"adj,verb"
s form,5,0.01,"noun,noun"
vivid colors,5,0.01,"other,noun"
depicting a,5,0.01,"noun,other"
deco movement,5,0.01,"adj,noun"
attire is,5,0.01,"noun,verb"
that emphasize,5,0.01,"other,verb"
interior space,5,0.01,"adj,noun"
by tamara,5,0.01,"other,verb"
looking directly,5,0.01,"verb,adv"
colors with,5,0.01,"noun,other"
deco characterized,5,0.01,"adj,verb"
arm resting,5,0.01,"noun,verb"
depicts two,5,0.01,"noun,other"
with feathers,5,0.01,"other,noun"
and style,5,0.01,"other,noun"
in loose,5,0.01,"other,adj"
or contemplative,5,0.01,"other,adj"
tones and,5,0.01,"noun,other"
and yellows,5,0.01,"other,noun"
textures of,5,0.01,"noun,other"
highlights the,5,0.01,"noun,other"
the folds,5,0.01,"other,noun"
created this,5,0.01,"verb,other"
with floral,5,0.01,"other,adj"
floral patterns,5,0.01,"adj,noun"
compared to,5,0.01,"verb,other"
a bold,5,0.01,"other,verb"
color scheme,5,0.01,"noun,adj"
in white,5,0.01,"other,adj"
details in,5,0.01,"noun,other"
and child,5,0.01,"other,noun"
a seated,5,0.01,"other,verb"
and simplicity,5,0.01,"other,noun"
the person,5,0.01,"other,noun"
or introspection,5,0.01,"other,noun"
s hair,5,0.01,"noun,adj"
overall aesthetic,5,0.01,"adj,adj"
subject which,5,0.01,"adj,other"
is unmistakably,5,0.01,"verb,adv"
limited color,5,0.01,"verb,noun"
clothing that,5,0.01,"verb,other"
her clothing,5,0.01,"other,verb"
decorative elements,5,0.01,"adj,noun"
it depicts,5,0.01,"other,noun"
this figure,5,0.01,"other,noun"
including a,5,0.01,"verb,other"
of serene,5,0.01,"other,adj"
which contrasts,5,0.01,"other,noun"
is contemplative,5,0.01,"verb,adj"
there appears,5,0.01,"other,verb"
of works,5,0.01,"other,verb"
works by,5,0.01,"verb,other"
garment with,5,0.01,"noun,other"
s edge,5,0.01,"noun,noun"
her eyes,5,0.01,"other,noun"
is holding,5,0.01,"verb,verb"
tones which,5,0.01,"noun,other"
which further,5,0.01,"other,adv"
a narrative,5,0.01,"other,adj"
an architectural,5,0.01,"other,adj"
eyes and,5,0.01,"noun,other"
turned towards,5,0.01,"verb,noun"
lighting in,5,0.01,"verb,other"
shape and,5,0.01,"noun,other"
figure from,5,0.01,"noun,other"
he might,5,0.01,"other,other"
is striking,5,0.01,"verb,verb"
work of,5,0.01,"verb,other"
a certain,5,0.01,"other,adj"
with ruffles,5,0.01,"other,noun"
maintaining a,5,0.01,"verb,other"
shapes the,5,0.01,"noun,other"
frame of,5,0.01,"noun,other"
style in,5,0.01,"noun,other"
her role,5,0.01,"other,noun"
further enhancing,5,0.01,"adv,verb"
relaxed and,5,0.01,"verb,other"
her hip,5,0.01,"other,noun"
holding what,5,0.01,"verb,other"
provide a,5,0.01,"verb,other"
edge of,5,0.01,"noun,other"
bottom of,5,0.01,"noun,other"
colors in,5,0.01,"noun,other"
artwork are,5,0.01,"noun,verb"
the dark,5,0.01,"other,adj"
in reading,5,0.01,"other,verb"
of innocence,5,0.01,"other,noun"
girl is,5,0.01,"noun,verb"
a glimpse,5,0.01,"other,adj"
with lush,5,0.01,"other,noun"
trees and,5,0.01,"noun,other"
focus of,5,0.01,"noun,other"
renaissance art,5,0.01,"noun,noun"
type of,5,0.01,"noun,other"
of artwork,5,0.01,"other,noun"
divided into,5,0.01,"verb,other"
on one,5,0.01,"other,other"
and foliage,5,0.01,"other,noun"
specific details,5,0.01,"adj,noun"
a single,5,0.01,"other,adj"
or historical,5,0.01,"other,adj"
dimension to,5,0.01,"noun,other"
and harmonious,5,0.01,"other,adj"
fine details,5,0.01,"verb,noun"
which helps,5,0.01,"other,verb"
quiet moment,5,0.01,"adj,noun"
that evoke,5,0.01,"other,verb"
of human,5,0.01,"other,adj"
st dominic,5,0.01,"verb,adj"
image this,5,0.01,"noun,other"
perspective and,5,0.01,"adj,other"
and perspective,5,0.01,"other,adj"
to explore,5,0.01,"other,other"
the grandeur,5,0.01,"other,noun"
on either,5,0.01,"other,other"
a group,5,0.01,"other,noun"
attire suggesting,5,0.01,"noun,verb"
this description,5,0.01,"other,noun"
face with,5,0.01,"verb,other"
expression and,5,0.01,"noun,other"
and features,5,0.01,"other,noun"
be the,5,0.01,"verb,other"
child who,5,0.01,"noun,other"
by her,5,0.01,"other,other"
details suggesting,5,0.01,"noun,verb"
and attire,5,0.01,"other,noun"
realism the,5,0.01,"noun,other"
figures the,5,0.01,"noun,other"
she may,5,0.01,"other,other"
and intricate,5,0.01,"other,noun"
has been,5,0.01,"verb,verb"
the dragon,5,0.01,"other,noun"
visible texts,5,0.01,"adj,noun"
scene on,5,0.01,"noun,other"
beach the,5,0.01,"noun,other"
with several,5,0.01,"other,adj"
shadow as,5,0.01,"verb,other"
light color,5,0.01,"adj,noun"
figures in,5,0.01,"noun,other"
with bright,5,0.01,"other,verb"
the sand,5,0.01,"other,noun"
is no,5,0.01,"verb,other"
water the,5,0.01,"noun,other"
suggesting they,5,0.01,"verb,other"
with pastel,5,0.01,"other,noun"
and peaceful,5,0.01,"other,adj"
a signature,5,0.01,"other,noun"
a horse,5,0.01,"other,noun"
lush with,5,0.01,"noun,other"
cooler tones,5,0.01,"verb,noun"
artwork conveys,5,0.01,"noun,noun"
an important,5,0.01,"other,adj"
light in,5,0.01,"adj,other"
soft hues,5,0.01,"adj,noun"
pastel hues,5,0.01,"noun,noun"
soft lighting,5,0.01,"adj,verb"
that features,5,0.01,"other,noun"
abstract manner,5,0.01,"adj,adj"
of paul,5,0.01,"other,verb"
from behind,5,0.01,"other,other"
life scene,5,0.01,"noun,noun"
a glass,5,0.01,"other,noun"
about to,5,0.01,"other,other"
are loose,5,0.01,"verb,adj"
are bright,5,0.01,"verb,verb"
through color,5,0.01,"other,noun"
with warm,5,0.01,"other,adj"
s unique,5,0.01,"noun,adj"
various objects,5,0.01,"adj,noun"
arranged on,5,0.01,"verb,other"
that often,5,0.01,"other,adv"
hues and,5,0.01,"noun,other"
seated in,5,0.01,"verb,other"
neckline and,5,0.01,"adj,other"
interplay between,5,0.01,"noun,other"
vase filled,5,0.01,"noun,verb"
blue sky,5,0.01,"noun,adj"
rich with,5,0.01,"adj,other"
s distinctive,5,0.01,"noun,adj"
into geometric,5,0.01,"other,adj"
and subject,5,0.01,"other,adj"
an expressionist,5,0.01,"other,verb"
color which,5,0.01,"noun,other"
marc chagall,5,0.01,"verb,verb"
the story,5,0.01,"other,noun"
setting possibly,5,0.01,"verb,adv"
the distance,5,0.01,"other,noun"
is serene,5,0.01,"verb,adj"
a human,5,0.01,"other,adj"
domestic setting,5,0.01,"adj,verb"
his subjects,5,0.01,"other,noun"
in motion,5,0.01,"other,noun"
one leg,5,0.01,"other,verb"
image that,5,0.01,"noun,other"
style where,5,0.01,"noun,other"
and emphasis,5,0.01,"other,noun"
women in,5,0.01,"noun,other"
domestic life,5,0.01,"adj,noun"
style it,5,0.01,"noun,other"
a grid,5,0.01,"other,adj"
than a,5,0.01,"other,other"
down at,5,0.01,"adv,other"
features such,5,0.01,"noun,adj"
bold and,5,0.01,"verb,other"
resembles a,5,0.01,"noun,other"
a flower,5,0.01,"other,verb"
abstract nature,5,0.01,"adj,adj"
a mother,5,0.01,"other,noun"
a stark,5,0.01,"other,adj"
stark contrast,5,0.01,"adj,noun"
woman sitting,5,0.01,"noun,verb"
her the,5,0.01,"other,other"
the impressionistic,5,0.01,"other,adj"
her work,5,0.01,"other,verb"
and dynamic,5,0.01,"other,adj"
contemplative mood,5,0.01,"adj,noun"
the space,5,0.01,"other,noun"
out technique,5,0.01,"other,noun"
the book,5,0.01,"other,noun"
a graphic,5,0.01,"other,adj"
is particularly,5,0.01,"verb,adv"
image has,5,0.01,"noun,verb"
ingrid bergman,5,0.01,"adj,adj"
the baroque,5,0.01,"other,noun"
child the,5,0.01,"noun,other"
a book,5,0.01,"other,noun"
by john,5,0.01,"other,noun"
an american,5,0.01,"other,adj"
cassatt was,5,0.01,"noun,verb"
the intimate,5,0.01,"other,verb"
bond between,5,0.01,"noun,other"
side the,5,0.01,"verb,other"
a formal,5,0.01,"other,adj"
moment between,5,0.01,"noun,other"
in japan,5,0.01,"other,verb"
paul gauguin,5,0.01,"verb,verb"
movement characterized,4,0.008,"noun,verb"
flowing lines,4,0.008,"verb,noun"
her form,4,0.008,"other,noun"
dress is,4,0.008,"noun,verb"
is predominantly,4,0.008,"verb,adv"
elegant and,4,0.008,"verb,other"
a fan,4,0.008,"other,noun"
and artistic,4,0.008,"other,adj"
through its,4,0.008,"other,other"
elongated forms,4,0.008,"verb,noun"
elongated and,4,0.008,"verb,other"
white of,4,0.008,"adj,other"
standing out,4,0.008,"verb,other"
darker background,4,0.008,"noun,noun"
figures or,4,0.008,"noun,other"
a key,4,0.008,"other,adj"
it also,4,0.008,"other,adv"
s body,4,0.008,"noun,noun"
form is,4,0.008,"noun,verb"
that cascades,4,0.008,"other,verb"
is slightly,4,0.008,"verb,adv"
by warm,4,0.008,"other,adj"
not distract,4,0.008,"adv,adj"
it appears,4,0.008,"other,verb"
soft light,4,0.008,"adj,adj"
form in,4,0.008,"noun,other"
body and,4,0.008,"noun,other"
provided features,4,0.008,"verb,noun"
than realistic,4,0.008,"other,adj"
with elongated,4,0.008,"other,verb"
a somewhat,4,0.008,"other,adv"
o keeffe,4,0.008,"adv,noun"
composed of,4,0.008,"verb,other"
works that,4,0.008,"verb,other"
and strong,4,0.008,"other,adj"
despite its,4,0.008,"other,other"
main subject,4,0.008,"adj,adj"
subject appears,4,0.008,"adj,verb"
composition this,4,0.008,"noun,other"
has intricate,4,0.008,"verb,noun"
give it,4,0.008,"verb,other"
surrounded by,4,0.008,"verb,other"
various other,4,0.008,"adj,adj"
purple and,4,0.008,"noun,other"
which may,4,0.008,"other,other"
subtle hints,4,0.008,"adj,noun"
inspired by,4,0.008,"verb,other"
painting featuring,4,0.008,"verb,noun"
the flower,4,0.008,"other,verb"
flowers with,4,0.008,"noun,other"
foliage or,4,0.008,"noun,other"
sharp angles,4,0.008,"adj,noun"
and clean,4,0.008,"other,verb"
on geometric,4,0.008,"other,adj"
the bright,4,0.008,"other,verb"
of fruit,4,0.008,"other,noun"
an intricate,4,0.008,"other,noun"
elements the,4,0.008,"noun,other"
to stand,4,0.008,"other,noun"
impressionism which,4,0.008,"noun,other"
a japanese,4,0.008,"other,adj"
not detract,4,0.008,"adv,noun"
by katsushika,4,0.008,"other,other"
artist known,4,0.008,"noun,verb"
art that,4,0.008,"noun,other"
the 17th,4,0.008,"other,other"
thatched roof,4,0.008,"verb,noun"
traditional japanese,4,0.008,"adj,adj"
the horizon,4,0.008,"other,noun"
detail from,4,0.008,"noun,other"
s surface,4,0.008,"noun,noun"
in capturing,4,0.008,"other,verb"
nose and,4,0.008,"verb,other"
that extends,4,0.008,"other,verb"
man s,4,0.008,"noun,noun"
in some,4,0.008,"other,other"
almost sculptural,4,0.008,"adv,adj"
late renaissance,4,0.008,"adj,noun"
detailed and,4,0.008,"adj,other"
and dramatic,4,0.008,"other,adj"
works of,4,0.008,"verb,other"
often depicted,4,0.008,"adv,verb"
classical mythology,4,0.008,"adj,noun"
and two,4,0.008,"other,other"
is standing,4,0.008,"verb,verb"
standing on,4,0.008,"verb,other"
possibly representing,4,0.008,"adv,verb"
the narrative,4,0.008,"other,adj"
are positioned,4,0.008,"verb,verb"
innocence or,4,0.008,"noun,other"
used to,4,0.008,"adj,other"
enhance the,4,0.008,"noun,other"
intricate designs,4,0.008,"noun,noun"
looking slightly,4,0.008,"verb,adv"
to his,4,0.008,"other,other"
his attire,4,0.008,"other,noun"
shading that,4,0.008,"verb,other"
are muted,4,0.008,"verb,verb"
from christian,4,0.008,"other,adj"
christian art,4,0.008,"adj,noun"
elongated figures,4,0.008,"verb,noun"
a similar,4,0.008,"other,adj"
another child,4,0.008,"other,noun"
figure who,4,0.008,"noun,other"
is directed,4,0.008,"verb,verb"
hip and,4,0.008,"noun,other"
with such,4,0.008,"other,adj"
deco era,4,0.008,"adj,verb"
lempicka tamara,4,0.008,"noun,verb"
woman appears,4,0.008,"noun,verb"
of intimacy,4,0.008,"other,noun"
attire that,4,0.008,"noun,other"
and streamlined,4,0.008,"other,verb"
modernity and,4,0.008,"noun,other"
elegance of,4,0.008,"noun,other"
the period,4,0.008,"other,noun"
emphasize the,4,0.008,"verb,other"
viewer she,4,0.008,"noun,other"
s features,4,0.008,"noun,noun"
a visually,4,0.008,"other,adv"
visually striking,4,0.008,"adv,verb"
us but,4,0.008,"other,other"
but her,4,0.008,"other,other"
of foliage,4,0.008,"other,noun"
are rich,4,0.008,"verb,adj"
and oranges,4,0.008,"other,verb"
highlight the,4,0.008,"noun,other"
of its,4,0.008,"other,other"
image captures,4,0.008,"noun,verb"
quiet intensity,4,0.008,"adj,noun"
convey the,4,0.008,"noun,other"
portrait in,4,0.008,"verb,other"
man named,4,0.008,"noun,verb"
lines bold,4,0.008,"noun,verb"
of modernity,4,0.008,"other,noun"
contrasting against,4,0.008,"verb,other"
and clothing,4,0.008,"other,verb"
which complements,4,0.008,"other,noun"
indicates that,4,0.008,"verb,other"
scene in,4,0.008,"noun,other"
is captured,4,0.008,"verb,verb"
of motion,4,0.008,"other,noun"
attire consists,4,0.008,"noun,verb"
artist tamara,4,0.008,"noun,verb"
strong lines,4,0.008,"adj,noun"
over it,4,0.008,"other,other"
has short,4,0.008,"verb,adj"
her legs,4,0.008,"other,noun"
a thoughtful,4,0.008,"other,noun"
indicating an,4,0.008,"verb,other"
muted colors,4,0.008,"verb,noun"
with subtle,4,0.008,"other,adj"
is distinctly,4,0.008,"verb,adv"
lempicka s,4,0.008,"noun,noun"
by artist,4,0.008,"other,noun"
lempicka the,4,0.008,"noun,other"
wears what,4,0.008,"noun,other"
of fashion,4,0.008,"other,noun"
fashion and,4,0.008,"noun,other"
sophistication the,4,0.008,"noun,other"
an expression,4,0.008,"other,noun"
expression that,4,0.008,"noun,other"
by earth,4,0.008,"other,noun"
which lends,4,0.008,"other,verb"
shadow is,4,0.008,"verb,verb"
highlighting the,4,0.008,"verb,other"
vibrant red,4,0.008,"adj,adj"
contemplative or,4,0.008,"adj,other"
folds of,4,0.008,"noun,other"
volume and,4,0.008,"noun,other"
depth the,4,0.008,"adj,other"
was popular,4,0.008,"verb,adj"
popular during,4,0.008,"adj,other"
movement or,4,0.008,"noun,other"
the fashion,4,0.008,"other,noun"
whites and,4,0.008,"noun,other"
the middle,4,0.008,"other,adj"
is draped,4,0.008,"verb,verb"
bold red,4,0.008,"verb,adj"
that matches,4,0.008,"other,noun"
white cloth,4,0.008,"adj,noun"
adding an,4,0.008,"verb,other"
contrasts sharply,4,0.008,"noun,adv"
authorship of,4,0.008,"noun,other"
individual s,4,0.008,"adj,noun"
is limited,4,0.008,"verb,verb"
an overall,4,0.008,"other,adj"
body the,4,0.008,"noun,other"
shading and,4,0.008,"verb,other"
like quality,4,0.008,"other,noun"
style as,4,0.008,"noun,other"
as evidenced,4,0.008,"other,verb"
evidenced by,4,0.008,"verb,other"
closely together,4,0.008,"adv,adv"
figure on,4,0.008,"noun,other"
quarter view,4,0.008,"noun,noun"
and their,4,0.008,"other,other"
the hair,4,0.008,"other,adj"
period with,4,0.008,"noun,other"
that complement,4,0.008,"other,noun"
complement the,4,0.008,"noun,other"
greens which,4,0.008,"noun,other"
effect that,4,0.008,"noun,other"
a guitar,4,0.008,"other,verb"
that drapes,4,0.008,"other,noun"
something outside,4,0.008,"noun,adj"
a central,4,0.008,"other,adj"
color are,4,0.008,"noun,verb"
high contrast,4,0.008,"adj,noun"
the green,4,0.008,"other,adj"
s interior,4,0.008,"noun,adj"
rich colors,4,0.008,"adj,noun"
green of,4,0.008,"adj,other"
often emphasizes,4,0.008,"adv,verb"
red garment,4,0.008,"adj,noun"
that accentuates,4,0.008,"other,verb"
landscape with,4,0.008,"noun,other"
a well,4,0.008,"other,adv"
hues the,4,0.008,"noun,other"
chair or,4,0.008,"noun,other"
gazes off,4,0.008,"verb,other"
women the,4,0.008,"noun,other"
limited palette,4,0.008,"verb,noun"
further enhances,4,0.008,"adv,verb"
feel of,4,0.008,"verb,other"
common theme,4,0.008,"adj,adj"
theme in,4,0.008,"adj,other"
of blues,4,0.008,"other,noun"
and grays,4,0.008,"other,noun"
contrast with,4,0.008,"noun,other"
the dynamic,4,0.008,"other,adj"
especially in,4,0.008,"adv,other"
features of,4,0.008,"noun,other"
minimalistic focusing,4,0.008,"adj,verb"
that conveys,4,0.008,"other,noun"
fitting for,4,0.008,"verb,other"
profile view,4,0.008,"adj,noun"
face she,4,0.008,"verb,other"
indeed a,4,0.008,"adv,other"
and has,4,0.008,"other,verb"
shadow in,4,0.008,"verb,other"
accentuates the,4,0.008,"verb,other"
colors which,4,0.008,"noun,other"
the more,4,0.008,"other,adv"
be gazing,4,0.008,"verb,verb"
stands on,4,0.008,"verb,other"
portrayals of,4,0.008,"noun,other"
with reds,4,0.008,"other,verb"
a rich,4,0.008,"other,adj"
is abstract,4,0.008,"verb,adj"
elements which,4,0.008,"noun,other"
dynamic visual,4,0.008,"adj,adj"
balanced and,4,0.008,"verb,other"
central figures,4,0.008,"adj,noun"
dress adorned,4,0.008,"noun,verb"
performance the,4,0.008,"noun,other"
contemplative expression,4,0.008,"adj,noun"
he holds,4,0.008,"other,verb"
the simplicity,4,0.008,"other,noun"
simplicity of,4,0.008,"noun,other"
a distinctive,4,0.008,"other,adj"
dressed as,4,0.008,"verb,other"
wearing traditional,4,0.008,"verb,adj"
complete with,4,0.008,"adj,other"
way the,4,0.008,"noun,other"
serene mood,4,0.008,"adj,noun"
flowers are,4,0.008,"noun,verb"
signature and,4,0.008,"noun,other"
red hair,4,0.008,"adj,adj"
classical attire,4,0.008,"adj,noun"
and warm,4,0.008,"other,adj"
and introspection,4,0.008,"other,noun"
is clearly,4,0.008,"verb,adv"
bold use,4,0.008,"verb,verb"
and lace,4,0.008,"other,noun"
glimpse of,4,0.008,"adj,other"
connection between,4,0.008,"noun,other"
of everyday,4,0.008,"other,adj"
arrangement of,4,0.008,"noun,other"
with green,4,0.008,"other,adj"
green leaves,4,0.008,"adj,verb"
domestic scene,4,0.008,"adj,noun"
created in,4,0.008,"verb,other"
this type,4,0.008,"other,noun"
up to,4,0.008,"other,other"
during this,4,0.008,"other,other"
uccello s,4,0.008,"adj,noun"
that falls,4,0.008,"other,verb"
a halo,4,0.008,"other,adj"
to this,4,0.008,"other,other"
shadows on,4,0.008,"verb,other"
dark which,4,0.008,"adj,other"
with muted,4,0.008,"other,verb"
calmness and,4,0.008,"noun,other"
a symbol,4,0.008,"other,verb"
and realistic,4,0.008,"other,adj"
is raised,4,0.008,"verb,verb"
backdrop for,4,0.008,"noun,other"
perspective which,4,0.008,"adj,other"
rendering of,4,0.008,"verb,other"
fine detail,4,0.008,"verb,noun"
which appears,4,0.008,"other,verb"
not clear,4,0.008,"adv,adj"
the statue,4,0.008,"other,verb"
of figures,4,0.008,"other,noun"
the body,4,0.008,"other,noun"
or other,4,0.008,"other,adj"
directed off,4,0.008,"verb,other"
headdress that,4,0.008,"noun,other"
that covers,4,0.008,"other,noun"
most of,4,0.008,"adv,other"
young child,4,0.008,"adj,noun"
painting which,4,0.008,"verb,other"
or simply,4,0.008,"other,adv"
a decorative,4,0.008,"other,adj"
composition with,4,0.008,"noun,other"
precise details,4,0.008,"adj,noun"
art styles,4,0.008,"noun,noun"
background shows,4,0.008,"noun,verb"
an elaborate,4,0.008,"other,noun"
s wearing,4,0.008,"noun,verb"
like flowers,4,0.008,"other,noun"
flowers or,4,0.008,"noun,other"
be from,4,0.008,"verb,other"
patterns the,4,0.008,"noun,other"
and to,4,0.008,"other,other"
a rocky,4,0.008,"other,adj"
landscape around,4,0.008,"noun,other"
effect of,4,0.008,"noun,other"
them is,4,0.008,"other,verb"
painting there,4,0.008,"verb,other"
a beach,4,0.008,"other,noun"
woman sits,4,0.008,"noun,noun"
expanse of,4,0.008,"adj,other"
a calm,4,0.008,"other,adj"
day at,4,0.008,"noun,other"
by visible,4,0.008,"other,adj"
the emphasis,4,0.008,"other,noun"
light is,4,0.008,"adj,verb"
boats are,4,0.008,"noun,verb"
are primarily,4,0.008,"verb,adv"
and they,4,0.008,"other,other"
boats or,4,0.008,"noun,other"
sea the,4,0.008,"noun,other"
visible text,4,0.008,"adj,other"
scene that,4,0.008,"noun,other"
are three,4,0.008,"verb,other"
three figures,4,0.008,"other,noun"
shadows and,4,0.008,"verb,other"
that focus,4,0.008,"other,noun"
by two,4,0.008,"other,other"
viewer and,4,0.008,"noun,other"
child is,4,0.008,"noun,verb"
is well,4,0.008,"verb,adv"
scenes and,4,0.008,"noun,other"
two young,4,0.008,"other,adj"
young girls,4,0.008,"adj,verb"
with blues,4,0.008,"other,noun"
broad brushstrokes,4,0.008,"adj,noun"
clearly visible,4,0.008,"adv,adj"
of harmony,4,0.008,"other,noun"
and nature,4,0.008,"other,adj"
you can,4,0.008,"other,other"
and flowers,4,0.008,"other,noun"
they might,4,0.008,"other,other"
painted with,4,0.008,"verb,other"
with loose,4,0.008,"other,adj"
gives a,4,0.008,"verb,other"
would be,4,0.008,"other,verb"
the tranquil,4,0.008,"other,noun"
of calm,4,0.008,"other,adj"
the quiet,4,0.008,"other,adj"
the soft,4,0.008,"other,adj"
emphasizes light,4,0.008,"verb,adj"
scene rather,4,0.008,"noun,adv"
fruits including,4,0.008,"noun,verb"
choice of,4,0.008,"noun,other"
suggest that,4,0.008,"noun,other"
than detail,4,0.008,"other,noun"
by paul,4,0.008,"other,verb"
often focused,4,0.008,"adv,verb"
various elements,4,0.008,"adj,noun"
of cezanne,4,0.008,"other,noun"
a post,4,0.008,"other,noun"
partially obscured,4,0.008,"adv,verb"
obscured by,4,0.008,"verb,other"
greenery and,4,0.008,"noun,other"
and trees,4,0.008,"other,noun"
the architecture,4,0.008,"other,noun"
sky the,4,0.008,"adj,other"
a rural,4,0.008,"other,adj"
also includes,4,0.008,"adv,verb"
and other,4,0.008,"other,adj"
and visible,4,0.008,"other,adj"
wide brim,4,0.008,"adj,adj"
ruffled collar,4,0.008,"verb,noun"
a loose,4,0.008,"other,adj"
typical elements,4,0.008,"adj,noun"
which contributes,4,0.008,"other,noun"
a mirror,4,0.008,"other,noun"
palette dominated,4,0.008,"noun,verb"
between light,4,0.008,"other,adj"
is part,4,0.008,"verb,noun"
a collar,4,0.008,"other,noun"
its color,4,0.008,"other,noun"
vivid and,4,0.008,"other,other"
and loose,4,0.008,"other,adj"
a visible,4,0.008,"other,adj"
form of,4,0.008,"noun,other"
cubist style,4,0.008,"noun,noun"
with trees,4,0.008,"other,noun"
features soft,4,0.008,"noun,adj"
at something,4,0.008,"other,noun"
skin and,4,0.008,"noun,other"
of warm,4,0.008,"other,adj"
work is,4,0.008,"verb,verb"
light creates,4,0.008,"adj,noun"
the naïve,4,0.008,"other,noun"
a house,4,0.008,"other,noun"
open to,4,0.008,"adj,other"
size and,4,0.008,"noun,other"
plant with,4,0.008,"noun,other"
contrasting colors,4,0.008,"verb,noun"
the surreal,4,0.008,"other,adj"
of chagall,4,0.008,"other,verb"
stands a,4,0.008,"verb,other"
on it,4,0.008,"other,other"
in blue,4,0.008,"other,noun"
in thought,4,0.008,"other,verb"
s presence,4,0.008,"noun,noun"
difficult to,4,0.008,"adj,other"
art or,4,0.008,"noun,other"
comfortably on,4,0.008,"adv,other"
including what,4,0.008,"verb,other"
the floor,4,0.008,"other,noun"
the clock,4,0.008,"other,noun"
features an,4,0.008,"noun,other"
placed in,4,0.008,"verb,other"
art and,4,0.008,"noun,other"
gives it,4,0.008,"verb,other"
but rather,4,0.008,"other,adv"
in terms,4,0.008,"other,noun"
terms of,4,0.008,"noun,other"
particular artwork,4,0.008,"adj,noun"
night sky,4,0.008,"noun,adj"
scattered throughout,4,0.008,"verb,other"
presented in,4,0.008,"verb,other"
flowers which,4,0.008,"noun,other"
piece a,4,0.008,"noun,other"
a variety,4,0.008,"other,verb"
variety of,4,0.008,"verb,other"
visual impact,4,0.008,"adj,noun"
impact of,4,0.008,"noun,other"
is expressive,4,0.008,"verb,adj"
strokes that,4,0.008,"noun,other"
an expressive,4,0.008,"other,adj"
and seems,4,0.008,"other,verb"
holds in,4,0.008,"verb,other"
she might,4,0.008,"other,other"
manner that,4,0.008,"adj,other"
shared depicts,4,0.008,"verb,noun"
simple lines,4,0.008,"noun,noun"
of life,4,0.008,"other,noun"
movement to,4,0.008,"noun,other"
solid color,4,0.008,"adj,noun"
found in,4,0.008,"verb,other"
degas s,4,0.008,"noun,noun"
a domestic,4,0.008,"other,adj"
might represent,4,0.008,"other,verb"
or mythological,4,0.008,"other,adj"
into a,4,0.008,"other,other"
her performance,4,0.008,"other,noun"
ballet dancers,4,0.008,"noun,noun"
and this,4,0.008,"other,other"
depicts an,4,0.008,"noun,other"
of ballet,4,0.008,"other,noun"
effect rather,4,0.008,"noun,adv"
ethereal quality,4,0.008,"noun,noun"
just a,4,0.008,"adv,other"
woman engrossed,4,0.008,"noun,verb"
of domestic,4,0.008,"other,adj"
pastel colors,4,0.008,"noun,noun"
woman stands,4,0.008,"noun,verb"
blocks of,4,0.008,"noun,other"
yellow blue,4,0.008,"adj,noun"
manner the,4,0.008,"adj,other"
s important,4,0.008,"noun,adj"
important to,4,0.008,"adj,other"
to note,4,0.008,"other,noun"
and facial,4,0.008,"other,adj"
during his,4,0.008,"other,other"
palette includes,4,0.008,"noun,verb"
forms that,4,0.008,"noun,other"
by pablo,4,0.008,"other,adj"
looking down,4,0.008,"verb,adv"
the neoclassical,4,0.008,"other,noun"
the drapery,4,0.008,"other,noun"
woman depicted,4,0.008,"noun,verb"
profile facing,4,0.008,"adj,verb"
right hand,4,0.008,"adj,noun"
the rest,4,0.008,"other,noun"
rest of,4,0.008,"noun,other"
of neoclassicism,4,0.008,"other,noun"
mother s,4,0.008,"noun,noun"
with clouds,4,0.008,"other,adj"
time period,4,0.008,"noun,noun"
to provide,4,0.008,"other,verb"
looking at,4,0.008,"verb,other"
and muted,4,0.008,"other,verb"
pastel like,4,0.008,"noun,other"
textures and,4,0.008,"noun,other"
young boy,4,0.008,"adj,adj"
soft focus,4,0.008,"adj,noun"
a renowned,4,0.008,"other,verb"
work which,4,0.008,"verb,other"
itself is,4,0.008,"other,verb"
open book,4,0.008,"adj,noun"
a work,4,0.008,"other,verb"
blue which,4,0.008,"noun,other"
s another,4,0.008,"noun,other"
flowers adding,4,0.008,"noun,verb"
their own,4,0.008,"other,adj"
left hand,4,0.008,"verb,noun"
mood the,4,0.008,"noun,other"
a lush,4,0.008,"other,noun"
garden or,4,0.008,"noun,other"
a tropical,4,0.008,"other,adj"
nature and,4,0.008,"adj,other"
spontaneous automatic,4,0.008,"adj,adj"
automatic or,4,0.008,"adj,other"
or subconscious,4,0.008,"other,adj"
subconscious creation,4,0.008,"adj,noun"
an artwork,4,0.008,"other,noun"
abstract expressionist,4,0.008,"adj,verb"
and sleeves,4,0.008,"other,noun"
artwork uses,4,0.008,"noun,noun"
with nature,4,0.008,"other,adj"
particularly striking,4,0.008,"adv,verb"
technique allows,4,0.008,"noun,verb"
in bold,4,0.008,"other,verb"
clouds and,4,0.008,"adj,other"
corner there,4,0.008,"noun,other"
of andy,4,0.008,"other,noun"
the iconic,4,0.008,"other,adj"
hat and,4,0.008,"other,other"
of baroque,4,0.008,"other,noun"
baroque art,4,0.008,"noun,noun"
diego velazquez,4,0.008,"noun,noun"
was active,4,0.008,"verb,adj"
a bed,4,0.008,"other,verb"
the angel,4,0.008,"other,other"
s most,4,0.008,"noun,adv"
mood and,4,0.008,"noun,other"
realistic style,4,0.008,"adj,noun"
lady macbeth,4,0.008,"adj,noun"
a palace,4,0.008,"other,noun"
the bridge,4,0.008,"other,noun"
by soft,4,0.008,"other,adj"
signed mary,4,0.008,"verb,adj"
painter and,4,0.008,"noun,other"
and printmaker,4,0.008,"other,noun"
cassatt in,4,0.008,"noun,other"
than focusing,4,0.008,"other,verb"
artist mary,4,0.008,"noun,adj"
the garden,4,0.008,"other,noun"
cassatt is,4,0.008,"noun,verb"
scene overall,4,0.008,"noun,adj"
women and,4,0.008,"noun,other"
the boat,4,0.008,"other,verb"
blue hat,4,0.008,"noun,other"
the ukiyo,4,0.008,"other,adj"
gauguin s,4,0.008,"verb,noun"
water around,3,0.006,"noun,other"
it an,3,0.006,"other,other"
of orange,3,0.006,"other,noun"
with geometric,3,0.006,"other,adj"
a testament,3,0.006,"other,adj"
testament to,3,0.006,"adj,other"
captures not,3,0.006,"verb,adv"
her character,3,0.006,"other,noun"
painting by,3,0.006,"verb,other"
by amedeo,3,0.006,"other,noun"
amedeo modigliani,3,0.006,"noun,noun"
and it,3,0.006,"other,other"
and simplified,3,0.006,"other,adj"
expression in,3,0.006,"noun,other"
large eyes,3,0.006,"adj,noun"
eyes that,3,0.006,"noun,other"
of modigliani,3,0.006,"other,noun"
his distinctive,3,0.006,"other,adj"
no other,3,0.006,"other,adj"
objects in,3,0.006,"noun,other"
emotion through,3,0.006,"noun,other"
key aspect,3,0.006,"adj,verb"
aspect of,3,0.006,"verb,other"
emotional state,3,0.006,"adj,noun"
is both,3,0.006,"verb,other"
abstract and,3,0.006,"adj,other"
artwork falls,3,0.006,"noun,verb"
as its,3,0.006,"other,other"
line and,3,0.006,"noun,other"
human body,3,0.006,"adj,noun"
expressionism the,3,0.006,"noun,other"
often focuses,3,0.006,"adv,noun"
emotional experience,3,0.006,"adj,noun"
her appearance,3,0.006,"other,noun"
somewhat subdued,3,0.006,"adv,verb"
and quiet,3,0.006,"other,adj"
a sky,3,0.006,"other,adj"
viewer to,3,0.006,"noun,other"
to focus,3,0.006,"other,noun"
georgia o,3,0.006,"adj,adv"
which provides,3,0.006,"other,verb"
movement known,3,0.006,"noun,verb"
matter the,3,0.006,"noun,other"
strong colors,3,0.006,"adj,noun"
quality despite,3,0.006,"noun,other"
precisionism the,3,0.006,"noun,other"
and organic,3,0.006,"other,adj"
of pink,3,0.006,"other,adj"
or flower,3,0.006,"other,verb"
not clearly,3,0.006,"adv,adv"
are subtle,3,0.006,"verb,adj"
a surface,3,0.006,"other,noun"
plant life,3,0.006,"noun,noun"
visible on,3,0.006,"adj,other"
align with,3,0.006,"noun,other"
what is,3,0.006,"other,verb"
featuring two,3,0.006,"noun,other"
in full,3,0.006,"other,adj"
side there,3,0.006,"verb,other"
the floral,3,0.006,"other,adj"
s title,3,0.006,"noun,noun"
with meticulous,3,0.006,"other,adj"
angles and,3,0.006,"noun,other"
the tree,3,0.006,"other,verb"
surroundings the,3,0.006,"noun,other"
is relatively,3,0.006,"verb,adv"
pieces of,3,0.006,"noun,other"
oranges and,3,0.006,"verb,other"
plate with,3,0.006,"noun,other"
floral elements,3,0.006,"adj,noun"
prominently the,3,0.006,"adv,other"
series of,3,0.006,"noun,other"
a simplified,3,0.006,"other,adj"
that reflects,3,0.006,"other,verb"
techniques the,3,0.006,"noun,other"
of white,3,0.006,"other,adj"
suggesting movement,3,0.006,"verb,noun"
bottom left,3,0.006,"noun,verb"
a famous,3,0.006,"other,adj"
e style,3,0.006,"verb,noun"
landscape scene,3,0.006,"noun,noun"
scene likely,3,0.006,"noun,adj"
hokusai the,3,0.006,"noun,other"
of japanese,3,0.006,"other,adj"
small boat,3,0.006,"adj,verb"
for both,3,0.006,"other,other"
landscape and,3,0.006,"noun,other"
be either,3,0.006,"verb,other"
a palette,3,0.006,"other,noun"
and natural,3,0.006,"other,adj"
natural beauty,3,0.006,"adj,noun"
skill in,3,0.006,"noun,other"
attire with,3,0.006,"noun,other"
depicted from,3,0.006,"verb,other"
the chest,3,0.006,"other,adj"
his facial,3,0.006,"other,adj"
with precision,3,0.006,"other,noun"
being the,3,0.006,"verb,other"
of detail,3,0.006,"other,noun"
clothing which,3,0.006,"verb,other"
has skillfully,3,0.006,"verb,adv"
skillfully used,3,0.006,"adv,adj"
to highlight,3,0.006,"other,noun"
particularly in,3,0.006,"adv,other"
painting overall,3,0.006,"verb,adj"
overall this,3,0.006,"adj,other"
it portrays,3,0.006,"other,verb"
s titled,3,0.006,"noun,verb"
painting features,3,0.006,"verb,noun"
several figures,3,0.006,"adj,noun"
typical in,3,0.006,"adj,other"
time the,3,0.006,"noun,other"
love and,3,0.006,"verb,other"
role in,3,0.006,"noun,other"
man and,3,0.006,"noun,other"
children the,3,0.006,"noun,other"
luxury and,3,0.006,"noun,other"
in clothing,3,0.006,"other,verb"
scene this,3,0.006,"noun,other"
a prime,3,0.006,"other,adj"
prime example,3,0.006,"adj,noun"
of how,3,0.006,"other,other"
of classical,3,0.006,"other,adj"
the renaissance,3,0.006,"other,noun"
figure dressed,3,0.006,"noun,verb"
period when,3,0.006,"noun,other"
his right,3,0.006,"other,adj"
viewer giving,3,0.006,"noun,verb"
the observer,3,0.006,"other,other"
classical architectural,3,0.006,"adj,adj"
where artists,3,0.006,"other,noun"
status and,3,0.006,"noun,other"
their subjects,3,0.006,"other,noun"
demeanor the,3,0.006,"adj,other"
of many,3,0.006,"other,adj"
sought to,3,0.006,"verb,other"
with rich,3,0.006,"other,adj"
elegantly around,3,0.006,"adv,other"
mary is,3,0.006,"adj,verb"
is often,3,0.006,"verb,adv"
here the,3,0.006,"adv,other"
of jesus,3,0.006,"other,noun"
above them,3,0.006,"other,other"
gaze is,3,0.006,"noun,verb"
he appears,3,0.006,"other,verb"
profile with,3,0.006,"adj,other"
an object,3,0.006,"other,adj"
sky filled,3,0.006,"adj,verb"
a time,3,0.006,"other,noun"
the stylized,3,0.006,"other,verb"
and elongated,3,0.006,"other,verb"
this art,3,0.006,"other,noun"
artist de,3,0.006,"noun,other"
in attire,3,0.006,"other,noun"
their clothing,3,0.006,"other,verb"
features architectural,3,0.006,"noun,adj"
her elegance,3,0.006,"other,noun"
has captured,3,0.006,"verb,verb"
captured the,3,0.006,"verb,other"
features with,3,0.006,"noun,other"
figure has,3,0.006,"noun,verb"
upper class,3,0.006,"adj,noun"
and allure,3,0.006,"other,verb"
portrayed with,3,0.006,"verb,other"
a suit,3,0.006,"other,noun"
setting of,3,0.006,"verb,other"
highlights that,3,0.006,"noun,other"
a study,3,0.006,"other,verb"
ambiance of,3,0.006,"noun,other"
painter known,3,0.006,"noun,verb"
her portraits,3,0.006,"other,noun"
of various,3,0.006,"other,adj"
members of,3,0.006,"noun,other"
the 1920s,3,0.006,"other,other"
1920s and,3,0.006,"other,other"
and 1930s,3,0.006,"other,other"
and symmetry,3,0.006,"other,noun"
pose with,3,0.006,"verb,other"
above her,3,0.006,"other,other"
draped fabric,3,0.006,"verb,adj"
and fluidity,3,0.006,"other,noun"
fluidity the,3,0.006,"noun,other"
with dominant,3,0.006,"other,verb"
colored clothing,3,0.006,"adj,verb"
often featuring,3,0.006,"adv,noun"
short hair,3,0.006,"adj,adj"
crossed at,3,0.006,"verb,other"
thoughtful expression,3,0.006,"noun,noun"
and dimensionality,3,0.006,"other,noun"
lines smooth,3,0.006,"noun,adj"
corner confirming,3,0.006,"noun,verb"
the bed,3,0.006,"other,verb"
bed the,3,0.006,"verb,other"
with art,3,0.006,"other,noun"
a plain,3,0.006,"other,noun"
wall with,3,0.006,"noun,other"
a slight,3,0.006,"other,adj"
left has,3,0.006,"verb,verb"
her an,3,0.006,"other,other"
one shoulder,3,0.006,"other,noun"
right has,3,0.006,"adj,verb"
gazes directly,3,0.006,"verb,adv"
dark jacket,3,0.006,"adj,noun"
with broad,3,0.006,"other,adj"
fashion trends,3,0.006,"noun,noun"
the women,3,0.006,"other,noun"
relaxed pose,3,0.006,"verb,verb"
complexion and,3,0.006,"noun,other"
often features,3,0.006,"adv,noun"
s gaze,3,0.006,"noun,noun"
lighting highlights,3,0.006,"verb,noun"
contemplation her,3,0.006,"noun,other"
updo and,3,0.006,"adj,other"
wide brimmed,3,0.006,"adj,verb"
brimmed hat,3,0.006,"verb,other"
patterns and,3,0.006,"noun,other"
could symbolize,3,0.006,"other,verb"
reds blues,3,0.006,"verb,noun"
is the,3,0.006,"verb,other"
design and,3,0.006,"noun,other"
painted by,3,0.006,"verb,other"
skin tone,3,0.006,"noun,noun"
robe that,3,0.006,"noun,other"
matches the,3,0.006,"noun,other"
a harmonious,3,0.006,"other,adj"
arms she,3,0.006,"noun,other"
her surroundings,3,0.006,"other,noun"
her authorship,3,0.006,"other,noun"
balanced with,3,0.006,"verb,other"
leading the,3,0.006,"verb,other"
top to,3,0.006,"adj,other"
seated pose,3,0.006,"verb,verb"
simplicity the,3,0.006,"noun,other"
introspection the,3,0.006,"noun,other"
styled neatly,3,0.006,"verb,adv"
yet striking,3,0.006,"adv,verb"
cool tones,3,0.006,"noun,noun"
strong contrast,3,0.006,"adj,noun"
color range,3,0.006,"noun,verb"
a bird,3,0.006,"other,noun"
comfort and,3,0.006,"noun,other"
the elegance,3,0.006,"other,noun"
and contrast,3,0.006,"other,noun"
a boat,3,0.006,"other,verb"
and modernity,3,0.006,"other,noun"
to give,3,0.006,"other,verb"
and body,3,0.006,"other,noun"
background appears,3,0.006,"noun,verb"
playing a,3,0.006,"noun,other"
blue garment,3,0.006,"noun,noun"
intense gaze,3,0.006,"verb,noun"
the guitar,3,0.006,"other,verb"
it as,3,0.006,"other,other"
scheme is,3,0.006,"adj,verb"
which contribute,3,0.006,"other,noun"
woman styled,3,0.006,"noun,verb"
fabric that,3,0.006,"adj,other"
interior setting,3,0.006,"adj,verb"
with high,3,0.006,"other,adj"
a headscarf,3,0.006,"other,noun"
is dramatic,3,0.006,"verb,adj"
dramatic with,3,0.006,"adj,other"
lips her,3,0.006,"verb,other"
is neutral,3,0.006,"verb,adj"
lines geometric,3,0.006,"noun,adj"
dr boucard,3,0.006,"noun,adv"
of concentration,3,0.006,"other,noun"
which draws,3,0.006,"other,verb"
the lines,3,0.006,"other,noun"
shapes within,3,0.006,"noun,other"
of which,3,0.006,"other,other"
fur trim,3,0.006,"adj,verb"
is relaxed,3,0.006,"verb,verb"
depictions of,3,0.006,"noun,other"
includes bold,3,0.006,"verb,verb"
on warm,3,0.006,"other,adj"
luxurious feel,3,0.006,"adj,verb"
shadow creates,3,0.006,"verb,noun"
titled portrait,3,0.006,"verb,verb"
elegant attire,3,0.006,"verb,noun"
grays which,3,0.006,"noun,other"
of fabric,3,0.006,"other,adj"
features two,3,0.006,"noun,other"
to remain,3,0.006,"other,verb"
flat planes,3,0.006,"adj,noun"
characteristic features,3,0.006,"adj,noun"
holding the,3,0.006,"verb,other"
elegantly dressed,3,0.006,"adv,verb"
her neck,3,0.006,"other,noun"
streamlined forms,3,0.006,"verb,noun"
to emphasize,3,0.006,"other,verb"
figure seated,3,0.006,"noun,verb"
colors typical,3,0.006,"noun,adj"
the shoulders,3,0.006,"other,noun"
collar suggesting,3,0.006,"noun,verb"
be dressed,3,0.006,"verb,verb"
of clothing,3,0.006,"other,verb"
focusing attention,3,0.006,"verb,noun"
an artist,3,0.006,"other,noun"
clear outlines,3,0.006,"adj,verb"
feel the,3,0.006,"verb,other"
corner indicates,3,0.006,"noun,verb"
the intricate,3,0.006,"other,noun"
viewer creating,3,0.006,"noun,verb"
artwork she,3,0.006,"noun,other"
abstract forms,3,0.006,"adj,noun"
tones such,3,0.006,"noun,adj"
while maintaining,3,0.006,"other,verb"
thoughtful or,3,0.006,"noun,other"
as he,3,0.006,"other,other"
he gazes,3,0.006,"other,verb"
setting or,3,0.006,"verb,other"
atmosphere that,3,0.006,"adv,other"
act of,3,0.006,"noun,other"
forms of,3,0.006,"noun,other"
composition of,3,0.006,"noun,other"
capture a,3,0.006,"noun,other"
an era,3,0.006,"other,verb"
depicted wearing,3,0.006,"verb,verb"
something beyond,3,0.006,"noun,other"
piece was,3,0.006,"noun,verb"
used these,3,0.006,"adj,other"
the physical,3,0.006,"other,adj"
appearance of,3,0.006,"noun,other"
also a,3,0.006,"adv,other"
legs crossed,3,0.006,"noun,verb"
a neutral,3,0.006,"other,adj"
has signed,3,0.006,"verb,verb"
painting of,3,0.006,"verb,other"
are arranged,3,0.006,"verb,verb"
flowing red,3,0.006,"verb,adj"
a garment,3,0.006,"other,noun"
from an,3,0.006,"other,other"
on earth,3,0.006,"other,noun"
blend into,3,0.006,"verb,other"
a body,3,0.006,"other,noun"
displays a,3,0.006,"noun,other"
a bowl,3,0.006,"other,noun"
striking contrast,3,0.006,"verb,noun"
emphasizing their,3,0.006,"verb,other"
open window,3,0.006,"adj,verb"
immersed in,3,0.006,"verb,other"
book or,3,0.006,"noun,other"
be indoors,3,0.006,"verb,noun"
on which,3,0.006,"other,other"
and another,3,0.006,"other,other"
the window,3,0.006,"other,verb"
lush trees,3,0.006,"noun,noun"
this artistic,3,0.006,"other,adj"
artistic genre,3,0.006,"adj,noun"
a personal,3,0.006,"other,adj"
beautifully captures,3,0.006,"adv,verb"
backdrop of,3,0.006,"noun,other"
placed on,3,0.006,"verb,other"
table the,3,0.006,"noun,other"
the vase,3,0.006,"other,noun"
holds an,3,0.006,"verb,other"
subject in,3,0.006,"adj,other"
meant to,3,0.006,"verb,other"
of christ,3,0.006,"other,noun"
christ on,3,0.006,"noun,other"
motif in,3,0.006,"noun,other"
are framed,3,0.006,"verb,verb"
leading up,3,0.006,"verb,other"
please note,3,0.006,"noun,noun"
meticulously rendered,3,0.006,"adv,verb"
harmonious with,3,0.006,"adj,other"
period characterized,3,0.006,"noun,verb"
soft shadows,3,0.006,"adj,verb"
of three,3,0.006,"other,other"
representation the,3,0.006,"noun,other"
study the,3,0.006,"verb,other"
realism and,3,0.006,"noun,other"
are some,3,0.006,"verb,other"
purity and,3,0.006,"noun,other"
role as,3,0.006,"noun,other"
from its,3,0.006,"other,other"
subject without,3,0.006,"adj,other"
without any,3,0.006,"other,other"
with darker,3,0.006,"other,noun"
further emphasizes,3,0.006,"adv,verb"
st francis,3,0.006,"verb,adj"
serves as,3,0.006,"noun,other"
dimensional quality,3,0.006,"adj,noun"
of paolo,3,0.006,"other,noun"
work known,3,0.006,"verb,verb"
and space,3,0.006,"other,noun"
would have,3,0.006,"other,verb"
with fine,3,0.006,"other,verb"
the knight,3,0.006,"other,adj"
the specific,3,0.006,"other,adj"
and structure,3,0.006,"other,noun"
structure to,3,0.006,"noun,other"
typically associated,3,0.006,"adv,adj"
seeks to,3,0.006,"verb,other"
art specifically,3,0.006,"noun,adv"
state of,3,0.006,"noun,other"
folds and,3,0.006,"noun,other"
that while,3,0.006,"other,other"
i can,3,0.006,"adj,other"
s not,3,0.006,"noun,adv"
young man,3,0.006,"adj,noun"
he has,3,0.006,"other,verb"
head the,3,0.006,"noun,other"
the realistic,3,0.006,"other,adj"
realistic portrayal,3,0.006,"adj,adj"
period in,3,0.006,"noun,other"
dark blue,3,0.006,"adj,noun"
are set,3,0.006,"verb,noun"
an ornate,3,0.006,"other,verb"
skill and,3,0.006,"noun,other"
the influence,3,0.006,"other,noun"
of space,3,0.006,"other,noun"
depicted the,3,0.006,"verb,other"
intended to,3,0.006,"verb,other"
details of,3,0.006,"noun,other"
given her,3,0.006,"verb,other"
clothing she,3,0.006,"verb,other"
blonde hair,3,0.006,"noun,adj"
a headdress,3,0.006,"other,noun"
the rich,3,0.006,"other,adj"
s beauty,3,0.006,"noun,noun"
to it,3,0.006,"other,other"
her and,3,0.006,"other,other"
slightly behind,3,0.006,"adv,other"
dramatic effect,3,0.006,"adj,noun"
texts within,3,0.006,"noun,other"
that were,3,0.006,"other,verb"
tranquil scene,3,0.006,"noun,noun"
in black,3,0.006,"other,adj"
the vast,3,0.006,"other,adj"
vast expanse,3,0.006,"adj,adj"
gentle waves,3,0.006,"adj,noun"
waves lapping,3,0.006,"noun,verb"
light the,3,0.006,"adj,other"
of natural,3,0.006,"other,adj"
by joaquín,3,0.006,"other,noun"
coastal scene,3,0.006,"noun,noun"
simply enjoying,3,0.006,"adv,verb"
enjoying the,3,0.006,"verb,other"
the waves,3,0.006,"other,noun"
the movement,3,0.006,"other,noun"
image itself,3,0.006,"noun,other"
a sandy,3,0.006,"other,adj"
a sailboat,3,0.006,"other,noun"
is impressionistic,3,0.006,"verb,adj"
impressionistic characterized,3,0.006,"adj,verb"
a boy,3,0.006,"other,adj"
lighting suggests,3,0.006,"verb,verb"
tranquil beach,3,0.006,"noun,noun"
mood rather,3,0.006,"noun,adv"
details the,3,0.006,"noun,other"
flowing dress,3,0.006,"verb,noun"
positioned on,3,0.006,"verb,other"
of leisure,3,0.006,"other,noun"
leisure and,3,0.006,"noun,other"
a coastal,3,0.006,"other,noun"
when this,3,0.006,"other,other"
the ocean,3,0.006,"other,noun"
are wearing,3,0.006,"verb,verb"
them in,3,0.006,"other,other"
here is,3,0.006,"adv,verb"
indicating it,3,0.006,"verb,other"
artist the,3,0.006,"noun,other"
the lens,3,0.006,"other,noun"
lens of,3,0.006,"noun,other"
strokes and,3,0.006,"noun,other"
water that,3,0.006,"noun,other"
see what,3,0.006,"noun,other"
trees that,3,0.006,"noun,other"
greens and,3,0.006,"noun,other"
it could,3,0.006,"other,other"
grandeur of,3,0.006,"noun,other"
feathers and,3,0.006,"noun,other"
status or,3,0.006,"noun,other"
complemented by,3,0.006,"verb,other"
her from,3,0.006,"other,other"
evoke the,3,0.006,"verb,other"
are painted,3,0.006,"verb,verb"
with light,3,0.006,"other,adj"
changing qualities,3,0.006,"verb,noun"
sky is,3,0.006,"adj,verb"
quiet beauty,3,0.006,"adj,noun"
scene at,3,0.006,"noun,other"
the gentle,3,0.006,"other,adj"
presence adds,3,0.006,"noun,verb"
s also,3,0.006,"noun,adv"
impressionism this,3,0.006,"noun,other"
a plate,3,0.006,"other,noun"
various fruits,3,0.006,"adj,noun"
including apples,3,0.006,"verb,noun"
the plate,3,0.006,"other,noun"
of other,3,0.006,"other,adj"
other objects,3,0.006,"adj,noun"
objects or,3,0.006,"noun,other"
to have,3,0.006,"other,verb"
of subject,3,0.006,"other,adj"
detail which,3,0.006,"noun,other"
to painting,3,0.006,"other,verb"
of bathers,3,0.006,"other,noun"
a park,3,0.006,"other,noun"
or garden,3,0.006,"other,noun"
some of,3,0.006,"other,other"
each other,3,0.006,"other,adj"
other the,3,0.006,"adj,other"
a unique,3,0.006,"other,adj"
apples and,3,0.006,"noun,other"
table draped,3,0.006,"noun,verb"
interaction with,3,0.006,"noun,other"
or about,3,0.006,"other,other"
features what,3,0.006,"noun,other"
with curtains,3,0.006,"other,noun"
impression that,3,0.006,"noun,other"
and varied,3,0.006,"other,adj"
form to,3,0.006,"noun,other"
natural elements,3,0.006,"adj,noun"
on form,3,0.006,"other,noun"
a thatched,3,0.006,"other,verb"
the foliage,3,0.006,"other,noun"
white clouds,3,0.006,"adj,adj"
referred to,3,0.006,"verb,other"
to as,3,0.006,"other,other"
the depicted,3,0.006,"other,verb"
elements with,3,0.006,"noun,other"
is partially,3,0.006,"verb,adv"
the back,3,0.006,"other,adv"
back of,3,0.006,"adv,other"
intricate design,3,0.006,"noun,noun"
a cluster,3,0.006,"other,noun"
cluster of,3,0.006,"noun,other"
of greenery,3,0.006,"other,noun"
artist paul,3,0.006,"noun,verb"
the clown,3,0.006,"other,verb"
identifiable by,3,0.006,"adj,other"
holds what,3,0.006,"verb,other"
right is,3,0.006,"adj,verb"
engaging with,3,0.006,"verb,other"
an audience,3,0.006,"other,noun"
quality typical,3,0.006,"noun,adj"
window or,3,0.006,"verb,other"
hands are,3,0.006,"noun,verb"
are gently,3,0.006,"verb,adv"
lap and,3,0.006,"noun,other"
figure within,3,0.006,"noun,other"
objects that,3,0.006,"noun,other"
within this,3,0.006,"other,other"
unique approach,3,0.006,"adj,noun"
he often,3,0.006,"other,adv"
often used,3,0.006,"adv,adj"
person is,3,0.006,"noun,verb"
collar which,3,0.006,"noun,other"
giving them,3,0.006,"verb,other"
dimensional effect,3,0.006,"adj,noun"
influence can,3,0.006,"noun,other"
from everyday,3,0.006,"other,adj"
contrast against,3,0.006,"noun,other"
kind of,3,0.006,"noun,other"
a pale,3,0.006,"other,adj"
details that,3,0.006,"noun,other"
drapes over,3,0.006,"noun,other"
by earthy,3,0.006,"other,noun"
interest in,3,0.006,"noun,other"
through a,3,0.006,"other,other"
situated on,3,0.006,"verb,other"
are scattered,3,0.006,"verb,verb"
more subdued,3,0.006,"adv,verb"
genre is,3,0.006,"noun,verb"
color that,3,0.006,"noun,other"
art it,3,0.006,"noun,other"
for this,3,0.006,"other,other"
through his,3,0.006,"other,other"
to read,3,0.006,"other,verb"
warm atmosphere,3,0.006,"adj,adv"
crossed over,3,0.006,"verb,other"
out of,3,0.006,"other,other"
surface that,3,0.006,"noun,other"
providing contrast,3,0.006,"verb,noun"
towards a,3,0.006,"noun,other"
village or,3,0.006,"verb,other"
shadow this,3,0.006,"verb,other"
and almost,3,0.006,"other,adv"
of cubism,3,0.006,"other,noun"
cubism as,3,0.006,"noun,other"
architectural features,3,0.006,"adj,noun"
artwork an,3,0.006,"noun,other"
quality which,3,0.006,"noun,other"
in nature,3,0.006,"other,adj"
cubist works,3,0.006,"noun,verb"
a colorful,3,0.006,"other,adj"
interpretation of,3,0.006,"noun,other"
written in,3,0.006,"verb,other"
text on,3,0.006,"other,other"
translates to,3,0.006,"noun,other"
various activities,3,0.006,"adj,noun"
forms to,3,0.006,"noun,other"
of furniture,3,0.006,"other,noun"
given its,3,0.006,"verb,other"
designs that,3,0.006,"noun,other"
art due,3,0.006,"noun,adj"
add a,3,0.006,"adj,other"
the walls,3,0.006,"other,noun"
inviting atmosphere,3,0.006,"verb,adv"
realism but,3,0.006,"noun,other"
colors is,3,0.006,"noun,verb"
to express,3,0.006,"other,noun"
physical reality,3,0.006,"adj,noun"
of expressionist,3,0.006,"other,verb"
hand and,3,0.006,"noun,other"
some sort,3,0.006,"other,adj"
sort of,3,0.006,"adj,other"
the floating,3,0.006,"other,verb"
are quite,3,0.006,"verb,adv"
blues dominating,3,0.006,"noun,adj"
expressive with,3,0.006,"adj,other"
give texture,3,0.006,"verb,noun"
shared is,3,0.006,"verb,verb"
burning house,3,0.006,"verb,noun"
house the,3,0.006,"noun,other"
symbolism and,3,0.006,"noun,other"
a detailed,3,0.006,"other,adj"
a door,3,0.006,"other,noun"
observing the,3,0.006,"verb,other"
the bird,3,0.006,"other,noun"
and could,3,0.006,"other,other"
adds an,3,0.006,"verb,other"
a dreamlike,3,0.006,"other,verb"
dreamlike atmosphere,3,0.006,"verb,adv"
and blues,3,0.006,"other,noun"
and objects,3,0.006,"other,noun"
objects are,3,0.006,"noun,verb"
with exaggerated,3,0.006,"other,adj"
range of,3,0.006,"verb,other"
portion of,3,0.006,"noun,other"
framed pictures,3,0.006,"verb,noun"
and inviting,3,0.006,"other,verb"
art which,3,0.006,"noun,other"
and fantastical,3,0.006,"other,adj"
arm is,3,0.006,"noun,verb"
represent a,3,0.006,"verb,other"
primitivism characterized,3,0.006,"noun,verb"
lack of,3,0.006,"noun,other"
of vivid,3,0.006,"other,other"
colors like,3,0.006,"noun,other"
s wife,3,0.006,"noun,noun"
imply a,3,0.006,"adj,other"
detailed realism,3,0.006,"adj,noun"
scene which,3,0.006,"noun,other"
the intensity,3,0.006,"other,noun"
scene featuring,3,0.006,"noun,noun"
a shepherd,3,0.006,"other,noun"
life as,3,0.006,"noun,other"
its simplicity,3,0.006,"other,noun"
s life,3,0.006,"noun,noun"
beneath the,3,0.006,"noun,other"
a night,3,0.006,"other,noun"
the dreamlike,3,0.006,"other,verb"
town or,3,0.006,"noun,other"
red of,3,0.006,"adj,other"
stylized manner,3,0.006,"verb,adj"
blouse and,3,0.006,"other,other"
neck and,3,0.006,"noun,other"
a lively,3,0.006,"other,adv"
a surrealistic,3,0.006,"other,adj"
an actual,3,0.006,"other,adj"
figures on,3,0.006,"noun,other"
in chagall,3,0.006,"other,verb"
or the,3,0.006,"other,other"
the importance,3,0.006,"other,noun"
the moment,3,0.006,"other,noun"
moment the,3,0.006,"noun,other"
with clear,3,0.006,"other,adj"
clear lines,3,0.006,"adj,noun"
blend harmoniously,3,0.006,"verb,adv"
holds the,3,0.006,"verb,other"
suggest she,3,0.006,"noun,other"
array of,3,0.006,"noun,other"
nature to,3,0.006,"adj,other"
a manner,3,0.006,"other,adj"
echoing the,3,0.006,"verb,other"
folk art,3,0.006,"verb,noun"
vibrant still,3,0.006,"adj,adv"
colors simple,3,0.006,"noun,noun"
closer to,3,0.006,"adv,other"
an orange,3,0.006,"other,noun"
the vivid,3,0.006,"other,other"
the life,3,0.006,"other,noun"
and vitality,3,0.006,"other,noun"
a lace,3,0.006,"other,noun"
shoulders the,3,0.006,"noun,other"
loose sketchy,3,0.006,"adj,adj"
subtle shading,3,0.006,"adj,verb"
to suggest,3,0.006,"other,noun"
horse standing,3,0.006,"noun,verb"
from ancient,3,0.006,"other,adj"
work and,3,0.006,"verb,other"
motion and,3,0.006,"noun,other"
in mid,3,0.006,"other,verb"
impression is,3,0.006,"noun,verb"
captured mid,3,0.006,"verb,verb"
or character,3,0.006,"other,noun"
but not,3,0.006,"other,adv"
degas is,3,0.006,"noun,verb"
a theatrical,3,0.006,"other,adj"
head she,3,0.006,"noun,other"
pose suggests,3,0.006,"verb,verb"
the ballet,3,0.006,"other,noun"
ballet dancer,3,0.006,"noun,noun"
s choice,3,0.006,"noun,noun"
to portray,3,0.006,"other,noun"
conveys the,3,0.006,"noun,other"
and rhythm,3,0.006,"other,noun"
technique is,3,0.006,"noun,verb"
a ballet,3,0.006,"other,noun"
also the,3,0.006,"adv,other"
from their,3,0.006,"other,other"
palette and,3,0.006,"noun,other"
and brushwork,3,0.006,"other,noun"
of colors,3,0.006,"other,noun"
the dancer,3,0.006,"other,noun"
world and,3,0.006,"noun,other"
the simple,3,0.006,"other,noun"
evoke emotion,3,0.006,"verb,noun"
another woman,3,0.006,"other,noun"
scattered around,3,0.006,"verb,other"
artwork presents,3,0.006,"noun,noun"
of balance,3,0.006,"other,noun"
and harmony,3,0.006,"other,noun"
rectangles and,3,0.006,"noun,other"
pattern the,3,0.006,"adj,other"
abstract art,3,0.006,"adj,noun"
grid like,3,0.006,"adj,other"
the grid,3,0.006,"other,adj"
bold flat,3,0.006,"verb,adj"
object or,3,0.006,"adj,other"
artwork has,3,0.006,"noun,verb"
squares and,3,0.006,"noun,other"
child presumably,3,0.006,"noun,adv"
sleeves and,3,0.006,"noun,other"
a building,3,0.006,"other,noun"
handling of,3,0.006,"verb,other"
could imply,3,0.006,"other,adj"
figure and,3,0.006,"noun,other"
manner typical,3,0.006,"adj,adj"
head which,3,0.006,"noun,other"
signature picasso,3,0.006,"noun,noun"
hands resting,3,0.006,"noun,verb"
for an,3,0.006,"other,other"
accentuated by,3,0.006,"adj,other"
the character,3,0.006,"other,noun"
to pablo,3,0.006,"other,adj"
over realistic,3,0.006,"other,adj"
realistic detail,3,0.006,"adj,noun"
with decorative,3,0.006,"other,adj"
decorative patterns,3,0.006,"adj,noun"
patterns on,3,0.006,"noun,other"
commonly associated,3,0.006,"adv,adj"
detail to,3,0.006,"noun,other"
context the,3,0.006,"adj,other"
the traditional,3,0.006,"other,adj"
in order,3,0.006,"other,noun"
order to,3,0.006,"noun,other"
signature or,3,0.006,"noun,other"
neoclassical style,3,0.006,"noun,noun"
other is,3,0.006,"adj,verb"
tranquil atmosphere,3,0.006,"noun,adv"
atmosphere and,3,0.006,"adv,other"
what might,3,0.006,"other,other"
seated woman,3,0.006,"verb,noun"
or bench,3,0.006,"other,noun"
classical style,3,0.006,"adj,noun"
adherence to,3,0.006,"noun,other"
the classical,3,0.006,"other,adj"
neoclassicism characterized,3,0.006,"noun,verb"
other woman,3,0.006,"adj,noun"
both figures,3,0.006,"other,noun"
picasso is,3,0.006,"noun,verb"
to them,3,0.006,"other,other"
at ease,3,0.006,"other,noun"
background reveals,3,0.006,"noun,verb"
adding life,3,0.006,"verb,noun"
family moment,3,0.006,"noun,noun"
child in,3,0.006,"noun,other"
peaceful and,3,0.006,"adj,other"
of immediacy,3,0.006,"other,verb"
something or,3,0.006,"noun,other"
jacket with,3,0.006,"noun,other"
line to,3,0.006,"noun,other"
emotion the,3,0.006,"noun,other"
dress the,3,0.006,"noun,other"
a river,3,0.006,"other,noun"
his later,3,0.006,"other,adv"
her arm,3,0.006,"other,noun"
who seems,3,0.006,"other,verb"
expression convey,3,0.006,"noun,noun"
intensity and,3,0.006,"noun,other"
or information,3,0.006,"other,noun"
the characters,3,0.006,"other,noun"
sitting in,3,0.006,"verb,other"
s son,3,0.006,"noun,noun"
facing towards,3,0.006,"verb,noun"
image and,3,0.006,"noun,other"
muted creating,3,0.006,"verb,verb"
a bow,3,0.006,"other,noun"
define the,3,0.006,"noun,other"
curtains or,3,0.006,"noun,other"
contrast the,3,0.006,"noun,other"
that may,3,0.006,"other,other"
pattern on,3,0.006,"adj,other"
s facial,3,0.006,"noun,adj"
blue green,3,0.006,"noun,adj"
do not,3,0.006,"verb,adv"
bold brushstrokes,3,0.006,"verb,noun"
the fauvism,3,0.006,"other,noun"
above is,3,0.006,"other,verb"
of fauvism,3,0.006,"other,noun"
in france,3,0.006,"other,noun"
his time,3,0.006,"other,noun"
work by,3,0.006,"verb,other"
soft with,3,0.006,"adj,other"
other colors,3,0.006,"adj,noun"
and reds,3,0.006,"other,verb"
exaggerated features,3,0.006,"adj,noun"
and saturated,3,0.006,"other,verb"
of rhythm,3,0.006,"other,noun"
rhythm and,3,0.006,"noun,other"
small table,3,0.006,"adj,noun"
solid colors,3,0.006,"adj,noun"
matisse the,3,0.006,"adj,other"
composition in,3,0.006,"noun,other"
or being,3,0.006,"other,verb"
and emotional,3,0.006,"other,adj"
s perspective,3,0.006,"noun,adj"
its vibrant,3,0.006,"other,adj"
and blacks,3,0.006,"other,noun"
the shapes,3,0.006,"other,noun"
abstract expressionism,3,0.006,"adj,noun"
large blue,3,0.006,"adj,noun"
blue figure,3,0.006,"noun,noun"
be standing,3,0.006,"verb,verb"
the blue,3,0.006,"other,noun"
with strong,3,0.006,"other,adj"
without much,3,0.006,"other,adj"
the cut,3,0.006,"other,noun"
technique often,3,0.006,"noun,adv"
of marine,3,0.006,"other,noun"
marine life,3,0.006,"noun,noun"
a textured,3,0.006,"other,adj"
and graphic,3,0.006,"other,adj"
the reeds,3,0.006,"other,noun"
white which,3,0.006,"adj,other"
relaxed with,3,0.006,"verb,other"
the most,3,0.006,"other,adv"
inviting viewers,3,0.006,"verb,noun"
and spontaneity,3,0.006,"other,noun"
blue hue,3,0.006,"noun,verb"
of vibrant,3,0.006,"other,adj"
work with,3,0.006,"verb,other"
image which,3,0.006,"noun,other"
many of,3,0.006,"adj,other"
title do,3,0.006,"noun,verb"
clear blue,3,0.006,"adj,noun"
with andy,3,0.006,"other,noun"
is divided,3,0.006,"verb,verb"
prominently displayed,3,0.006,"adv,adj"
subjects in,3,0.006,"noun,other"
this case,3,0.006,"other,noun"
visible and,3,0.006,"adj,other"
s pop,3,0.006,"noun,noun"
of elizabeth,3,0.006,"other,noun"
prints the,3,0.006,"noun,other"
within her,3,0.006,"other,other"
most famous,3,0.006,"adv,adj"
hues to,3,0.006,"noun,other"
of ingrid,3,0.006,"other,adj"
mass media,3,0.006,"noun,noun"
figures to,3,0.006,"noun,other"
fair skin,3,0.006,"adj,noun"
red hat,3,0.006,"adj,other"
the hat,3,0.006,"other,other"
uses bold,3,0.006,"noun,verb"
each square,3,0.006,"other,verb"
design is,3,0.006,"noun,verb"
of queen,3,0.006,"other,noun"
style associated,3,0.006,"noun,adj"
baroque style,3,0.006,"noun,noun"
lace at,3,0.006,"noun,other"
black dress,3,0.006,"adj,noun"
light at,3,0.006,"adj,other"
bed with,3,0.006,"verb,other"
near her,3,0.006,"other,other"
works the,3,0.006,"verb,other"
is realistic,3,0.006,"verb,adj"
cape cod,3,0.006,"noun,noun"
splashes of,3,0.006,"noun,other"
moment captured,3,0.006,"noun,verb"
their faces,3,0.006,"other,verb"
authenticity and,3,0.006,"noun,other"
room with,3,0.006,"noun,other"
an atmosphere,3,0.006,"other,adv"
nature s,3,0.006,"adj,noun"
ellen terry,3,0.006,"verb,adj"
meticulous detail,3,0.006,"adj,noun"
portrait painting,3,0.006,"verb,verb"
soft brushstrokes,3,0.006,"adj,noun"
impressionist genre,3,0.006,"adj,noun"
impressionist paintings,3,0.006,"adj,noun"
palace the,3,0.006,"noun,other"
in soft,3,0.006,"other,adj"
color over,3,0.006,"noun,other"
mary stevenson,3,0.006,"adj,adj"
stevenson cassatt,3,0.006,"adj,noun"
cassatt an,3,0.006,"noun,other"
french impressionist,3,0.006,"adj,adj"
reading a,3,0.006,"verb,other"
book she,3,0.006,"noun,other"
indicating her,3,0.006,"verb,other"
book the,3,0.006,"noun,other"
softly rendered,3,0.006,"adv,verb"
and social,3,0.006,"other,adj"
girl named,3,0.006,"noun,verb"
neckline suggesting,3,0.006,"adj,verb"
attire her,3,0.006,"noun,other"
garden around,3,0.006,"noun,other"
structure with,3,0.006,"noun,other"
domestic scenes,3,0.006,"adj,noun"
the children,3,0.006,"other,noun"
the impressionism,3,0.006,"other,noun"
a garden,3,0.006,"other,noun"
cassatt the,3,0.006,"noun,other"
impressionism where,3,0.006,"noun,other"
theme of,3,0.006,"adj,other"
adult woman,3,0.006,"noun,noun"
the park,3,0.006,"other,noun"
lush greenery,3,0.006,"noun,noun"
19th or,3,0.006,"other,other"
or early,3,0.006,"other,adj"
child on,3,0.006,"noun,other"
or embroidery,3,0.006,"other,adv"
woman lying,3,0.006,"noun,verb"
in bed,3,0.006,"other,verb"
intimate moment,3,0.006,"verb,noun"
child with,3,0.006,"noun,other"
serene quality,3,0.006,"adj,noun"
natural world,3,0.006,"adj,noun"
to an,3,0.006,"other,other"
19th century,3,0.006,"other,noun"
atmospheric effect,3,0.006,"adj,noun"
blue dress,3,0.006,"noun,noun"
of serenity,3,0.006,"other,noun"
intimacy and,3,0.006,"noun,other"
lying on,3,0.006,"verb,other"
japanese ukiyo,3,0.006,"adj,adj"
hokusai s,3,0.006,"noun,noun"
e prints,3,0.006,"verb,noun"
woodblock print,3,0.006,"noun,verb"
of mount,3,0.006,"other,noun"
edo period,3,0.006,"adj,noun"
depicted scenes,3,0.006,"verb,noun"
romantic style,3,0.006,"adj,noun"
a vivid,3,0.006,"other,other"
vincent van,3,0.006,"adj,noun"
his post,3,0.006,"other,noun"
vibrant color,3,0.006,"adj,noun"
the romanticism,3,0.006,"other,noun"
from classical,3,0.006,"other,adj"
of romanticism,3,0.006,"other,noun"
woman named,2,0.004,"noun,verb"
a throne,2,0.004,"other,verb"
throne like,2,0.004,"verb,other"
that flows,2,0.004,"other,verb"
the dress,2,0.004,"other,noun"
appearance she,2,0.004,"noun,other"
fan in,2,0.004,"noun,other"
overall sophistication,2,0.004,"adj,noun"
sophistication of,2,0.004,"noun,other"
orange with,2,0.004,"noun,other"
pattern is,2,0.004,"adj,verb"
lines creating,2,0.004,"noun,verb"
depth overall,2,0.004,"adj,adj"
image exudes,2,0.004,"noun,noun"
of refinement,2,0.004,"other,noun"
refinement and,2,0.004,"noun,other"
artistic flair,2,0.004,"adj,noun"
it captures,2,0.004,"other,verb"
physical appearance,2,0.004,"adj,noun"
also seems,2,0.004,"adv,verb"
to delve,2,0.004,"other,verb"
delve into,2,0.004,"verb,other"
into her,2,0.004,"other,other"
evident through,2,0.004,"adj,other"
face of,2,0.004,"verb,other"
subject has,2,0.004,"adj,verb"
has striking,2,0.004,"verb,verb"
s portraits,2,0.004,"noun,noun"
is elongated,2,0.004,"verb,verb"
to contemplate,2,0.004,"other,noun"
contemplate the,2,0.004,"noun,other"
stylized female,2,0.004,"verb,adj"
modigliani the,2,0.004,"noun,other"
slightly turned,2,0.004,"adv,verb"
dynamism to,2,0.004,"noun,other"
the skin,2,0.004,"other,noun"
skin tones,2,0.004,"noun,noun"
woman which,2,0.004,"noun,other"
light that,2,0.004,"adj,other"
painting has,2,0.004,"verb,verb"
of figurative,2,0.004,"other,adj"
figurative art,2,0.004,"adj,noun"
art focusing,2,0.004,"noun,verb"
its central,2,0.004,"other,adj"
central theme,2,0.004,"adj,adj"
on line,2,0.004,"other,noun"
dimensionality in,2,0.004,"noun,other"
and personal,2,0.004,"other,adj"
expression rather,2,0.004,"noun,adv"
representation this,2,0.004,"noun,other"
titled head,2,0.004,"verb,noun"
head of,2,0.004,"noun,other"
elongated features,2,0.004,"verb,noun"
features which,2,0.004,"noun,other"
face appears,2,0.004,"verb,verb"
simplified yet,2,0.004,"adj,adv"
elegant with,2,0.004,"verb,other"
small mouth,2,0.004,"adj,adj"
subdued and,2,0.004,"verb,other"
horizon this,2,0.004,"noun,other"
allows the,2,0.004,"verb,other"
simplicity in,2,0.004,"noun,other"
in color,2,0.004,"other,noun"
combined with,2,0.004,"verb,other"
its emotional,2,0.004,"other,adj"
in warm,2,0.004,"other,adj"
of cool,2,0.004,"other,noun"
clear sky,2,0.004,"adj,adj"
a contrasting,2,0.004,"other,verb"
palette to,2,0.004,"noun,other"
or architectural,2,0.004,"other,adj"
s later,2,0.004,"noun,adv"
that focused,2,0.004,"other,verb"
shape that,2,0.004,"noun,other"
a lifelike,2,0.004,"other,other"
by various,2,0.004,"other,adj"
smaller shapes,2,0.004,"adj,noun"
shapes in,2,0.004,"noun,other"
dominance of,2,0.004,"noun,other"
setting like,2,0.004,"verb,other"
by smooth,2,0.004,"other,adj"
artwork belongs,2,0.004,"noun,noun"
her oeuvre,2,0.004,"other,noun"
organic forms,2,0.004,"adj,noun"
by nature,2,0.004,"other,adj"
however it,2,0.004,"adv,other"
left appears,2,0.004,"verb,verb"
its large,2,0.004,"other,adj"
flower is,2,0.004,"verb,verb"
full bloom,2,0.004,"adj,noun"
displaying vibrant,2,0.004,"verb,adj"
colors on,2,0.004,"noun,other"
with multiple,2,0.004,"other,adj"
a symmetrical,2,0.004,"other,adj"
gradient that,2,0.004,"adj,other"
that provides,2,0.004,"other,verb"
provides contrast,2,0.004,"verb,noun"
of precisionism,2,0.004,"other,noun"
highlighting their,2,0.004,"verb,other"
shapes which,2,0.004,"noun,other"
key elements,2,0.004,"adj,noun"
that stands,2,0.004,"other,verb"
its surroundings,2,0.004,"other,noun"
relatively muted,2,0.004,"adv,verb"
the cool,2,0.004,"other,noun"
striking visual,2,0.004,"verb,adj"
up detail,2,0.004,"other,noun"
light across,2,0.004,"adj,other"
artwork as,2,0.004,"noun,other"
featuring three,2,0.004,"noun,other"
two oranges,2,0.004,"other,verb"
fruits are,2,0.004,"noun,verb"
are presented,2,0.004,"verb,verb"
while others,2,0.004,"other,noun"
shading techniques,2,0.004,"verb,noun"
black outlines,2,0.004,"adj,verb"
is plain,2,0.004,"verb,noun"
plain and,2,0.004,"noun,other"
within each,2,0.004,"other,other"
lake suwa,2,0.004,"noun,adj"
suwa in,2,0.004,"adj,other"
the shinano,2,0.004,"other,noun"
shinano province,2,0.004,"noun,noun"
e a,2,0.004,"verb,other"
a genre,2,0.004,"other,noun"
japanese art,2,0.004,"adj,noun"
17th through,2,0.004,"other,other"
through 19th,2,0.004,"other,other"
19th centuries,2,0.004,"other,noun"
the structure,2,0.004,"other,noun"
trees with,2,0.004,"noun,other"
out in,2,0.004,"other,other"
shore suggesting,2,0.004,"noun,verb"
this might,2,0.004,"other,other"
access to,2,0.004,"noun,other"
areas the,2,0.004,"noun,other"
and creating,2,0.004,"other,verb"
atmosphere in,2,0.004,"adv,other"
silhouettes of,2,0.004,"verb,other"
either sunrise,2,0.004,"other,noun"
sunrise or,2,0.004,"noun,other"
or sunset,2,0.004,"other,noun"
sunset given,2,0.004,"noun,verb"
this adds,2,0.004,"other,verb"
and provides,2,0.004,"other,verb"
roof and,2,0.004,"noun,other"
reflection on,2,0.004,"noun,other"
subtle yet,2,0.004,"adj,adv"
yet effective,2,0.004,"adv,adj"
effective with,2,0.004,"adj,other"
that enhances,2,0.004,"other,verb"
the tranquility,2,0.004,"other,noun"
demonstrates the,2,0.004,"verb,other"
also an,2,0.004,"adv,other"
an emotional,2,0.004,"other,adj"
man in,2,0.004,"noun,other"
red attire,2,0.004,"adj,noun"
dark background,2,0.004,"adj,noun"
his vibrant,2,0.004,"other,adj"
chest up,2,0.004,"adj,other"
up with,2,0.004,"other,other"
his gaze,2,0.004,"other,noun"
viewer which,2,0.004,"noun,other"
prominent nose,2,0.004,"noun,verb"
deep thought,2,0.004,"adj,verb"
the mannerist,2,0.004,"other,noun"
mannerist style,2,0.004,"noun,noun"
its elongated,2,0.004,"other,verb"
elongated proportions,2,0.004,"verb,noun"
in reality,2,0.004,"other,noun"
and folds,2,0.004,"other,noun"
folds that,2,0.004,"noun,other"
used color,2,0.004,"adj,noun"
attire standing,2,0.004,"noun,verb"
some areas,2,0.004,"other,noun"
be discerned,2,0.004,"verb,verb"
to form,2,0.004,"other,noun"
period it,2,0.004,"noun,other"
and was,2,0.004,"other,verb"
renowned for,2,0.004,"verb,other"
features several,2,0.004,"noun,adj"
venus the,2,0.004,"verb,other"
of love,2,0.004,"other,verb"
and beauty,2,0.004,"other,noun"
beauty she,2,0.004,"noun,other"
is reclining,2,0.004,"verb,verb"
couch adorned,2,0.004,"adj,verb"
fabrics and,2,0.004,"noun,other"
accompanying her,2,0.004,"verb,other"
cherub or,2,0.004,"noun,other"
his role,2,0.004,"other,noun"
representing a,2,0.004,"verb,other"
narrative the,2,0.004,"adj,other"
and bottom,2,0.004,"other,noun"
corners of,2,0.004,"noun,other"
they could,2,0.004,"other,other"
love the,2,0.004,"verb,other"
richly detailed,2,0.004,"adj,adj"
of mannerist,2,0.004,"other,noun"
vibrant particularly,2,0.004,"adj,adv"
the blues,2,0.004,"other,noun"
of luxury,2,0.004,"other,noun"
balanced yet,2,0.004,"verb,adv"
yet dynamic,2,0.004,"adv,adj"
dynamic with,2,0.004,"adj,other"
s skillful,2,0.004,"noun,adj"
skillful use,2,0.004,"adj,verb"
his attention,2,0.004,"other,noun"
artists like,2,0.004,"noun,other"
classical art,2,0.004,"adj,noun"
narratives and,2,0.004,"noun,other"
the beauty,2,0.004,"other,noun"
in elaborate,2,0.004,"other,noun"
a warrior,2,0.004,"other,adj"
warrior or,2,0.004,"adj,other"
or nobleman,2,0.004,"other,adj"
historical period,2,0.004,"adj,noun"
when such,2,0.004,"other,adj"
such attire,2,0.004,"adj,noun"
attire was,2,0.004,"noun,verb"
highly detailed,2,0.004,"adv,adj"
designs on,2,0.004,"noun,other"
artistic style,2,0.004,"adj,noun"
individual has,2,0.004,"adj,verb"
a full,2,0.004,"other,adj"
full beard,2,0.004,"adj,adj"
beard and,2,0.004,"adj,other"
and mustache,2,0.004,"other,verb"
right with,2,0.004,"adj,other"
observer the,2,0.004,"other,other"
artists often,2,0.004,"noun,adv"
lighting is,2,0.004,"verb,verb"
chest area,2,0.004,"adj,noun"
painting technique,2,0.004,"verb,noun"
technique appears,2,0.004,"noun,verb"
dimensionality the,2,0.004,"noun,other"
the holy,2,0.004,"other,noun"
st anne,2,0.004,"verb,adj"
the infant,2,0.004,"other,verb"
st john,2,0.004,"verb,noun"
john the,2,0.004,"noun,other"
the baptist,2,0.004,"other,noun"
are both,2,0.004,"verb,other"
them to,2,0.004,"other,other"
older woman,2,0.004,"adj,noun"
woman presumably,2,0.004,"noun,adv"
also dressed,2,0.004,"adv,verb"
to mary,2,0.004,"other,adj"
this character,2,0.004,"other,noun"
foliage around,2,0.004,"noun,other"
visible here,2,0.004,"adj,adv"
a visual,2,0.004,"other,adj"
other holding,2,0.004,"adj,verb"
object that,2,0.004,"adj,other"
some kind,2,0.004,"other,noun"
dark clouds,2,0.004,"adj,adj"
time of,2,0.004,"noun,other"
of significance,2,0.004,"other,noun"
solemnity and,2,0.004,"noun,other"
stylized and,2,0.004,"verb,other"
back while,2,0.004,"adv,other"
other stands,2,0.004,"adj,verb"
hand placed,2,0.004,"noun,verb"
her companion,2,0.004,"other,noun"
body suggesting,2,0.004,"noun,verb"
both women,2,0.004,"other,noun"
clothing is,2,0.004,"verb,verb"
sleek and,2,0.004,"adj,other"
that further,2,0.004,"other,adv"
era with,2,0.004,"verb,other"
of engagement,2,0.004,"other,adj"
pink garment,2,0.004,"adj,noun"
contrasts against,2,0.004,"noun,other"
background and,2,0.004,"noun,other"
elegance the,2,0.004,"noun,other"
lines symmetry,2,0.004,"noun,noun"
tamara has,2,0.004,"verb,verb"
strong emphasis,2,0.004,"adj,noun"
couch the,2,0.004,"adj,other"
the nude,2,0.004,"other,adj"
a confident,2,0.004,"other,adj"
features like,2,0.004,"noun,other"
like red,2,0.004,"other,adj"
red lips,2,0.004,"adj,verb"
portraiture the,2,0.004,"verb,other"
with yellows,2,0.004,"other,noun"
being prominent,2,0.004,"verb,noun"
the couch,2,0.004,"other,adj"
couch and,2,0.004,"adj,other"
that highlight,2,0.004,"other,noun"
setting which,2,0.004,"verb,other"
deco artwork,2,0.004,"adj,noun"
using bold,2,0.004,"verb,verb"
and vivid,2,0.004,"other,other"
confidence and,2,0.004,"noun,other"
style depicting,2,0.004,"noun,noun"
prince eristoff,2,0.004,"noun,noun"
painting showcases,2,0.004,"verb,verb"
smooth lines,2,0.004,"adj,noun"
is portrayed,2,0.004,"verb,verb"
sophistication or,2,0.004,"noun,other"
or high,2,0.004,"other,adj"
high society,2,0.004,"adj,noun"
with areas,2,0.004,"other,noun"
be indicative,2,0.004,"verb,adj"
space possibly,2,0.004,"noun,adv"
room which,2,0.004,"noun,other"
and adds,2,0.004,"other,verb"
polish art,2,0.004,"adj,noun"
deco painter,2,0.004,"adj,noun"
of high,2,0.004,"other,adj"
society during,2,0.004,"noun,other"
bold shapes,2,0.004,"verb,noun"
symmetry the,2,0.004,"noun,other"
the model,2,0.004,"other,noun"
arms raised,2,0.004,"noun,verb"
back her,2,0.004,"adv,other"
an illusion,2,0.004,"other,noun"
illusion of,2,0.004,"noun,other"
a sheer,2,0.004,"other,noun"
garment or,2,0.004,"noun,other"
browns and,2,0.004,"noun,other"
as architectural,2,0.004,"other,adj"
elements or,2,0.004,"noun,other"
portraits and,2,0.004,"noun,other"
featuring elongated,2,0.004,"noun,verb"
shadow creating,2,0.004,"verb,verb"
girl has,2,0.004,"noun,verb"
fashion which,2,0.004,"noun,other"
legs are,2,0.004,"noun,verb"
are crossed,2,0.004,"verb,verb"
ahead with,2,0.004,"adv,other"
features elements,2,0.004,"noun,noun"
dimensionality to,2,0.004,"noun,other"
distinctly art,2,0.004,"adv,noun"
smooth curves,2,0.004,"adj,noun"
curves and,2,0.004,"noun,other"
on symmetry,2,0.004,"other,noun"
confirming her,2,0.004,"verb,other"
her as,2,0.004,"other,other"
the creator,2,0.004,"other,noun"
creator of,2,0.004,"noun,other"
striking representation,2,0.004,"verb,noun"
a nude,2,0.004,"other,adj"
nude woman,2,0.004,"adj,noun"
side with,2,0.004,"verb,other"
other on,2,0.004,"adj,other"
pose exudes,2,0.004,"verb,noun"
period she,2,0.004,"noun,other"
dress or,2,0.004,"noun,other"
loose waves,2,0.004,"adj,noun"
waves and,2,0.004,"noun,other"
visible beneath,2,0.004,"adj,noun"
yellows which,2,0.004,"noun,other"
lends the,2,0.004,"verb,other"
and intimate,2,0.004,"other,verb"
intimate atmosphere,2,0.004,"verb,adv"
style through,2,0.004,"noun,other"
color with,2,0.004,"noun,other"
streamlined design,2,0.004,"verb,noun"
reclining in,2,0.004,"verb,other"
pose she,2,0.004,"verb,other"
red dress,2,0.004,"adj,noun"
her pale,2,0.004,"other,adj"
pale complexion,2,0.004,"adj,noun"
and dark,2,0.004,"other,adj"
lines is,2,0.004,"noun,verb"
viewer suggesting,2,0.004,"noun,verb"
the audience,2,0.004,"other,noun"
not entirely,2,0.004,"adv,adv"
entirely clear,2,0.004,"adv,adj"
clear but,2,0.004,"adj,other"
or seductive,2,0.004,"other,adj"
aligning with,2,0.004,"verb,other"
aesthetic the,2,0.004,"adj,other"
dress creating,2,0.004,"noun,verb"
of volume,2,0.004,"other,noun"
signed tamara,2,0.004,"verb,verb"
lempicka in,2,0.004,"noun,other"
is elegant,2,0.004,"verb,verb"
embodying the,2,0.004,"verb,other"
the characteristics,2,0.004,"other,noun"
characteristics of,2,0.004,"noun,other"
features that,2,0.004,"noun,other"
of de,2,0.004,"other,other"
a feather,2,0.004,"other,adv"
feather adding,2,0.004,"adv,verb"
and adorned,2,0.004,"other,verb"
close to,2,0.004,"adj,other"
her chest,2,0.004,"other,adj"
celebration of,2,0.004,"noun,other"
and lively,2,0.004,"other,adv"
middle of,2,0.004,"adj,other"
summer the,2,0.004,"noun,other"
piece there,2,0.004,"noun,other"
lempicka and,2,0.004,"noun,other"
and titled,2,0.004,"other,verb"
fabric she,2,0.004,"adj,other"
facing slightly,2,0.004,"verb,adv"
center and,2,0.004,"noun,other"
red lipstick,2,0.004,"adj,adj"
her skin,2,0.004,"other,noun"
small child,2,0.004,"adj,noun"
care and,2,0.004,"noun,other"
visible from,2,0.004,"adj,other"
this angle,2,0.004,"other,other"
of mystery,2,0.004,"other,noun"
tone that,2,0.004,"noun,other"
sharply with,2,0.004,"adv,other"
significant details,2,0.004,"adj,noun"
which keeps,2,0.004,"other,noun"
keeps the,2,0.004,"noun,other"
s eye,2,0.004,"noun,noun"
eye through,2,0.004,"noun,other"
from top,2,0.004,"other,adj"
to bottom,2,0.004,"other,noun"
nude with,2,0.004,"adj,other"
and long,2,0.004,"other,adj"
styles of,2,0.004,"noun,other"
a dominant,2,0.004,"other,verb"
dominant use,2,0.004,"verb,verb"
dark providing,2,0.004,"adj,verb"
which makes,2,0.004,"other,verb"
which falls,2,0.004,"other,verb"
there might,2,0.004,"other,other"
without further,2,0.004,"other,adv"
details or,2,0.004,"noun,other"
provide more,2,0.004,"verb,adv"
more information,2,0.004,"adv,noun"
on that,2,0.004,"other,other"
suggests comfort,2,0.004,"verb,noun"
predominantly pastel,2,0.004,"adv,noun"
a dream,2,0.004,"other,noun"
reality the,2,0.004,"noun,other"
dynamism and,2,0.004,"noun,other"
are hallmarks,2,0.004,"verb,noun"
deco art,2,0.004,"adj,noun"
portrait captures,2,0.004,"verb,verb"
s posture,2,0.004,"noun,noun"
folds in,2,0.004,"noun,other"
image a,2,0.004,"noun,other"
vibrant representation,2,0.004,"adj,noun"
lines clean,2,0.004,"noun,verb"
clean shapes,2,0.004,"verb,noun"
and decorative,2,0.004,"other,adj"
be embracing,2,0.004,"verb,verb"
high forehead,2,0.004,"adj,noun"
of ancient,2,0.004,"other,adj"
neck adding,2,0.004,"noun,verb"
in three,2,0.004,"other,other"
this person,2,0.004,"other,noun"
has pronounced,2,0.004,"verb,verb"
features including,2,0.004,"noun,verb"
their expression,2,0.004,"other,noun"
intensity the,2,0.004,"noun,other"
overall design,2,0.004,"adj,noun"
blues reds,2,0.004,"noun,verb"
for art,2,0.004,"other,noun"
artwork to,2,0.004,"noun,other"
a darker,2,0.004,"other,noun"
colors indicative,2,0.004,"noun,adj"
a step,2,0.004,"other,noun"
step or,2,0.004,"noun,other"
background her,2,0.004,"noun,other"
an intense,2,0.004,"other,verb"
outside of,2,0.004,"adj,other"
is prominent,2,0.004,"verb,noun"
and purples,2,0.004,"other,verb"
wavy hair,2,0.004,"noun,adj"
dress features,2,0.004,"noun,noun"
and arms,2,0.004,"other,noun"
white gloves,2,0.004,"adj,noun"
of architectural,2,0.004,"other,adj"
a vintage,2,0.004,"other,noun"
specifically a,2,0.004,"adv,other"
green bugatti,2,0.004,"adj,noun"
self portrait,2,0.004,"other,verb"
headscarf and,2,0.004,"noun,other"
her makeup,2,0.004,"other,noun"
makeup is,2,0.004,"noun,verb"
and part,2,0.004,"other,noun"
the car,2,0.004,"other,noun"
deco aesthetics,2,0.004,"adj,noun"
distinctive art,2,0.004,"adj,noun"
quarter angle,2,0.004,"noun,other"
hand holding,2,0.004,"noun,verb"
sharply against,2,0.004,"adv,other"
against his,2,0.004,"other,other"
his dark,2,0.004,"other,adj"
his expression,2,0.004,"other,noun"
is thoughtful,2,0.004,"verb,noun"
minimalistic which,2,0.004,"adj,other"
and angular,2,0.004,"other,adj"
aesthetic this,2,0.004,"adj,other"
all of,2,0.004,"other,other"
a fur,2,0.004,"other,adj"
sleeves her,2,0.004,"noun,other"
makeup that,2,0.004,"noun,other"
accentuates her,2,0.004,"verb,other"
eyes the,2,0.004,"noun,other"
theme the,2,0.004,"adj,other"
lines flat,2,0.004,"noun,adj"
provided depicts,2,0.004,"verb,noun"
style featuring,2,0.004,"noun,noun"
with yellow,2,0.004,"other,adj"
red hues,2,0.004,"adj,noun"
dark surface,2,0.004,"adj,noun"
or couch,2,0.004,"other,adj"
side her,2,0.004,"verb,other"
relaxed yet,2,0.004,"verb,adv"
of women,2,0.004,"other,noun"
style includes,2,0.004,"noun,verb"
form that,2,0.004,"noun,other"
the luxurious,2,0.004,"other,adj"
dark and,2,0.004,"adj,other"
that brings,2,0.004,"other,noun"
attire suggest,2,0.004,"noun,noun"
narrative of,2,0.004,"adj,other"
m the,2,0.004,"adj,other"
predominantly cool,2,0.004,"adv,noun"
which contrast,2,0.004,"other,noun"
element in,2,0.004,"noun,other"
green turban,2,0.004,"adj,adj"
main subjects,2,0.004,"adj,noun"
with stylized,2,0.004,"other,verb"
or headdress,2,0.004,"other,noun"
and lips,2,0.004,"other,verb"
intense with,2,0.004,"verb,other"
a direct,2,0.004,"other,adj"
direct gaze,2,0.004,"adj,noun"
gaze towards,2,0.004,"noun,noun"
minimalistic and,2,0.004,"adj,other"
focus to,2,0.004,"noun,other"
conversation the,2,0.004,"noun,other"
other arm,2,0.004,"adj,noun"
or decorative,2,0.004,"other,adj"
neck the,2,0.004,"noun,other"
with contrasting,2,0.004,"other,verb"
a profile,2,0.004,"other,adj"
a necklace,2,0.004,"other,noun"
necklace and,2,0.004,"noun,other"
and earrings,2,0.004,"other,noun"
garment draped,2,0.004,"noun,verb"
over one,2,0.004,"other,other"
by strong,2,0.004,"other,adj"
looking to,2,0.004,"verb,other"
his left,2,0.004,"other,verb"
he wears,2,0.004,"other,noun"
the attire,2,0.004,"other,noun"
dressed formally,2,0.004,"verb,adv"
shapes is,2,0.004,"noun,verb"
subdued yet,2,0.004,"verb,adv"
take on,2,0.004,"verb,other"
often feature,2,0.004,"adv,noun"
of adam,2,0.004,"other,noun"
drawn in,2,0.004,"noun,other"
with smooth,2,0.004,"other,adj"
and he,2,0.004,"other,other"
gazing at,2,0.004,"verb,other"
she stands,2,0.004,"other,verb"
both characters,2,0.004,"other,noun"
forms with,2,0.004,"noun,other"
landscape or,2,0.004,"noun,other"
the design,2,0.004,"other,noun"
principles of,2,0.004,"noun,other"
are used,2,0.004,"verb,adj"
create dynamic,2,0.004,"noun,adj"
indicates the,2,0.004,"verb,other"
and symmetrical,2,0.004,"other,adj"
figures while,2,0.004,"noun,other"
intricate detailing,2,0.004,"noun,verb"
back partially,2,0.004,"adv,adv"
partially turned,2,0.004,"adv,verb"
suggest movement,2,0.004,"noun,noun"
background includes,2,0.004,"noun,verb"
and geometric,2,0.004,"other,adj"
and complexity,2,0.004,"other,noun"
as blues,2,0.004,"other,noun"
be seated,2,0.004,"verb,verb"
expression as,2,0.004,"noun,other"
side away,2,0.004,"verb,adv"
of nostalgia,2,0.004,"other,adj"
tones creating,2,0.004,"noun,verb"
way he,2,0.004,"noun,other"
holds his,2,0.004,"verb,other"
the act,2,0.004,"other,noun"
movement this,2,0.004,"noun,other"
the nun,2,0.004,"other,adv"
religious attire,2,0.004,"adj,noun"
posture is,2,0.004,"noun,verb"
gaze seems,2,0.004,"noun,verb"
which this,2,0.004,"other,other"
forms this,2,0.004,"noun,other"
these elements,2,0.004,"other,noun"
elements to,2,0.004,"noun,other"
capture not,2,0.004,"noun,adv"
not only,2,0.004,"adv,adv"
only the,2,0.004,"adv,other"
be white,2,0.004,"verb,adj"
or fabric,2,0.004,"other,adj"
form with,2,0.004,"noun,other"
arm extended,2,0.004,"noun,verb"
extended along,2,0.004,"verb,other"
knee the,2,0.004,"noun,other"
loosely around,2,0.004,"adv,other"
neutral expression,2,0.004,"adj,noun"
foliage suggesting,2,0.004,"noun,verb"
pose the,2,0.004,"verb,other"
signed their,2,0.004,"verb,other"
their name,2,0.004,"other,noun"
strong sense,2,0.004,"adj,verb"
white tones,2,0.004,"adj,noun"
sits on,2,0.004,"noun,other"
or counter,2,0.004,"other,noun"
of another,2,0.004,"other,other"
forms the,2,0.004,"noun,other"
styles as,2,0.004,"noun,other"
guitar or,2,0.004,"verb,other"
cascades down,2,0.004,"verb,adv"
contemplative and,2,0.004,"adj,other"
somewhat melancholic,2,0.004,"adv,adj"
attire possibly,2,0.004,"noun,adv"
past the,2,0.004,"adj,other"
clothing includes,2,0.004,"verb,verb"
fabric with,2,0.004,"adj,other"
vibrancy of,2,0.004,"noun,other"
clouds that,2,0.004,"adj,other"
water at,2,0.004,"noun,other"
providing depth,2,0.004,"verb,adj"
depth without,2,0.004,"adj,other"
image displays,2,0.004,"noun,noun"
bowl filled,2,0.004,"noun,verb"
plain background,2,0.004,"noun,noun"
dark green,2,0.004,"adj,adj"
the grapes,2,0.004,"other,noun"
bowl and,2,0.004,"noun,other"
drawing the,2,0.004,"verb,other"
the still,2,0.004,"other,adv"
held in,2,0.004,"verb,other"
lace details,2,0.004,"noun,noun"
her long,2,0.004,"other,adj"
down her,2,0.004,"adv,other"
setting appears,2,0.004,"verb,verb"
indoors as,2,0.004,"noun,other"
which the,2,0.004,"other,other"
through which,2,0.004,"other,other"
which she,2,0.004,"other,other"
and buildings,2,0.004,"other,noun"
morisot s,2,0.004,"verb,noun"
immediate surroundings,2,0.004,"adj,noun"
the possibility,2,0.004,"other,noun"
is based,2,0.004,"verb,verb"
artwork beautifully,2,0.004,"noun,adv"
quiet reflection,2,0.004,"adj,noun"
and engagement,2,0.004,"other,adj"
the backdrop,2,0.004,"other,noun"
genre as,2,0.004,"noun,other"
or table,2,0.004,"other,noun"
an arrangement,2,0.004,"other,noun"
roses and,2,0.004,"verb,other"
yellow flowers,2,0.004,"adj,noun"
softly blurred,2,0.004,"adv,verb"
blurred which,2,0.004,"verb,other"
technique used,2,0.004,"noun,adj"
used by,2,0.004,"adj,other"
tranquil domestic,2,0.004,"noun,adj"
likely meant,2,0.004,"adj,verb"
art by,2,0.004,"noun,other"
is typically,2,0.004,"verb,adv"
panels or,2,0.004,"noun,other"
the cross,2,0.004,"other,noun"
with mary,2,0.004,"other,adj"
to either,2,0.004,"other,other"
central image,2,0.004,"adj,noun"
an angelic,2,0.004,"other,adj"
angelic figure,2,0.004,"adj,noun"
accompanied by,2,0.004,"verb,other"
a cherub,2,0.004,"other,noun"
a baby,2,0.004,"other,noun"
common motif,2,0.004,"adj,noun"
in religious,2,0.004,"other,adj"
symbolizing innocence,2,0.004,"verb,noun"
the divine,2,0.004,"other,adj"
renaissance artists,2,0.004,"noun,noun"
for some,2,0.004,"other,other"
religious paintings,2,0.004,"adj,noun"
the description,2,0.004,"other,noun"
style consistent,2,0.004,"noun,adj"
but specific,2,0.004,"other,adj"
may not,2,0.004,"other,adv"
without additional,2,0.004,"other,adj"
girl depicted,2,0.004,"noun,verb"
period known,2,0.004,"noun,verb"
the ethereal,2,0.004,"other,noun"
ethereal beauty,2,0.004,"noun,noun"
give her,2,0.004,"verb,other"
her figure,2,0.004,"other,noun"
introspection or,2,0.004,"noun,other"
simple dress,2,0.004,"noun,noun"
s folds,2,0.004,"noun,noun"
nature or,2,0.004,"adj,other"
subtle and,2,0.004,"adj,other"
with earthy,2,0.004,"other,noun"
that contrast,2,0.004,"other,noun"
lighter hues,2,0.004,"noun,noun"
the entire,2,0.004,"other,adj"
composition exudes,2,0.004,"noun,noun"
hope and,2,0.004,"noun,other"
ascribed to,2,0.004,"verb,other"
and hairstyle,2,0.004,"other,noun"
gives depth,2,0.004,"verb,adj"
curly hair,2,0.004,"adv,adj"
certain level,2,0.004,"adj,noun"
in portraiture,2,0.004,"other,verb"
common during,2,0.004,"adj,other"
light coming,2,0.004,"adj,verb"
upper left,2,0.004,"adj,verb"
this creates,2,0.004,"other,noun"
otherwise be,2,0.004,"adv,verb"
a two,2,0.004,"other,other"
helps to,2,0.004,"verb,other"
or study,2,0.004,"other,verb"
limited with,2,0.004,"verb,other"
and serenity,2,0.004,"other,noun"
was often,2,0.004,"verb,adv"
high social,2,0.004,"adj,adj"
social standing,2,0.004,"adj,verb"
beauty and,2,0.004,"noun,other"
here are,2,0.004,"adv,verb"
some details,2,0.004,"other,noun"
details about,2,0.004,"noun,other"
dominic is,2,0.004,"adj,verb"
attire which,2,0.004,"noun,other"
a lily,2,0.004,"other,adv"
symbol often,2,0.004,"verb,adv"
with purity,2,0.004,"other,noun"
in christian,2,0.004,"other,adj"
art where,2,0.004,"noun,other"
where it,2,0.004,"other,other"
this simplicity,2,0.004,"other,noun"
tones around,2,0.004,"noun,other"
that make,2,0.004,"other,verb"
lighter background,2,0.004,"noun,noun"
symbolic elements,2,0.004,"adj,noun"
is identified,2,0.004,"verb,verb"
renaissance style,2,0.004,"noun,noun"
dimensional forms,2,0.004,"adj,noun"
the naturalistic,2,0.004,"other,adj"
his life,2,0.004,"other,noun"
s hand,2,0.004,"noun,noun"
hand is,2,0.004,"noun,verb"
raised slightly,2,0.004,"verb,adv"
the solemnity,2,0.004,"other,noun"
red curtain,2,0.004,"adj,noun"
curtain in,2,0.004,"noun,other"
shadow gives,2,0.004,"verb,verb"
the careful,2,0.004,"other,adj"
rendering and,2,0.004,"verb,other"
human anatomy,2,0.004,"adj,noun"
a knight,2,0.004,"other,adj"
on horseback,2,0.004,"other,noun"
full armor,2,0.004,"adj,noun"
text that,2,0.004,"other,other"
would likely,2,0.004,"other,adj"
though the,2,0.004,"other,other"
details are,2,0.004,"noun,verb"
clear from,2,0.004,"adj,other"
such monuments,2,0.004,"adj,noun"
statue and,2,0.004,"verb,other"
composition there,2,0.004,"noun,other"
painting characterized,2,0.004,"verb,verb"
shadow across,2,0.004,"verb,other"
celebrating a,2,0.004,"verb,other"
the past,2,0.004,"other,adj"
an artistic,2,0.004,"other,adj"
artistic representation,2,0.004,"adj,noun"
representation that,2,0.004,"noun,other"
convey both,2,0.004,"noun,other"
their status,2,0.004,"other,noun"
artwork portrays,2,0.004,"noun,verb"
around a,2,0.004,"other,other"
jesus christ,2,0.004,"noun,noun"
a state,2,0.004,"other,noun"
the head,2,0.004,"other,noun"
figure are,2,0.004,"noun,verb"
are various,2,0.004,"verb,adj"
in different,2,0.004,"other,adj"
religious figures,2,0.004,"adj,noun"
figures from,2,0.004,"noun,other"
figures appear,2,0.004,"noun,verb"
or looking,2,0.004,"other,verb"
expressions of,2,0.004,"noun,other"
somber atmosphere,2,0.004,"noun,adv"
describe the,2,0.004,"adj,other"
information or,2,0.004,"noun,other"
images it,2,0.004,"noun,other"
to confirm,2,0.004,"other,verb"
which accentuates,2,0.004,"other,verb"
be characteristic,2,0.004,"verb,adj"
art as,2,0.004,"noun,other"
also suggests,2,0.004,"adv,verb"
centered on,2,0.004,"verb,other"
focusing the,2,0.004,"verb,other"
painting from,2,0.004,"verb,other"
who could,2,0.004,"other,other"
a stage,2,0.004,"other,noun"
stage or,2,0.004,"noun,other"
decorative element,2,0.004,"adj,noun"
golden frame,2,0.004,"adj,noun"
its precise,2,0.004,"other,adj"
influence of,2,0.004,"noun,other"
a panel,2,0.004,"other,noun"
judging by,2,0.004,"noun,other"
a contemplative,2,0.004,"other,adj"
face suggesting,2,0.004,"verb,verb"
as what,2,0.004,"other,other"
a doorway,2,0.004,"other,verb"
a column,2,0.004,"other,noun"
and context,2,0.004,"other,adj"
context to,2,0.004,"adj,other"
colors dominating,2,0.004,"noun,adj"
provide contrast,2,0.004,"verb,noun"
effect typical,2,0.004,"noun,adj"
painting techniques,2,0.004,"verb,noun"
perspective to,2,0.004,"adj,other"
wears an,2,0.004,"noun,other"
headdress adorned,2,0.004,"noun,verb"
be pearls,2,0.004,"verb,noun"
embroidered details,2,0.004,"adj,noun"
and naturalistic,2,0.004,"other,adj"
naturalistic enhancing,2,0.004,"adj,verb"
s no,2,0.004,"noun,other"
draws the,2,0.004,"verb,other"
brushstrokes a,2,0.004,"noun,other"
a characteristic,2,0.004,"other,adj"
characteristic feature,2,0.004,"adj,noun"
be of,2,0.004,"verb,other"
wearing the,2,0.004,"verb,other"
detail use,2,0.004,"noun,verb"
seems like,2,0.004,"verb,other"
or royal,2,0.004,"other,noun"
tone of,2,0.004,"noun,other"
her darker,2,0.004,"other,noun"
makes the,2,0.004,"verb,other"
detail suggest,2,0.004,"noun,noun"
and cultural,2,0.004,"other,adj"
cultural context,2,0.004,"adj,adj"
of saint,2,0.004,"other,adj"
dragon in,2,0.004,"noun,other"
and ready,2,0.004,"other,adj"
for combat,2,0.004,"other,noun"
its right,2,0.004,"other,adj"
right suggesting,2,0.004,"adj,verb"
suggesting she,2,0.004,"verb,other"
has just,2,0.004,"verb,adv"
is outdoors,2,0.004,"verb,noun"
outdoors with,2,0.004,"noun,other"
rocky landscape,2,0.004,"adj,noun"
them adding,2,0.004,"other,verb"
the dramatic,2,0.004,"other,adj"
offering some,2,0.004,"verb,other"
the sunlight,2,0.004,"other,verb"
sunlight the,2,0.004,"verb,other"
sea with,2,0.004,"noun,other"
with gentle,2,0.004,"other,adj"
blue for,2,0.004,"noun,other"
sky which,2,0.004,"adj,other"
sorolla the,2,0.004,"noun,other"
serene coastal,2,0.004,"adj,noun"
fishing boats,2,0.004,"verb,noun"
boats moored,2,0.004,"noun,verb"
these boats,2,0.004,"other,noun"
of sunlight,2,0.004,"other,verb"
the mid,2,0.004,"other,verb"
waves gently,2,0.004,"noun,adv"
impressionist technique,2,0.004,"adj,noun"
not contain,2,0.004,"adv,noun"
contain any,2,0.004,"noun,other"
any visible,2,0.004,"other,adj"
text or,2,0.004,"other,other"
itself the,2,0.004,"other,other"
style subject,2,0.004,"noun,adj"
matter and,2,0.004,"noun,other"
peaceful scene,2,0.004,"adj,noun"
humans and,2,0.004,"noun,other"
playing on,2,0.004,"noun,other"
likely the,2,0.004,"adj,other"
sailboat in,2,0.004,"noun,other"
water with,2,0.004,"noun,other"
their dresses,2,0.004,"other,noun"
flowing behind,2,0.004,"verb,other"
behind all,2,0.004,"other,other"
all three,2,0.004,"other,other"
bright sunlight,2,0.004,"verb,verb"
illuminating the,2,0.004,"verb,other"
the texture,2,0.004,"other,noun"
texture of,2,0.004,"noun,other"
sand and,2,0.004,"noun,other"
text within,2,0.004,"other,other"
scene where,2,0.004,"noun,other"
than meticulous,2,0.004,"other,adj"
high neckline,2,0.004,"adj,adj"
or elegant,2,0.004,"other,verb"
child seems,2,0.004,"noun,verb"
be walking,2,0.004,"verb,verb"
while looking,2,0.004,"other,verb"
looking back,2,0.004,"verb,adv"
also looking,2,0.004,"adv,verb"
beach with,2,0.004,"noun,other"
background suggesting,2,0.004,"noun,verb"
suggests either,2,0.004,"verb,other"
either early,2,0.004,"other,adj"
early morning,2,0.004,"adj,noun"
morning or,2,0.004,"noun,other"
or late,2,0.004,"other,adj"
late afternoon,2,0.004,"adj,noun"
when the,2,0.004,"other,other"
the sun,2,0.004,"other,adj"
this scene,2,0.004,"other,noun"
scene takes,2,0.004,"noun,verb"
takes place,2,0.004,"verb,noun"
culture the,2,0.004,"noun,other"
artist joaquín,2,0.004,"noun,noun"
vibrant beach,2,0.004,"adj,noun"
the belle,2,0.004,"other,noun"
belle epoque,2,0.004,"noun,verb"
epoque period,2,0.004,"verb,noun"
19th and,2,0.004,"other,other"
and early,2,0.004,"other,adj"
20th centuries,2,0.004,"other,noun"
time in,2,0.004,"noun,other"
coastal setting,2,0.004,"noun,verb"
was likely,2,0.004,"verb,adj"
ocean or,2,0.004,"noun,other"
the older,2,0.004,"other,adj"
the younger,2,0.004,"other,adj"
hands as,2,0.004,"noun,other"
explore the,2,0.004,"other,other"
colored dresses,2,0.004,"adj,noun"
they may,2,0.004,"other,other"
enjoying a,2,0.004,"verb,other"
edge the,2,0.004,"noun,other"
greens reflecting,2,0.004,"noun,verb"
the day,2,0.004,"other,noun"
signature at,2,0.004,"noun,other"
right that,2,0.004,"adj,other"
that reads,2,0.004,"other,noun"
by spanish,2,0.004,"other,adj"
spanish artist,2,0.004,"adj,noun"
scene painted,2,0.004,"noun,verb"
horse and,2,0.004,"noun,other"
horse is,2,0.004,"noun,verb"
in from,2,0.004,"other,other"
horizon line,2,0.004,"noun,noun"
impressionist artist,2,0.004,"adj,noun"
harmony between,2,0.004,"noun,other"
captured through,2,0.004,"verb,other"
artistic expression,2,0.004,"adj,noun"
influenced by,2,0.004,"adj,other"
vibrant use,2,0.004,"adj,verb"
a part,2,0.004,"other,noun"
hall of,2,0.004,"noun,other"
where light,2,0.004,"other,adj"
garden is,2,0.004,"noun,verb"
with greenery,2,0.004,"other,noun"
with cooler,2,0.004,"other,verb"
light suggests,2,0.004,"adj,verb"
either dawn,2,0.004,"other,noun"
dawn or,2,0.004,"noun,other"
or dusk,2,0.004,"other,noun"
and composition,2,0.004,"other,noun"
strolling along,2,0.004,"verb,other"
outfit is,2,0.004,"verb,verb"
is complemented,2,0.004,"verb,verb"
a parasol,2,0.004,"other,noun"
right appears,2,0.004,"adj,verb"
fashionable style,2,0.004,"adj,noun"
walk along,2,0.004,"verb,other"
shows the,2,0.004,"verb,other"
on water,2,0.004,"other,noun"
sand the,2,0.004,"noun,other"
of leisurely,2,0.004,"other,adv"
be considered,2,0.004,"verb,verb"
considered a,2,0.004,"verb,other"
its changing,2,0.004,"other,verb"
are small,2,0.004,"verb,adj"
small and,2,0.004,"adj,other"
and traditional,2,0.004,"other,adj"
onto the,2,0.004,"other,other"
shore the,2,0.004,"noun,other"
people in,2,0.004,"noun,other"
the coastal,2,0.004,"other,noun"
several boats,2,0.004,"adj,noun"
the sandy,2,0.004,"other,adj"
activity of,2,0.004,"noun,other"
be engrossed,2,0.004,"verb,verb"
her her,2,0.004,"other,other"
her presence,2,0.004,"other,noun"
natural landscape,2,0.004,"adj,noun"
solitude and,2,0.004,"noun,other"
activity the,2,0.004,"noun,other"
light of,2,0.004,"adj,other"
out the,2,0.004,"other,other"
the oxen,2,0.004,"other,noun"
brown and,2,0.004,"noun,other"
and appear,2,0.004,"other,verb"
an expansive,2,0.004,"other,adj"
lighting on,2,0.004,"verb,other"
pears and,2,0.004,"noun,other"
plate there,2,0.004,"noun,other"
which seem,2,0.004,"other,noun"
more abstract,2,0.004,"adv,adj"
manner giving,2,0.004,"adj,verb"
brighter hues,2,0.004,"noun,noun"
and choice,2,0.004,"other,noun"
matter suggest,2,0.004,"noun,noun"
study which,2,0.004,"verb,other"
s approach,2,0.004,"noun,noun"
park or,2,0.004,"noun,other"
are shown,2,0.004,"verb,verb"
a view,2,0.004,"other,noun"
simple everyday,2,0.004,"noun,adj"
white bowl,2,0.004,"adj,noun"
with fruit,2,0.004,"other,noun"
a cloth,2,0.004,"other,noun"
vibrantly colored,2,0.004,"adv,adj"
bowl there,2,0.004,"noun,other"
water or,2,0.004,"noun,other"
window with,2,0.004,"verb,other"
allowing light,2,0.004,"verb,adj"
illuminate the,2,0.004,"adv,other"
texture which,2,0.004,"noun,other"
loose yet,2,0.004,"adj,adv"
both dynamic,2,0.004,"other,adj"
and apples,2,0.004,"other,noun"
accurately describes,2,0.004,"adv,adj"
main elements,2,0.004,"adj,noun"
a fruit,2,0.004,"other,noun"
bowl or,2,0.004,"noun,other"
glass filled,2,0.004,"noun,verb"
its technical,2,0.004,"other,adj"
technical mastery,2,0.004,"adj,noun"
harmony and,2,0.004,"noun,other"
trees the,2,0.004,"noun,other"
earthy with,2,0.004,"noun,other"
texture in,2,0.004,"noun,other"
foliage and,2,0.004,"noun,other"
building s,2,0.004,"noun,noun"
rural landscape,2,0.004,"adj,noun"
the houses,2,0.004,"other,noun"
foliage of,2,0.004,"noun,other"
an area,2,0.004,"other,noun"
with dense,2,0.004,"other,adj"
punctuated by,2,0.004,"adj,other"
fluffy white,2,0.004,"adj,adj"
unique method,2,0.004,"adj,verb"
method of,2,0.004,"verb,other"
of painting,2,0.004,"other,verb"
often referred,2,0.004,"adv,verb"
of solidity,2,0.004,"other,noun"
solidity and,2,0.004,"noun,other"
also maintaining,2,0.004,"adv,verb"
element that,2,0.004,"noun,other"
that challenges,2,0.004,"other,noun"
objects arranged,2,0.004,"noun,verb"
of fruits,2,0.004,"other,noun"
milk can,2,0.004,"verb,other"
partially visible,2,0.004,"adv,adj"
these items,2,0.004,"other,noun"
cloth that,2,0.004,"noun,other"
been casually,2,0.004,"verb,adv"
casually draped,2,0.004,"adv,verb"
painting done,2,0.004,"verb,verb"
light over,2,0.004,"adj,other"
fruits there,2,0.004,"noun,other"
bottle with,2,0.004,"adj,other"
a plant,2,0.004,"other,noun"
cezanne is,2,0.004,"noun,verb"
his still,2,0.004,"other,adv"
life paintings,2,0.004,"noun,noun"
paintings that,2,0.004,"noun,other"
beauty in,2,0.004,"noun,other"
its depiction,2,0.004,"other,noun"
portrayed in,2,0.004,"verb,other"
clown on,2,0.004,"verb,other"
and feathers,2,0.004,"other,noun"
collar that,2,0.004,"noun,other"
patterns in,2,0.004,"noun,other"
in red,2,0.004,"other,adj"
and black,2,0.004,"other,adj"
black with,2,0.004,"adj,other"
the outfit,2,0.004,"other,verb"
moment that,2,0.004,"noun,other"
audience the,2,0.004,"noun,other"
impressionist period,2,0.004,"adj,noun"
vibrant hues,2,0.004,"adj,noun"
a wall,2,0.004,"other,noun"
with blue,2,0.004,"other,noun"
the bouquet,2,0.004,"other,verb"
space and,2,0.004,"noun,other"
titled still,2,0.004,"verb,adv"
a greenhouse,2,0.004,"other,noun"
dark colored,2,0.004,"adj,adj"
a bodice,2,0.004,"other,adj"
gentle shadows,2,0.004,"adj,verb"
body which,2,0.004,"noun,other"
plants and,2,0.004,"noun,other"
warm color,2,0.004,"adj,noun"
allowing natural,2,0.004,"verb,adj"
is engaged,2,0.004,"verb,verb"
together on,2,0.004,"adv,other"
a subtle,2,0.004,"other,adj"
his focus,2,0.004,"other,noun"
to define,2,0.004,"other,noun"
it focuses,2,0.004,"other,noun"
distinctive post,2,0.004,"adj,noun"
cezanne the,2,0.004,"noun,other"
warm contrast,2,0.004,"adj,noun"
an additional,2,0.004,"other,adj"
them a,2,0.004,"other,other"
a mature,2,0.004,"other,noun"
add texture,2,0.004,"adj,noun"
are vivid,2,0.004,"verb,other"
foliage the,2,0.004,"noun,other"
quiet introspection,2,0.004,"adj,noun"
introspection for,2,0.004,"noun,other"
s influence,2,0.004,"noun,noun"
volume the,2,0.004,"noun,other"
with many,2,0.004,"other,adj"
impressionist works,2,0.004,"adj,verb"
its title,2,0.004,"other,noun"
title still,2,0.004,"noun,adv"
red onions,2,0.004,"adj,noun"
with ripe,2,0.004,"other,noun"
have a,2,0.004,"verb,other"
vibrant contrast,2,0.004,"adj,noun"
other elements,2,0.004,"adj,noun"
the tomatoes,2,0.004,"other,verb"
adding texture,2,0.004,"verb,noun"
and vegetables,2,0.004,"other,noun"
shape possibly,2,0.004,"noun,adv"
table on,2,0.004,"noun,other"
be made,2,0.004,"verb,verb"
pale blue,2,0.004,"adj,noun"
blue wall,2,0.004,"noun,noun"
architectural details,2,0.004,"adj,noun"
or doorway,2,0.004,"other,verb"
table adding,2,0.004,"noun,verb"
the reds,2,0.004,"other,verb"
s interest,2,0.004,"noun,noun"
as his,2,0.004,"other,other"
study of,2,0.004,"verb,other"
central to,2,0.004,"adj,other"
and some,2,0.004,"other,other"
the skull,2,0.004,"other,adj"
is situated,2,0.004,"verb,verb"
extends across,2,0.004,"verb,other"
scattered across,2,0.004,"verb,other"
life a,2,0.004,"noun,other"
that focuses,2,0.004,"other,noun"
items such,2,0.004,"noun,adj"
and nuance,2,0.004,"other,noun"
and highlights,2,0.004,"other,noun"
subtle variations,2,0.004,"adj,noun"
variations in,2,0.004,"noun,other"
bathers by,2,0.004,"noun,other"
striking example,2,0.004,"verb,noun"
a forested,2,0.004,"other,verb"
forested area,2,0.004,"verb,noun"
area the,2,0.004,"noun,other"
the cubist,2,0.004,"other,noun"
pink blue,2,0.004,"adj,noun"
setting for,2,0.004,"verb,other"
manner while,2,0.004,"adj,other"
of realism,2,0.004,"other,noun"
reading or,2,0.004,"verb,other"
and brown,2,0.004,"other,noun"
on bold,2,0.004,"other,verb"
seen throughout,2,0.004,"verb,other"
throughout this,2,0.004,"other,other"
this portrait,2,0.004,"other,verb"
portrait the,2,0.004,"verb,other"
and contemplation,2,0.004,"other,noun"
standing with,2,0.004,"verb,other"
something out,2,0.004,"noun,other"
s skin,2,0.004,"noun,noun"
patterns or,2,0.004,"noun,other"
or objects,2,0.004,"other,noun"
leading towards,2,0.004,"verb,noun"
small village,2,0.004,"adj,verb"
trees in,2,0.004,"noun,other"
division of,2,0.004,"noun,other"
forms into,2,0.004,"noun,other"
the palette,2,0.004,"other,noun"
orange yellow,2,0.004,"noun,adj"
like blue,2,0.004,"other,noun"
the trees,2,0.004,"other,noun"
his unique,2,0.004,"other,adj"
texture that,2,0.004,"noun,other"
cubist principles,2,0.004,"noun,noun"
shuttered windows,2,0.004,"verb,noun"
windows the,2,0.004,"noun,other"
setting sun,2,0.004,"verb,adj"
impressionistic quality,2,0.004,"adj,noun"
be another,2,0.004,"verb,other"
another structure,2,0.004,"other,noun"
covered in,2,0.004,"verb,other"
the geometric,2,0.004,"other,adj"
connection with,2,0.004,"noun,other"
features multiple,2,0.004,"noun,adj"
multiple levels,2,0.004,"adj,noun"
house has,2,0.004,"noun,verb"
are likely,2,0.004,"verb,adj"
is written,2,0.004,"verb,verb"
on this,2,0.004,"other,other"
a pediatrician,2,0.004,"other,adj"
that there,2,0.004,"other,other"
also other,2,0.004,"adv,adj"
similar script,2,0.004,"adj,noun"
clearly legible,2,0.004,"adv,adj"
of people,2,0.004,"other,noun"
adds life,2,0.004,"verb,noun"
of place,2,0.004,"other,noun"
place and,2,0.004,"noun,other"
or painting,2,0.004,"other,verb"
small drawing,2,0.004,"adj,verb"
drawing room,2,0.004,"verb,noun"
and forms,2,0.004,"other,noun"
to interpretation,2,0.004,"other,noun"
cabinet or,2,0.004,"verb,other"
suggestion of,2,0.004,"noun,other"
room features,2,0.004,"noun,noun"
to us,2,0.004,"other,other"
other two,2,0.004,"adj,other"
the chairs,2,0.004,"other,noun"
or artwork,2,0.004,"other,noun"
hanging on,2,0.004,"verb,other"
and distance,2,0.004,"other,noun"
distance from,2,0.004,"noun,other"
the drawing,2,0.004,"other,verb"
with large,2,0.004,"other,adj"
leaves that,2,0.004,"verb,other"
natural element,2,0.004,"adj,noun"
walls are,2,0.004,"noun,verb"
abstract as,2,0.004,"adj,other"
for realism,2,0.004,"other,noun"
but instead,2,0.004,"other,adv"
room filled,2,0.004,"noun,verb"
and contrasting,2,0.004,"other,verb"
often seeks,2,0.004,"adv,verb"
a rustic,2,0.004,"other,adj"
of work,2,0.004,"other,verb"
work or,2,0.004,"verb,other"
floating or,2,0.004,"verb,other"
or flying,2,0.004,"other,verb"
sky this,2,0.004,"adj,other"
add to,2,0.004,"adj,other"
house or,2,0.004,"noun,other"
stands in,2,0.004,"verb,other"
quite vivid,2,0.004,"adv,other"
vivid with,2,0.004,"other,other"
sky and,2,0.004,"adj,other"
textural quality,2,0.004,"adj,noun"
piece by,2,0.004,"noun,other"
by marc,2,0.004,"other,verb"
with symbolism,2,0.004,"other,noun"
color characteristic,2,0.004,"noun,adj"
house that,2,0.004,"noun,other"
windows and,2,0.004,"noun,other"
the door,2,0.004,"other,noun"
board with,2,0.004,"noun,other"
the burning,2,0.004,"other,verb"
his posture,2,0.004,"other,noun"
suggests he,2,0.004,"verb,other"
frame a,2,0.004,"noun,other"
large bird,2,0.004,"adj,noun"
possibly an,2,0.004,"adv,other"
dynamic element,2,0.004,"adj,noun"
another figure,2,0.004,"other,noun"
is present,2,0.004,"verb,adj"
like features,2,0.004,"other,noun"
left a,2,0.004,"verb,other"
a cow,2,0.004,"other,adj"
surrounding it,2,0.004,"verb,other"
cow s,2,0.004,"adj,noun"
of pastoral,2,0.004,"other,adj"
with vibrant,2,0.004,"other,adj"
are prominent,2,0.004,"verb,noun"
expressive quality,2,0.004,"adj,noun"
a range,2,0.004,"other,verb"
of emotions,2,0.004,"other,noun"
express the,2,0.004,"noun,other"
a metaphor,2,0.004,"other,noun"
metaphor for,2,0.004,"noun,other"
themes such,2,0.004,"noun,adj"
or primitivism,2,0.004,"other,noun"
an elderly,2,0.004,"other,adv"
facing away,2,0.004,"verb,adv"
from us,2,0.004,"other,other"
significant portion,2,0.004,"adj,noun"
be relaxed,2,0.004,"verb,verb"
and perhaps,2,0.004,"other,adv"
pictures or,2,0.004,"noun,other"
patterns which,2,0.004,"noun,other"
aims to,2,0.004,"verb,other"
or purity,2,0.004,"other,noun"
with elements,2,0.004,"other,noun"
the same,2,0.004,"other,adj"
a smaller,2,0.004,"other,adj"
details on,2,0.004,"noun,other"
window draped,2,0.004,"verb,verb"
right a,2,0.004,"adj,other"
door or,2,0.004,"noun,other"
signature marc,2,0.004,"noun,verb"
chagall is,2,0.004,"verb,verb"
is subtly,2,0.004,"verb,adv"
subtly placed,2,0.004,"adv,verb"
in keeping,2,0.004,"other,verb"
keeping with,2,0.004,"verb,other"
and directness,2,0.004,"other,noun"
image conveys,2,0.004,"noun,noun"
drawn from,2,0.004,"noun,other"
depicting an,2,0.004,"noun,other"
horse that,2,0.004,"noun,other"
left arm,2,0.004,"verb,noun"
an apple,2,0.004,"other,noun"
may symbolize,2,0.004,"other,verb"
symbolize the,2,0.004,"verb,other"
man dressed,2,0.004,"noun,verb"
not explicitly,2,0.004,"adv,adv"
defined but,2,0.004,"adj,other"
open sky,2,0.004,"adj,adj"
corner the,2,0.004,"noun,other"
a lack,2,0.004,"other,noun"
a childlike,2,0.004,"other,verb"
red for,2,0.004,"adj,other"
s oeuvre,2,0.004,"noun,noun"
of joseph,2,0.004,"other,verb"
potiphar s,2,0.004,"noun,noun"
or biblical,2,0.004,"other,adj"
right stands,2,0.004,"adj,verb"
to traditional,2,0.004,"other,adj"
styles the,2,0.004,"noun,other"
and narrative,2,0.004,"other,adj"
includes elements,2,0.004,"verb,noun"
or drapery,2,0.004,"other,noun"
a bedroom,2,0.004,"other,adj"
bedroom or,2,0.004,"adj,other"
place the,2,0.004,"noun,other"
intensity of,2,0.004,"noun,other"
genre this,2,0.004,"noun,other"
indicating his,2,0.004,"verb,other"
artistic approach,2,0.004,"adj,noun"
pastoral scene,2,0.004,"adj,noun"
standing and,2,0.004,"verb,other"
and holding,2,0.004,"other,verb"
gazing off,2,0.004,"verb,other"
beside him,2,0.004,"noun,other"
him stands,2,0.004,"other,verb"
direction the,2,0.004,"noun,other"
dotted with,2,0.004,"verb,other"
joseph s,2,0.004,"verb,noun"
primitivism the,2,0.004,"noun,other"
subjects often,2,0.004,"noun,adv"
flayed ox,2,0.004,"verb,adj"
its skin,2,0.004,"other,noun"
to reveal,2,0.004,"other,verb"
the animal,2,0.004,"other,adj"
standing upright,2,0.004,"verb,adj"
legs which,2,0.004,"noun,other"
human like,2,0.004,"adj,other"
stars and,2,0.004,"noun,other"
celestial bodies,2,0.004,"adj,noun"
surrounding environment,2,0.004,"verb,noun"
small town,2,0.004,"adj,noun"
or village,2,0.004,"other,verb"
white the,2,0.004,"adj,other"
others are,2,0.004,"noun,verb"
are situated,2,0.004,"verb,verb"
ground level,2,0.004,"noun,noun"
level the,2,0.004,"noun,other"
manner consistent,2,0.004,"adj,adj"
blues yellows,2,0.004,"noun,noun"
features in,2,0.004,"noun,other"
fantastical elements,2,0.004,"adj,noun"
as is,2,0.004,"other,verb"
in flowing,2,0.004,"other,verb"
surreal nature,2,0.004,"adj,adj"
the dream,2,0.004,"other,noun"
the horsewoman,2,0.004,"other,verb"
figure wearing,2,0.004,"noun,verb"
other figure,2,0.004,"adj,noun"
is less,2,0.004,"verb,adj"
female with,2,0.004,"adj,other"
perhaps symbolizing,2,0.004,"adv,verb"
image suggesting,2,0.004,"noun,verb"
themes of,2,0.004,"noun,other"
life which,2,0.004,"noun,other"
side adding,2,0.004,"verb,verb"
be found,2,0.004,"verb,verb"
time and,2,0.004,"noun,other"
between different,2,0.004,"other,adj"
different elements,2,0.004,"adj,noun"
as red,2,0.004,"other,adj"
sky enhances,2,0.004,"adj,verb"
elements within,2,0.004,"noun,other"
often using,2,0.004,"adv,verb"
gentle expression,2,0.004,"adj,noun"
item she,2,0.004,"noun,other"
harmoniously with,2,0.004,"adv,other"
the object,2,0.004,"other,adj"
working on,2,0.004,"verb,other"
on something,2,0.004,"other,noun"
a needle,2,0.004,"other,adj"
needle and,2,0.004,"adj,other"
and thread,2,0.004,"other,verb"
an array,2,0.004,"other,noun"
the plants,2,0.004,"other,noun"
their shapes,2,0.004,"other,noun"
form while,2,0.004,"noun,other"
frida kahlo,2,0.004,"verb,adj"
of watermelon,2,0.004,"other,adj"
one closer,2,0.004,"other,adv"
viewer than,2,0.004,"noun,other"
is split,2,0.004,"verb,noun"
its rich,2,0.004,"other,adj"
of one,2,0.004,"other,other"
bird has,2,0.004,"noun,verb"
beneath it,2,0.004,"noun,other"
painting this,2,0.004,"verb,other"
and textures,2,0.004,"other,noun"
featuring various,2,0.004,"noun,adj"
sections of,2,0.004,"noun,other"
palette typical,2,0.004,"noun,adj"
kahlo s,2,0.004,"adj,noun"
or primitivist,2,0.004,"other,verb"
with simple,2,0.004,"other,noun"
a cursive,2,0.004,"other,adj"
has light,2,0.004,"verb,adj"
light hair,2,0.004,"adj,adj"
also wearing,2,0.004,"adv,verb"
lace collar,2,0.004,"noun,noun"
is minimal,2,0.004,"verb,adj"
was never,2,0.004,"verb,adv"
semiramis building,2,0.004,"adj,noun"
building babylon,2,0.004,"noun,noun"
shading to,2,0.004,"verb,other"
a majestic,2,0.004,"other,adj"
or shoreline,2,0.004,"other,adj"
ancient times,2,0.004,"adj,noun"
characters the,2,0.004,"noun,other"
mid performance,2,0.004,"verb,noun"
figure appears,2,0.004,"noun,verb"
arms are,2,0.004,"noun,verb"
and drama,2,0.004,"other,verb"
costume with,2,0.004,"noun,other"
featuring warm,2,0.004,"noun,adj"
dancers and,2,0.004,"noun,other"
flowers on,2,0.004,"noun,other"
leg extended,2,0.004,"verb,verb"
the ballerina,2,0.004,"other,noun"
elegance her,2,0.004,"noun,other"
a tutu,2,0.004,"other,noun"
traditional ballet,2,0.004,"adj,noun"
ballet attire,2,0.004,"noun,noun"
dancer in,2,0.004,"noun,other"
be other,2,0.004,"verb,adj"
a theater,2,0.004,"other,noun"
places the,2,0.004,"noun,other"
ballerina in,2,0.004,"noun,other"
context as,2,0.004,"adj,other"
a dreamy,2,0.004,"other,adj"
dreamy quality,2,0.004,"adj,noun"
title dancer,2,0.004,"noun,noun"
dancer with,2,0.004,"noun,other"
the star,2,0.004,"other,noun"
her in,2,0.004,"other,other"
his style,2,0.004,"other,noun"
of loose,2,0.004,"other,adj"
captivating impressionist,2,0.004,"verb,adj"
by edgar,2,0.004,"other,verb"
and brushstrokes,2,0.004,"other,noun"
emphasis is,2,0.004,"noun,verb"
almost ethereal,2,0.004,"adv,noun"
or dressing,2,0.004,"other,verb"
painting although,2,0.004,"verb,other"
his paintings,2,0.004,"other,noun"
and scenes,2,0.004,"other,noun"
so this,2,0.004,"adv,other"
within his,2,0.004,"other,other"
brushwork are,2,0.004,"noun,verb"
visible strokes,2,0.004,"adj,noun"
the atmospheric,2,0.004,"other,adj"
dancer s,2,0.004,"noun,noun"
before or,2,0.004,"other,other"
or after,2,0.004,"other,other"
style suggests,2,0.004,"noun,verb"
era of,2,0.004,"verb,other"
its visible,2,0.004,"other,adj"
dynamic compositions,2,0.004,"adj,noun"
evident here,2,0.004,"adj,adv"
room or,2,0.004,"noun,other"
this choice,2,0.004,"other,noun"
not sharply,2,0.004,"adv,adv"
sharply defined,2,0.004,"adv,adj"
her task,2,0.004,"other,noun"
life of,2,0.004,"noun,other"
colors characteristic,2,0.004,"noun,adj"
painting we,2,0.004,"verb,other"
see two,2,0.004,"noun,other"
back turned,2,0.004,"adv,verb"
us as,2,0.004,"other,other"
as another,2,0.004,"other,other"
stands behind,2,0.004,"verb,other"
through her,2,0.004,"other,other"
and care,2,0.004,"other,noun"
grid structure,2,0.004,"adj,noun"
featuring shades,2,0.004,"noun,noun"
blue in,2,0.004,"noun,other"
of rectangles,2,0.004,"other,noun"
and squares,2,0.004,"other,noun"
placed within,2,0.004,"verb,other"
spans across,2,0.004,"noun,other"
neoplasticism which,2,0.004,"noun,other"
to art,2,0.004,"other,noun"
simple geometric,2,0.004,"noun,adj"
mondrian s,2,0.004,"adj,noun"
of vertical,2,0.004,"other,adj"
like structure,2,0.004,"other,noun"
various colors,2,0.004,"adj,noun"
as blue,2,0.004,"other,noun"
blue yellow,2,0.004,"noun,adj"
is set,2,0.004,"verb,noun"
that also,2,0.004,"other,adv"
depiction the,2,0.004,"noun,other"
a clean,2,0.004,"other,verb"
look that,2,0.004,"noun,other"
their most,2,0.004,"other,adv"
grid pattern,2,0.004,"adj,adj"
of squares,2,0.004,"other,noun"
and gray,2,0.004,"other,adj"
to achieve,2,0.004,"other,verb"
with grid,2,0.004,"other,adj"
young harlequin,2,0.004,"adj,noun"
harlequin from,2,0.004,"noun,other"
from traditional,2,0.004,"other,adj"
adult figure,2,0.004,"noun,noun"
a big,2,0.004,"other,adj"
presumably the,2,0.004,"adv,other"
the young,2,0.004,"other,adj"
outfit with,2,0.004,"verb,other"
red yellow,2,0.004,"adj,adj"
similar to,2,0.004,"adj,other"
s costume,2,0.004,"noun,noun"
and legs,2,0.004,"other,noun"
their head,2,0.004,"other,noun"
they have,2,0.004,"other,verb"
as contemplative,2,0.004,"other,adj"
building or,2,0.004,"noun,other"
of form,2,0.004,"other,noun"
draped around,2,0.004,"verb,other"
brushwork that,2,0.004,"noun,other"
elements are,2,0.004,"noun,verb"
intimate connection,2,0.004,"verb,noun"
striking and,2,0.004,"verb,other"
somewhat abstracted,2,0.004,"adv,verb"
has large,2,0.004,"verb,adj"
be focused,2,0.004,"verb,verb"
straight nose,2,0.004,"adj,verb"
full lips,2,0.004,"adj,verb"
is bold,2,0.004,"verb,verb"
be limited,2,0.004,"verb,verb"
limited to,2,0.004,"verb,other"
of purple,2,0.004,"other,noun"
brushwork suggests,2,0.004,"noun,verb"
application of,2,0.004,"noun,other"
of paint,2,0.004,"other,noun"
paint with,2,0.004,"noun,other"
when he,2,0.004,"other,other"
he was,2,0.004,"other,verb"
bears the,2,0.004,"verb,other"
picasso in,2,0.004,"noun,other"
a date,2,0.004,"other,noun"
most essential,2,0.004,"adv,adj"
conveying the,2,0.004,"verb,other"
a character,2,0.004,"other,noun"
character that,2,0.004,"noun,other"
forward with,2,0.004,"adv,other"
their hands,2,0.004,"other,noun"
organic shapes,2,0.004,"adj,noun"
limited focusing,2,0.004,"verb,verb"
are exaggerated,2,0.004,"verb,adj"
is stylized,2,0.004,"verb,verb"
stylized in,2,0.004,"verb,other"
piece seems,2,0.004,"noun,verb"
of playfulness,2,0.004,"other,noun"
character s,2,0.004,"noun,noun"
and influence,2,0.004,"other,noun"
image to,2,0.004,"noun,other"
further context,2,0.004,"adv,adj"
traditional or,2,0.004,"adj,other"
covers her,2,0.004,"noun,other"
as part,2,0.004,"other,noun"
expressive which,2,0.004,"adj,other"
expressionism with,2,0.004,"noun,other"
the waist,2,0.004,"other,noun"
it she,2,0.004,"other,other"
flower or,2,0.004,"verb,other"
neutral and,2,0.004,"adj,other"
appearance that,2,0.004,"noun,other"
realistic details,2,0.004,"adj,noun"
hues with,2,0.004,"noun,other"
without detracting,2,0.004,"other,verb"
emotion over,2,0.004,"noun,other"
and surfaces,2,0.004,"other,noun"
guitar is,2,0.004,"verb,verb"
with synthetic,2,0.004,"other,adj"
synthetic cubist,2,0.004,"adj,noun"
the elements,2,0.004,"other,noun"
of geometric,2,0.004,"other,adj"
visual experience,2,0.004,"adj,noun"
angular lines,2,0.004,"adj,noun"
this kind,2,0.004,"other,noun"
elements from,2,0.004,"noun,other"
from different,2,0.004,"other,adj"
text elements,2,0.004,"other,noun"
are common,2,0.004,"verb,adj"
or initials,2,0.004,"other,noun"
of abstraction,2,0.004,"other,noun"
to interpret,2,0.004,"other,adj"
interpret the,2,0.004,"adj,other"
a lithograph,2,0.004,"other,verb"
a neoclassical,2,0.004,"other,noun"
are drawn,2,0.004,"verb,noun"
drawn with,2,0.004,"noun,other"
with clean,2,0.004,"other,verb"
minimal shading,2,0.004,"adj,verb"
at her,2,0.004,"other,other"
ground as,2,0.004,"noun,other"
looking up,2,0.004,"verb,other"
bench with,2,0.004,"noun,other"
leg crossed,2,0.004,"verb,verb"
draped elegantly,2,0.004,"verb,adv"
drapery of,2,0.004,"noun,other"
and classical,2,0.004,"other,adj"
quiet elegance,2,0.004,"adj,noun"
art forms,2,0.004,"noun,noun"
facing left,2,0.004,"verb,verb"
left with,2,0.004,"verb,other"
shoulder while,2,0.004,"noun,other"
and adherence,2,0.004,"other,noun"
drapery and,2,0.004,"noun,other"
subtle modeling,2,0.004,"adj,verb"
modeling of,2,0.004,"verb,other"
is focused,2,0.004,"verb,verb"
aesthetic qualities,2,0.004,"adj,noun"
with this,2,0.004,"other,other"
across different,2,0.004,"other,adj"
classical styles,2,0.004,"adj,noun"
style artwork,2,0.004,"noun,noun"
stands with,2,0.004,"verb,other"
sits comfortably,2,0.004,"noun,adv"
state the,2,0.004,"noun,other"
s content,2,0.004,"noun,noun"
and at,2,0.004,"other,other"
distance adding,2,0.004,"noun,verb"
her child,2,0.004,"other,noun"
this use,2,0.004,"other,verb"
of familial,2,0.004,"other,adj"
immediacy and,2,0.004,"verb,other"
and warmth,2,0.004,"other,noun"
or mythology,2,0.004,"other,noun"
perhaps in,2,0.004,"adv,other"
with dynamic,2,0.004,"other,adj"
a background,2,0.004,"other,noun"
conveyed through,2,0.004,"adj,other"
technique that,2,0.004,"noun,other"
be inspired,2,0.004,"verb,verb"
interaction between,2,0.004,"noun,other"
individual is,2,0.004,"adj,verb"
impressionism as,2,0.004,"noun,other"
artistic vision,2,0.004,"adj,noun"
this depiction,2,0.004,"other,noun"
corner affirming,2,0.004,"noun,noun"
s identity,2,0.004,"noun,noun"
to break,2,0.004,"other,noun"
neoclassical genre,2,0.004,"noun,noun"
background depicts,2,0.004,"noun,noun"
of vegetation,2,0.004,"other,noun"
subjects from,2,0.004,"noun,other"
history or,2,0.004,"noun,other"
aesthetics the,2,0.004,"noun,other"
mythological context,2,0.004,"adj,adj"
emotion as,2,0.004,"noun,other"
mythology history,2,0.004,"noun,noun"
backrest she,2,0.004,"adj,other"
the meticulous,2,0.004,"other,adj"
atop a,2,0.004,"noun,other"
child appears,2,0.004,"noun,verb"
clothing with,2,0.004,"verb,other"
robe and,2,0.004,"noun,other"
the donkey,2,0.004,"other,noun"
a harness,2,0.004,"other,noun"
presumably named,2,0.004,"adv,verb"
manner characteristic,2,0.004,"adj,adj"
serves to,2,0.004,"noun,other"
certain aspects,2,0.004,"adj,verb"
aspects of,2,0.004,"verb,other"
the eyes,2,0.004,"other,noun"
back to,2,0.004,"adv,other"
subject of,2,0.004,"adj,other"
as pablo,2,0.004,"other,adj"
picasso the,2,0.004,"noun,other"
works in,2,0.004,"verb,other"
of style,2,0.004,"other,noun"
particularly evident,2,0.004,"adv,adj"
and gives,2,0.004,"other,verb"
figure a,2,0.004,"noun,other"
lifelike quality,2,0.004,"other,noun"
portraits that,2,0.004,"noun,other"
individual the,2,0.004,"adj,other"
elegance or,2,0.004,"noun,other"
like contributing,2,0.004,"other,verb"
abstracted with,2,0.004,"verb,other"
patterns rather,2,0.004,"noun,adv"
the boy,2,0.004,"other,adj"
that define,2,0.004,"other,noun"
or upholstery,2,0.004,"other,adj"
confirming the,2,0.004,"verb,other"
downwards the,2,0.004,"noun,other"
white with,2,0.004,"adj,other"
its backrest,2,0.004,"other,adj"
a girl,2,0.004,"other,noun"
elements like,2,0.004,"noun,other"
top right,2,0.004,"adj,adj"
predominantly blue,2,0.004,"adv,noun"
s emphasis,2,0.004,"noun,noun"
indeed reminiscent,2,0.004,"adv,adj"
their simplicity,2,0.004,"other,noun"
however without,2,0.004,"adv,other"
without more,2,0.004,"other,adv"
more context,2,0.004,"adv,adj"
is difficult,2,0.004,"verb,adj"
the geranium,2,0.004,"other,noun"
red flowers,2,0.004,"adj,noun"
that resemble,2,0.004,"other,adj"
the fauvist,2,0.004,"other,adj"
fauvist movement,2,0.004,"adj,noun"
bright hues,2,0.004,"verb,noun"
one can,2,0.004,"other,other"
various shades,2,0.004,"adj,noun"
of day,2,0.004,"other,noun"
which create,2,0.004,"other,noun"
color here,2,0.004,"noun,adv"
also to,2,0.004,"adv,other"
table adorned,2,0.004,"noun,verb"
objects the,2,0.004,"noun,other"
lush foliage,2,0.004,"noun,noun"
the domestic,2,0.004,"other,adj"
expressive characterized,2,0.004,"adj,verb"
pattern which,2,0.004,"adj,other"
blend together,2,0.004,"verb,adv"
of dance,2,0.004,"other,noun"
harmony in,2,0.004,"noun,other"
reinforcing the,2,0.004,"noun,other"
composition both,2,0.004,"noun,other"
green sideboard,2,0.004,"adj,noun"
setting includes,2,0.004,"verb,verb"
a cup,2,0.004,"other,noun"
dynamic feel,2,0.004,"adj,verb"
matisse in,2,0.004,"adj,other"
by this,2,0.004,"other,other"
renowned french,2,0.004,"verb,adj"
french artist,2,0.004,"adj,noun"
brushstrokes the,2,0.004,"noun,other"
in bright,2,0.004,"other,verb"
bright yellow,2,0.004,"verb,adj"
yellow tones,2,0.004,"adj,noun"
dominate the,2,0.004,"verb,other"
table covered,2,0.004,"noun,verb"
wall the,2,0.004,"noun,other"
the indoor,2,0.004,"other,adj"
rests on,2,0.004,"noun,other"
bright contrasting,2,0.004,"verb,verb"
contrasting hues,2,0.004,"verb,noun"
that invites,2,0.004,"other,noun"
woman wearing,2,0.004,"noun,verb"
patterns she,2,0.004,"noun,other"
side and,2,0.004,"verb,other"
her chin,2,0.004,"other,noun"
chin thoughtfully,2,0.004,"noun,adv"
feeling of,2,0.004,"verb,other"
lush garden,2,0.004,"noun,noun"
painting reflects,2,0.004,"verb,verb"
window on,2,0.004,"verb,other"
right which,2,0.004,"adj,other"
left wall,2,0.004,"verb,noun"
another layer,2,0.004,"other,adj"
indeed an,2,0.004,"adv,other"
matisse a,2,0.004,"adj,other"
his fluid,2,0.004,"other,noun"
fluid and,2,0.004,"noun,other"
and original,2,0.004,"other,adj"
original draughtsmanship,2,0.004,"adj,adj"
artwork reflects,2,0.004,"noun,verb"
reflects matisse,2,0.004,"verb,adj"
emphasizes spontaneous,2,0.004,"verb,adj"
a digital,2,0.004,"other,adj"
art piece,2,0.004,"noun,noun"
is primarily,2,0.004,"verb,adv"
a richly,2,0.004,"other,adj"
blouse which,2,0.004,"other,other"
piece as,2,0.004,"noun,other"
puffy sleeves,2,0.004,"adj,noun"
sleeves suggesting,2,0.004,"noun,verb"
cultural significance,2,0.004,"adj,noun"
possibly floral,2,0.004,"adv,adj"
in many,2,0.004,"other,adj"
and dignified,2,0.004,"other,verb"
unmistakably that,2,0.004,"adv,other"
matisse known,2,0.004,"adj,verb"
vibrant yellow,2,0.004,"adj,adj"
background consists,2,0.004,"noun,verb"
of dark,2,0.004,"other,adj"
representational or,2,0.004,"adj,other"
or realistic,2,0.004,"other,adj"
realistic values,2,0.004,"adj,noun"
values retained,2,0.004,"noun,verb"
retained by,2,0.004,"verb,other"
by impressionism,2,0.004,"other,noun"
leaves and,2,0.004,"verb,other"
which add,2,0.004,"other,adj"
blue providing,2,0.004,"noun,verb"
of matisse,2,0.004,"other,adj"
of joy,2,0.004,"other,noun"
reproduction of,2,0.004,"noun,other"
matisse it,2,0.004,"adj,other"
on spontaneous,2,0.004,"other,adj"
side a,2,0.004,"verb,other"
like figure,2,0.004,"other,noun"
natural environment,2,0.004,"adj,noun"
evokes a,2,0.004,"noun,other"
interpreted in,2,0.004,"verb,other"
various ways,2,0.004,"adj,noun"
flat shapes,2,0.004,"adj,noun"
to include,2,0.004,"other,verb"
life or,2,0.004,"noun,other"
marine creatures,2,0.004,"noun,noun"
creatures such,2,0.004,"noun,adj"
as fish,2,0.004,"other,adj"
or seaweed,2,0.004,"other,noun"
mix of,2,0.004,"adj,other"
reds pinks,2,0.004,"verb,noun"
experience the,2,0.004,"noun,other"
are often,2,0.004,"verb,adv"
that he,2,0.004,"other,other"
blend of,2,0.004,"verb,other"
work from,2,0.004,"verb,other"
history and,2,0.004,"noun,other"
significance within,2,0.004,"noun,other"
various shapes,2,0.004,"adj,noun"
and solid,2,0.004,"other,adj"
that without,2,0.004,"other,other"
or additional,2,0.004,"other,adj"
lute she,2,0.004,"adj,other"
seated at,2,0.004,"verb,other"
bowl of,2,0.004,"noun,other"
fruit the,2,0.004,"noun,other"
vibrant atmosphere,2,0.004,"adj,adv"
technique the,2,0.004,"noun,other"
book with,2,0.004,"noun,other"
upright with,2,0.004,"adj,other"
orange and,2,0.004,"noun,other"
full of,2,0.004,"adj,other"
life through,2,0.004,"noun,other"
colors without,2,0.004,"noun,other"
later years,2,0.004,"adv,noun"
colors for,2,0.004,"noun,other"
red bench,2,0.004,"adj,noun"
bench the,2,0.004,"noun,other"
a purple,2,0.004,"other,noun"
purple dress,2,0.004,"noun,noun"
a pearl,2,0.004,"other,verb"
pearl necklace,2,0.004,"verb,noun"
section of,2,0.004,"noun,other"
in yellow,2,0.004,"other,adj"
emphasize emotional,2,0.004,"verb,adj"
experience over,2,0.004,"noun,other"
possibly some,2,0.004,"adv,other"
a connection,2,0.004,"other,noun"
room s,2,0.004,"noun,noun"
objects and,2,0.004,"noun,other"
these colors,2,0.004,"other,noun"
dynamic interplay,2,0.004,"adj,noun"
lines are,2,0.004,"noun,verb"
the expressive,2,0.004,"other,adj"
matisse is,2,0.004,"adj,verb"
indicating its,2,0.004,"verb,other"
the predominant,2,0.004,"other,adj"
predominant colors,2,0.004,"adj,noun"
and purple,2,0.004,"other,noun"
their forms,2,0.004,"other,noun"
up view,2,0.004,"other,noun"
sea creatures,2,0.004,"noun,noun"
includes shades,2,0.004,"verb,noun"
using simple,2,0.004,"verb,noun"
shapes to,2,0.004,"noun,other"
the idea,2,0.004,"other,noun"
idea that,2,0.004,"noun,other"
s fascination,2,0.004,"noun,noun"
colors it,2,0.004,"noun,other"
bather in,2,0.004,"adv,other"
solid blocks,2,0.004,"adj,noun"
serenity and,2,0.004,"noun,other"
possibly by,2,0.004,"adv,other"
from nature,2,0.004,"other,adj"
artwork this,2,0.004,"noun,other"
to appreciate,2,0.004,"other,noun"
vision of,2,0.004,"noun,other"
print or,2,0.004,"verb,other"
s famous,2,0.004,"noun,adj"
attempt at,2,0.004,"verb,other"
is simplified,2,0.004,"verb,adj"
simplified into,2,0.004,"adj,other"
it suggesting,2,0.004,"other,verb"
its most,2,0.004,"other,adv"
was an,2,0.004,"verb,other"
artist this,2,0.004,"noun,other"
exploration of,2,0.004,"noun,other"
bananas and,2,0.004,"noun,other"
and balance,2,0.004,"other,noun"
each element,2,0.004,"other,noun"
visual appeal,2,0.004,"adj,noun"
titled do,2,0.004,"verb,verb"
is created,2,0.004,"verb,verb"
warhol who,2,0.004,"noun,other"
outlines that,2,0.004,"verb,other"
a flat,2,0.004,"other,adj"
art aesthetic,2,0.004,"noun,adj"
or illustrative,2,0.004,"other,adj"
each flower,2,0.004,"other,verb"
its own,2,0.004,"other,adj"
own distinct,2,0.004,"adj,adj"
hue contributing,2,0.004,"verb,verb"
image was,2,0.004,"noun,verb"
s time,2,0.004,"noun,noun"
yourself seascape,2,0.004,"other,noun"
sky with,2,0.004,"adj,other"
with fluffy,2,0.004,"other,adj"
surface in,2,0.004,"noun,other"
middle ground,2,0.004,"adj,noun"
also depicted,2,0.004,"adv,verb"
if they,2,0.004,"other,other"
boat there,2,0.004,"verb,other"
trim which,2,0.004,"verb,other"
which might,2,0.004,"other,other"
and location,2,0.004,"other,noun"
the seascape,2,0.004,"other,noun"
of mass,2,0.004,"other,noun"
commercial art,2,0.004,"adj,noun"
scene possibly,2,0.004,"noun,adv"
into two,2,0.004,"other,other"
halves one,2,0.004,"noun,other"
one that,2,0.004,"other,other"
a deep,2,0.004,"other,adj"
reflects his,2,0.004,"verb,other"
everyday objects,2,0.004,"adj,noun"
open the,2,0.004,"adj,other"
can is,2,0.004,"other,verb"
is prominently,2,0.004,"verb,adv"
the brand,2,0.004,"other,noun"
are reminiscent,2,0.004,"verb,adj"
s iconic,2,0.004,"noun,adj"
s artwork,2,0.004,"noun,noun"
on popular,2,0.004,"other,adj"
coca cola,2,0.004,"noun,adj"
been altered,2,0.004,"verb,verb"
altered or,2,0.004,"verb,other"
it lacks,2,0.004,"other,noun"
the fine,2,0.004,"other,verb"
flowers that,2,0.004,"noun,other"
vividly colored,2,0.004,"adv,adj"
pinks and,2,0.004,"noun,other"
the repetition,2,0.004,"other,noun"
repetition of,2,0.004,"noun,other"
elizabeth taylor,2,0.004,"noun,noun"
specifically reminiscent,2,0.004,"adv,adj"
the works,2,0.004,"other,verb"
like yellow,2,0.004,"other,adj"
shading gives,2,0.004,"verb,verb"
iconic nature,2,0.004,"adj,adj"
than detailed,2,0.004,"other,adj"
face in,2,0.004,"verb,other"
a highly,2,0.004,"other,adv"
pink and,2,0.004,"adj,other"
and iconic,2,0.004,"other,adj"
tree frog,2,0.004,"verb,adj"
to nature,2,0.004,"other,adj"
the frog,2,0.004,"other,adj"
that highlights,2,0.004,"other,noun"
and outlines,2,0.004,"other,verb"
vivid green,2,0.004,"other,adj"
is likely,2,0.004,"verb,adj"
flat appearance,2,0.004,"adj,noun"
colors this,2,0.004,"noun,other"
an iconic,2,0.004,"other,adj"
bergman s,2,0.004,"adj,noun"
deep in,2,0.004,"adj,other"
contemplative the,2,0.004,"adj,other"
bergman as,2,0.004,"adj,other"
s artworks,2,0.004,"noun,noun"
culture mass,2,0.004,"noun,noun"
media and,2,0.004,"noun,other"
a pop,2,0.004,"other,noun"
and fair,2,0.004,"other,adj"
is serious,2,0.004,"verb,adj"
closed and,2,0.004,"verb,other"
solid blue,2,0.004,"adj,noun"
blue color,2,0.004,"noun,noun"
a bunny,2,0.004,"other,noun"
of four,2,0.004,"other,other"
art associated,2,0.004,"noun,adj"
queen beatrix,2,0.004,"noun,noun"
beatrix of,2,0.004,"noun,other"
the netherlands,2,0.004,"other,noun"
the distinct,2,0.004,"other,adj"
the queen,2,0.004,"other,noun"
queen is,2,0.004,"noun,verb"
feature in,2,0.004,"noun,other"
artwork by,2,0.004,"noun,other"
warhol as,2,0.004,"noun,other"
truck in,2,0.004,"noun,other"
the truck,2,0.004,"other,noun"
of vehicle,2,0.004,"other,noun"
vehicle the,2,0.004,"noun,other"
to discern,2,0.004,"other,adj"
discern specific,2,0.004,"adj,adj"
artwork could,2,0.004,"noun,other"
consumer culture,2,0.004,"noun,noun"
queen margrethe,2,0.004,"noun,noun"
the regal,2,0.004,"other,adj"
image also,2,0.004,"noun,adv"
clear enough,2,0.004,"adj,adj"
enough to,2,0.004,"adj,other"
sitting bull,2,0.004,"verb,adj"
an image,2,0.004,"other,noun"
iconic representation,2,0.004,"adj,noun"
elaborate outfit,2,0.004,"noun,verb"
high ranking,2,0.004,"adj,noun"
sleeves which,2,0.004,"noun,other"
which implies,2,0.004,"other,noun"
a position,2,0.004,"other,noun"
position of,2,0.004,"noun,other"
comes from,2,0.004,"verb,other"
s outfit,2,0.004,"noun,verb"
holding onto,2,0.004,"verb,other"
dignified appearance,2,0.004,"verb,noun"
the details,2,0.004,"other,noun"
are meticulously,2,0.004,"verb,adv"
at capturing,2,0.004,"other,verb"
his face,2,0.004,"other,verb"
be preparing,2,0.004,"verb,verb"
preparing for,2,0.004,"verb,other"
ground the,2,0.004,"noun,other"
velazquez was,2,0.004,"noun,verb"
subjects with,2,0.004,"noun,other"
portrait showcases,2,0.004,"verb,verb"
highlights her,2,0.004,"noun,other"
features while,2,0.004,"noun,other"
in light,2,0.004,"other,adj"
identifying the,2,0.004,"noun,other"
standing by,2,0.004,"verb,other"
shadow and,2,0.004,"verb,other"
the rendering,2,0.004,"other,verb"
diego velázquez,2,0.004,"noun,noun"
depicted is,2,0.004,"verb,verb"
17th century,2,0.004,"other,noun"
a period,2,0.004,"other,noun"
lady s,2,0.004,"adj,noun"
hand which,2,0.004,"noun,other"
she seems,2,0.004,"other,verb"
body creating,2,0.004,"noun,verb"
head with,2,0.004,"noun,other"
serene backdrop,2,0.004,"adj,noun"
and shadows,2,0.004,"other,verb"
shadows are,2,0.004,"verb,verb"
light suggesting,2,0.004,"adj,verb"
for their,2,0.004,"other,other"
and grace,2,0.004,"other,adj"
the rokeby,2,0.004,"other,adj"
rokeby venus,2,0.004,"adj,verb"
red drapery,2,0.004,"adj,noun"
with wings,2,0.004,"other,noun"
small item,2,0.004,"adj,noun"
the lifelike,2,0.004,"other,other"
of velázquez,2,0.004,"other,noun"
velázquez s,2,0.004,"noun,noun"
combines elements,2,0.004,"verb,noun"
quality that,2,0.004,"noun,other"
of formality,2,0.004,"other,noun"
time when,2,0.004,"noun,other"
new realism,2,0.004,"adj,noun"
cod after,2,0.004,"noun,other"
which focuses,2,0.004,"other,noun"
also emphasizing,2,0.004,"adv,verb"
an old,2,0.004,"other,adj"
both are,2,0.004,"other,verb"
which reflects,2,0.004,"other,verb"
edward hopper,2,0.004,"adv,adj"
to imagine,2,0.004,"other,adj"
an afternoon,2,0.004,"other,noun"
summer evening,2,0.004,"noun,verb"
be open,2,0.004,"verb,adj"
realistic with,2,0.004,"adj,other"
meticulous attention,2,0.004,"adj,noun"
the mood,2,0.004,"other,noun"
life painted,2,0.004,"noun,verb"
seascape outside,2,0.004,"noun,adj"
a patterned,2,0.004,"other,verb"
patterned carpet,2,0.004,"verb,noun"
chair and,2,0.004,"noun,other"
the contrast,2,0.004,"other,noun"
the interior,2,0.004,"other,adj"
scenes the,2,0.004,"noun,other"
one might,2,0.004,"other,other"
presence in,2,0.004,"noun,other"
shakespeare s,2,0.004,"verb,noun"
terry is,2,0.004,"adj,verb"
as lady,2,0.004,"other,adj"
wearing an,2,0.004,"verb,other"
detailed patterns,2,0.004,"adj,noun"
sargent was,2,0.004,"adj,verb"
nuances of,2,0.004,"noun,other"
of ellen,2,0.004,"other,verb"
its soft,2,0.004,"other,adj"
or intimate,2,0.004,"other,verb"
intimate setting,2,0.004,"verb,verb"
visible within,2,0.004,"adj,other"
impressionistic art,2,0.004,"adj,noun"
to maintain,2,0.004,"other,verb"
visible one,2,0.004,"adj,other"
left and,2,0.004,"verb,other"
digital manipulation,2,0.004,"adj,noun"
it shows,2,0.004,"other,verb"
from what,2,0.004,"other,other"
was indeed,2,0.004,"verb,adv"
a different,2,0.004,"other,adj"
3 the,2,0.004,"other,other"
to what,2,0.004,"other,other"
architectural scene,2,0.004,"adj,noun"
a grand,2,0.004,"other,adj"
the palace,2,0.004,"other,noun"
the steps,2,0.004,"other,noun"
and suggesting,2,0.004,"other,verb"
the perspective,2,0.004,"other,adj"
perspective of,2,0.004,"adj,other"
of scale,2,0.004,"other,noun"
that enhance,2,0.004,"other,noun"
grandeur and,2,0.004,"noun,other"
and history,2,0.004,"other,noun"
of atmosphere,2,0.004,"other,adv"
ponte san,2,0.004,"noun,adj"
san giuseppe,2,0.004,"adj,noun"
depict the,2,0.004,"noun,other"
the waterway,2,0.004,"other,adv"
impressionism is,2,0.004,"noun,verb"
this beautiful,2,0.004,"other,adj"
lap she,2,0.004,"noun,other"
right there,2,0.004,"adj,other"
has lace,2,0.004,"verb,noun"
lace detailing,2,0.004,"noun,verb"
hands she,2,0.004,"noun,other"
style capturing,2,0.004,"noun,verb"
provide additional,2,0.004,"verb,adj"
armchair with,2,0.004,"noun,other"
positioned centrally,2,0.004,"verb,adv"
girl appears,2,0.004,"noun,verb"
head resting,2,0.004,"noun,verb"
hand while,2,0.004,"noun,other"
while her,2,0.004,"other,other"
chair she,2,0.004,"noun,other"
meets the,2,0.004,"verb,other"
has employed,2,0.004,"verb,verb"
employed loose,2,0.004,"verb,adj"
printmaker associated,2,0.004,"noun,adj"
the french,2,0.004,"other,adj"
table with,2,0.004,"noun,other"
light source,2,0.004,"adj,noun"
indoors with,2,0.004,"noun,other"
lighting the,2,0.004,"verb,other"
suit and,2,0.004,"noun,other"
look the,2,0.004,"noun,other"
or in,2,0.004,"other,other"
formal attire,2,0.004,"adj,noun"
her engagement,2,0.004,"other,adj"
scene contributing,2,0.004,"noun,verb"
is elegantly,2,0.004,"verb,adv"
pink dress,2,0.004,"adj,noun"
an interplay,2,0.004,"other,noun"
lives of,2,0.004,"verb,other"
ruffles at,2,0.004,"noun,other"
a playful,2,0.004,"other,adj"
mood in,2,0.004,"noun,other"
light blue,2,0.004,"adj,noun"
blue tones,2,0.004,"noun,noun"
plants suggesting,2,0.004,"noun,verb"
her use,2,0.004,"other,verb"
mrs cassatt,2,0.004,"noun,noun"
her two,2,0.004,"other,other"
cassatt and,2,0.004,"noun,other"
movement within,2,0.004,"noun,other"
emotional bond,2,0.004,"adj,noun"
outdoors she,2,0.004,"noun,other"
the outdoor,2,0.004,"other,adj"
concentration indicating,2,0.004,"noun,verb"
painting it,2,0.004,"verb,other"
girl who,2,0.004,"noun,other"
life especially,2,0.004,"noun,adv"
impressionism art,2,0.004,"noun,noun"
and capturing,2,0.004,"other,verb"
and children,2,0.004,"other,noun"
and gazing,2,0.004,"other,verb"
soft diffused,2,0.004,"adj,verb"
painting depicting,2,0.004,"verb,noun"
the location,2,0.004,"other,noun"
engaged with,2,0.004,"verb,other"
hues dominating,2,0.004,"noun,adj"
visual impression,2,0.004,"adj,noun"
are seated,2,0.004,"verb,verb"
seated closely,2,0.004,"verb,adv"
their surroundings,2,0.004,"other,noun"
overall pastoral,2,0.004,"adj,adj"
companionship or,2,0.004,"noun,other"
or park,2,0.004,"other,noun"
park setting,2,0.004,"noun,verb"
intimate bond,2,0.004,"verb,noun"
girl seated,2,0.004,"noun,verb"
darker accents,2,0.004,"noun,noun"
accents possibly,2,0.004,"noun,adv"
attire a,2,0.004,"noun,other"
prominent feature,2,0.004,"noun,noun"
or feathers,2,0.004,"other,noun"
atmosphere there,2,0.004,"adv,other"
qualities of,2,0.004,"noun,other"
painting she,2,0.004,"verb,other"
the stillness,2,0.004,"other,noun"
stillness of,2,0.004,"noun,other"
white or,2,0.004,"adj,other"
atmosphere this,2,0.004,"adv,other"
scene is,2,0.004,"noun,verb"
set in,2,0.004,"noun,other"
child are,2,0.004,"noun,verb"
its loose,2,0.004,"other,adj"
and comfort,2,0.004,"other,noun"
moment with,2,0.004,"noun,other"
on emotion,2,0.004,"other,noun"
three individuals,2,0.004,"other,noun"
boating party,2,0.004,"adj,noun"
person dressed,2,0.004,"noun,verb"
white hat,2,0.004,"adj,other"
another person,2,0.004,"other,noun"
donned in,2,0.004,"verb,other"
their attire,2,0.004,"other,noun"
create depth,2,0.004,"noun,adj"
social interactions,2,0.004,"adj,noun"
the open,2,0.004,"other,adj"
filtering through,2,0.004,"verb,other"
the japanese,2,0.004,"other,adj"
the ducks,2,0.004,"other,noun"
intimate scenes,2,0.004,"verb,noun"
with natural,2,0.004,"other,adj"
blouse or,2,0.004,"other,other"
or dress,2,0.004,"other,noun"
possibly lace,2,0.004,"adv,noun"
the collar,2,0.004,"other,noun"
softly painted,2,0.004,"adv,verb"
greenery suggesting,2,0.004,"noun,verb"
fluid which,2,0.004,"noun,other"
style emphasizing,2,0.004,"noun,verb"
details there,2,0.004,"noun,other"
of family,2,0.004,"other,noun"
and face,2,0.004,"other,verb"
surroundings drawing,2,0.004,"noun,verb"
might have,2,0.004,"other,verb"
mother is,2,0.004,"noun,verb"
her attention,2,0.004,"other,noun"
the precise,2,0.004,"other,adj"
pastel creating,2,0.004,"noun,verb"
and gentle,2,0.004,"other,adj"
captures an,2,0.004,"verb,other"
lighting that,2,0.004,"verb,other"
be holding,2,0.004,"verb,verb"
surroundings which,2,0.004,"noun,other"
painter associated,2,0.004,"noun,adj"
tender domestic,2,0.004,"noun,adj"
wooden chair,2,0.004,"adj,noun"
like typical,2,0.004,"other,adj"
faces and,2,0.004,"verb,other"
scene within,2,0.004,"noun,other"
style at,2,0.004,"noun,other"
top with,2,0.004,"adj,other"
or ruffles,2,0.004,"other,noun"
right the,2,0.004,"adj,other"
together with,2,0.004,"adv,other"
overall gentle,2,0.004,"adj,adj"
hat she,2,0.004,"other,other"
hand as,2,0.004,"noun,other"
of lightness,2,0.004,"other,noun"
lightness and,2,0.004,"noun,other"
trends of,2,0.004,"noun,other"
soft muted,2,0.004,"adj,verb"
composition overall,2,0.004,"noun,adj"
her subjects,2,0.004,"other,noun"
subtle detail,2,0.004,"adj,noun"
are all,2,0.004,"verb,other"
dress which,2,0.004,"noun,other"
and looking,2,0.004,"other,verb"
an atmospheric,2,0.004,"other,adj"
outlines the,2,0.004,"verb,other"
boy in,2,0.004,"adj,other"
refers to,2,0.004,"noun,other"
younger girl,2,0.004,"adj,noun"
suggests they,2,0.004,"verb,other"
description it,2,0.004,"noun,other"
girl with,2,0.004,"noun,other"
her profile,2,0.004,"other,adj"
hat the,2,0.004,"other,other"
brushstrokes typical,2,0.004,"noun,adj"
capturing light,2,0.004,"verb,adj"
the softness,2,0.004,"other,noun"
softness of,2,0.004,"noun,other"
style there,2,0.004,"noun,other"
a cat,2,0.004,"other,noun"
sleeves the,2,0.004,"noun,other"
contemplative as,2,0.004,"adj,other"
blue of,2,0.004,"noun,other"
near a,2,0.004,"other,other"
if the,2,0.004,"other,other"
renowned american,2,0.004,"verb,adj"
or thoughtfulness,2,0.004,"other,noun"
green dress,2,0.004,"adj,noun"
white collar,2,0.004,"adj,noun"
small object,2,0.004,"adj,adj"
other which,2,0.004,"adj,other"
fully visible,2,0.004,"adv,adj"
that combines,2,0.004,"other,verb"
and more,2,0.004,"other,adv"
other and,2,0.004,"adj,other"
head in,2,0.004,"noun,other"
art is,2,0.004,"noun,verb"
art in,2,0.004,"noun,other"
the summit,2,0.004,"other,noun"
depicts mount,2,0.004,"noun,noun"
dramatic scene,2,0.004,"adj,noun"
fill the,2,0.004,"verb,other"
mountain and,2,0.004,"noun,other"
mountain peak,2,0.004,"noun,adj"
of drama,2,0.004,"other,verb"
drama and,2,0.004,"verb,other"
japanese woodblock,2,0.004,"adj,noun"
print style,2,0.004,"verb,noun"
e the,2,0.004,"verb,other"
fuji is,2,0.004,"verb,verb"
presence the,2,0.004,"noun,other"
below the,2,0.004,"other,other"
the otherwise,2,0.004,"other,adv"
of such,2,0.004,"other,adj"
the tokaido,2,0.004,"other,noun"
e art,2,0.004,"verb,noun"
japan s,2,0.004,"verb,noun"
a journey,2,0.004,"other,noun"
from one,2,0.004,"other,other"
japan during,2,0.004,"verb,other"
the edo,2,0.004,"other,adj"
hydrangea and,2,0.004,"adj,other"
and swallow,2,0.004,"other,verb"
scene as,2,0.004,"noun,other"
pale yellow,2,0.004,"adj,adj"
at both,2,0.004,"other,other"
e genre,2,0.004,"verb,noun"
e translates,2,0.004,"verb,noun"
to pictures,2,0.004,"other,noun"
pictures of,2,0.004,"noun,other"
floating world,2,0.004,"verb,noun"
a vertical,2,0.004,"other,adj"
one panel,2,0.004,"other,noun"
a gradient,2,0.004,"other,adj"
created the,2,0.004,"verb,other"
smoke and,2,0.004,"noun,other"
and ash,2,0.004,"other,noun"
the volcanic,2,0.004,"other,adj"
or artist,2,0.004,"other,noun"
the eruption,2,0.004,"other,noun"
human element,2,0.004,"adj,noun"
man with,2,0.004,"noun,other"
elizabeth siddal,2,0.004,"noun,noun"
the romantic,2,0.004,"other,adj"
one on,2,0.004,"other,other"
an idyllic,2,0.004,"other,verb"
romantic art,2,0.004,"adj,noun"
boats the,2,0.004,"noun,other"
yellow the,2,0.004,"adj,other"
in van,2,0.004,"other,noun"
prominent in,2,0.004,"noun,other"
emotional expression,2,0.004,"adj,noun"
chair itself,2,0.004,"noun,other"
by vincent,2,0.004,"other,adj"
of japonism,2,0.004,"other,noun"
rural or,2,0.004,"adj,other"
which he,2,0.004,"other,other"
a distinctly,2,0.004,"other,adv"
wood grain,2,0.004,"noun,noun"
arched doorways,2,0.004,"adj,verb"
interior the,2,0.004,"adj,other"
the ram,2,0.004,"other,adj"
serene expression,2,0.004,"adj,noun"
their size,2,0.004,"other,noun"
jane fonda,2,0.004,"noun,noun"
artist andy,2,0.004,"noun,noun"
and full,2,0.004,"other,adj"
and popular,2,0.004,"other,adj"
of cloisonnism,2,0.004,"other,noun"
that emphasized,2,0.004,"other,verb"
of gauguin,2,0.004,"other,verb"
fruit or,2,0.004,"noun,other"
flower in,2,0.004,"verb,other"
hand her,2,0.004,"noun,other"
right arm,2,0.004,"adj,noun"
tropical or,2,0.004,"adj,other"
dark skin,2,0.004,"adj,noun"
is somber,2,0.004,"verb,noun"
mythology and,2,0.004,"noun,other"
non western,2,0.004,"adj,adj"
relaxation or,2,0.004,"noun,other"
colors applied,2,0.004,"noun,adj"
applied without,2,0.004,"adj,other"
without gradation,2,0.004,"other,noun"
landscape the,2,0.004,"noun,other"
romanticism style,2,0.004,"noun,noun"
small bird,2,0.004,"adj,noun"
matches her,2,0.004,"noun,other"
the medium,2,0.004,"other,noun"
angel with,2,0.004,"other,other"
lady of,2,0.004,"adj,other"
of shalott,2,0.004,"other,noun"
bird perched,2,0.004,"noun,verb"
standing amidst,2,0.004,"verb,noun"
association with,2,0.004,"noun,other"
by putz,2,0.004,"other,verb"
putz leo,2,0.004,"verb,adj"
minnelli s,2,0.004,"noun,noun"
and circles,2,0.004,"other,noun"
named fritza,1,0.002,"verb,adj"
fritza riedler,1,0.002,"adj,noun"
riedler rendered,1,0.002,"noun,verb"
of austrian,1,0.002,"other,adj"
austrian symbolist,1,0.002,"adj,verb"
symbolist painter,1,0.002,"verb,noun"
painter gustav,1,0.002,"noun,noun"
gustav klimt,1,0.002,"noun,noun"
klimt the,1,0.002,"noun,other"
nouveau movement,1,0.002,"noun,noun"
its flowing,1,0.002,"other,verb"
patterns fritza,1,0.002,"noun,adj"
fritza is,1,0.002,"adj,verb"
like chair,1,0.002,"other,noun"
chair her,1,0.002,"noun,other"
body adorned,1,0.002,"noun,verb"
flows like,1,0.002,"verb,other"
like water,1,0.002,"other,noun"
predominantly white,1,0.002,"adv,adj"
white contrasted,1,0.002,"adj,verb"
contrasted by,1,0.002,"verb,other"
black bodice,1,0.002,"adj,adj"
bodice at,1,0.002,"adj,other"
top giving,1,0.002,"adj,verb"
and regal,1,0.002,"other,adj"
regal appearance,1,0.002,"adj,noun"
hand adding,1,0.002,"noun,verb"
geometric patterns,1,0.002,"adj,noun"
as stylized,1,0.002,"other,verb"
stylized palm,1,0.002,"verb,adj"
palm leaves,1,0.002,"adj,verb"
leaves enhancing,1,0.002,"verb,verb"
the decorative,1,0.002,"other,adj"
decorative feel,1,0.002,"adj,verb"
feel typical,1,0.002,"verb,adj"
nouveau the,1,0.002,"noun,other"
the pattern,1,0.002,"other,adj"
is intricate,1,0.002,"verb,noun"
intricate with,1,0.002,"noun,other"
with dots,1,0.002,"other,noun"
dots and,1,0.002,"noun,other"
flair a,1,0.002,"noun,other"
to klimt,1,0.002,"other,noun"
klimt s,1,0.002,"noun,noun"
s mastery,1,0.002,"noun,noun"
mastery of,1,0.002,"noun,other"
his craft,1,0.002,"other,noun"
craft it,1,0.002,"noun,other"
just fritza,1,0.002,"adv,adj"
fritza s,1,0.002,"adj,noun"
s physical,1,0.002,"noun,adj"
appearance but,1,0.002,"noun,other"
character making,1,0.002,"noun,verb"
a compelling,1,0.002,"other,noun"
compelling piece,1,0.002,"noun,noun"
modigliani and,1,0.002,"noun,other"
indeed titled,1,0.002,"adv,verb"
titled alice,1,0.002,"verb,adv"
alice the,1,0.002,"adv,other"
of elongated,1,0.002,"other,verb"
simplified features,1,0.002,"adj,noun"
features to,1,0.002,"noun,other"
piece we,1,0.002,"noun,other"
hair dressed,1,0.002,"adj,verb"
simple white,1,0.002,"noun,adj"
white garment,1,0.002,"adj,noun"
a nightgown,1,0.002,"other,adj"
nightgown or,1,0.002,"adj,other"
similar attire,1,0.002,"adj,noun"
striking large,1,0.002,"verb,adj"
significant feature,1,0.002,"adj,noun"
portraits the,1,0.002,"noun,other"
the nose,1,0.002,"other,verb"
nose is,1,0.002,"verb,verb"
and thin,1,0.002,"other,adj"
thin which,1,0.002,"adj,other"
hands clasped,1,0.002,"noun,verb"
clasped in,1,0.002,"verb,other"
lap giving,1,0.002,"noun,verb"
calmness or,1,0.002,"noun,other"
the garment,1,0.002,"other,noun"
garment standing,1,0.002,"noun,verb"
significant objects,1,0.002,"adj,noun"
painting and,1,0.002,"verb,other"
focus remains,1,0.002,"noun,verb"
remains on,1,0.002,"verb,other"
on alice,1,0.002,"other,adv"
alice and,1,0.002,"adv,other"
expression overall,1,0.002,"noun,adj"
showcases modigliani,1,0.002,"verb,noun"
through form,1,0.002,"other,noun"
line which,1,0.002,"noun,other"
expressionist movement,1,0.002,"verb,noun"
title alice,1,0.002,"noun,adv"
alice suggests,1,0.002,"adv,verb"
an individual,1,0.002,"other,adj"
individual by,1,0.002,"adj,other"
by that,1,0.002,"other,other"
that name,1,0.002,"other,noun"
name but,1,0.002,"noun,other"
also invites,1,0.002,"adv,noun"
state and,1,0.002,"noun,other"
and identity,1,0.002,"other,noun"
identity of,1,0.002,"noun,other"
figure depicted,1,0.002,"noun,verb"
female nude,1,0.002,"adj,adj"
nude painted,1,0.002,"adj,verb"
soft curves,1,0.002,"adj,noun"
curves which,1,0.002,"noun,other"
work she,1,0.002,"verb,other"
cascades over,1,0.002,"verb,other"
turned adding,1,0.002,"verb,verb"
which range,1,0.002,"other,verb"
range from,1,0.002,"verb,other"
from pale,1,0.002,"other,adj"
pale whites,1,0.002,"adj,noun"
whites to,1,0.002,"noun,other"
to subtle,1,0.002,"other,adj"
subtle pinks,1,0.002,"adj,noun"
pinks the,1,0.002,"noun,other"
subject it,1,0.002,"adj,other"
elegance capturing,1,0.002,"noun,verb"
the female,1,0.002,"other,adj"
female form,1,0.002,"adj,noun"
both abstract,1,0.002,"other,adj"
and emotionally,1,0.002,"other,adv"
emotionally resonant,1,0.002,"adv,adj"
resonant the,1,0.002,"adj,other"
on human,1,0.002,"other,adj"
figures as,1,0.002,"noun,other"
theme but,1,0.002,"adj,other"
also carries,1,0.002,"adv,verb"
carries elements,1,0.002,"verb,noun"
the modernist,1,0.002,"other,adj"
modernist movement,1,0.002,"adj,noun"
movement with,1,0.002,"noun,other"
over color,1,0.002,"other,noun"
and detail,1,0.002,"other,noun"
piece exemplifies,1,0.002,"noun,noun"
exemplifies modigliani,1,0.002,"noun,noun"
s lifelong,1,0.002,"noun,other"
lifelong fascination,1,0.002,"other,noun"
portrait painted,1,0.002,"verb,verb"
genre expressionism,1,0.002,"noun,noun"
expressionism often,1,0.002,"noun,adv"
on emotional,1,0.002,"other,adj"
experience and,1,0.002,"noun,other"
personal expression,1,0.002,"adj,noun"
woman by,1,0.002,"noun,other"
style her,1,0.002,"noun,other"
be simplified,1,0.002,"verb,adj"
large eye,1,0.002,"adj,noun"
eye and,1,0.002,"noun,other"
mouth she,1,0.002,"adj,other"
piece giving,1,0.002,"noun,verb"
quiet atmosphere,1,0.002,"adj,adv"
simple horizontal,1,0.002,"noun,adj"
horizontal stripe,1,0.002,"adj,noun"
stripe at,1,0.002,"noun,other"
top which,1,0.002,"adj,other"
or horizon,1,0.002,"other,noun"
this allows,1,0.002,"other,verb"
focus primarily,1,0.002,"noun,adv"
primarily on,1,0.002,"adv,other"
s simplicity,1,0.002,"noun,noun"
form combined,1,0.002,"noun,verb"
intensity contributes,1,0.002,"noun,noun"
overall expressionist,1,0.002,"adj,verb"
expressionist aesthetic,1,0.002,"verb,adj"
titled ends,1,0.002,"verb,verb"
ends of,1,0.002,"verb,other"
of barns,1,0.002,"other,noun"
barns by,1,0.002,"noun,other"
by georgia,1,0.002,"other,adj"
keeffe it,1,0.002,"noun,other"
realistic and,1,0.002,"adj,other"
detailed representation,1,0.002,"adj,noun"
of barn,1,0.002,"other,noun"
barn structures,1,0.002,"noun,verb"
structures with,1,0.002,"verb,other"
their roofs,1,0.002,"other,noun"
roofs and,1,0.002,"noun,other"
and gables,1,0.002,"other,noun"
gables in,1,0.002,"noun,other"
warm red,1,0.002,"adj,adj"
red tones,1,0.002,"adj,noun"
is composed,1,0.002,"verb,verb"
cool blue,1,0.002,"noun,noun"
blue hues,1,0.002,"noun,noun"
a field,1,0.002,"other,noun"
field which,1,0.002,"noun,other"
contrasting color,1,0.002,"verb,noun"
the barns,1,0.002,"other,noun"
barns the,1,0.002,"noun,other"
with precisionism,1,0.002,"other,noun"
precisionism a,1,0.002,"noun,other"
a movement,1,0.002,"other,noun"
on clean,1,0.002,"other,verb"
almost mechanical,1,0.002,"adv,adj"
mechanical or,1,0.002,"adj,other"
architectural approach,1,0.002,"adj,noun"
to subject,1,0.002,"other,adj"
of rural,1,0.002,"other,adj"
rural architecture,1,0.002,"adj,noun"
architecture often,1,0.002,"noun,adv"
with o,1,0.002,"other,adv"
keeffe s,1,0.002,"noun,noun"
later works,1,0.002,"adv,verb"
on simplified,1,0.002,"other,adj"
somewhat surrealistic,1,0.002,"adv,adj"
surrealistic quality,1,0.002,"adj,noun"
its classification,1,0.002,"other,noun"
classification as,1,0.002,"noun,other"
as precisionism,1,0.002,"other,noun"
large purple,1,0.002,"adj,noun"
purple leaf,1,0.002,"noun,verb"
leaf or,1,0.002,"verb,other"
or petal,1,0.002,"other,adj"
petal like,1,0.002,"adj,other"
like shape,1,0.002,"other,noun"
that dominates,1,0.002,"other,verb"
dominates the,1,0.002,"verb,other"
central form,1,0.002,"adj,noun"
form has,1,0.002,"noun,verb"
lifelike texture,1,0.002,"other,noun"
organic feel,1,0.002,"adj,verb"
feel it,1,0.002,"verb,other"
is surrounded,1,0.002,"verb,verb"
other smaller,1,0.002,"adj,adj"
pink purple,1,0.002,"adj,noun"
and hints,1,0.002,"other,noun"
may represent,1,0.002,"other,verb"
represent additional,1,0.002,"verb,adj"
additional leaves,1,0.002,"adj,verb"
leaves or,1,0.002,"verb,other"
flower parts,1,0.002,"verb,noun"
parts the,1,0.002,"noun,other"
clearly defined,1,0.002,"adv,adj"
defined due,1,0.002,"adj,adj"
the dominance,1,0.002,"other,noun"
figure but,1,0.002,"noun,other"
but there,1,0.002,"other,other"
of brownish,1,0.002,"other,adj"
brownish tones,1,0.002,"adj,noun"
like the,1,0.002,"other,other"
ground or,1,0.002,"noun,other"
surface under,1,0.002,"noun,other"
the plant,1,0.002,"other,noun"
smooth brushstrokes,1,0.002,"adj,noun"
soft edges,1,0.002,"adj,noun"
edges which,1,0.002,"noun,other"
more typical,1,0.002,"adv,adj"
impressionist or,1,0.002,"adj,other"
or post,1,0.002,"other,noun"
style rather,1,0.002,"noun,adv"
the hard,1,0.002,"other,adj"
hard lines,1,0.002,"adj,noun"
and clear,1,0.002,"other,adj"
clear definition,1,0.002,"adj,noun"
definition expected,1,0.002,"noun,verb"
expected in,1,0.002,"verb,other"
in precisionism,1,0.002,"other,noun"
signature georgia,1,0.002,"noun,adj"
keeffe is,1,0.002,"noun,verb"
painting suggesting,1,0.002,"verb,verb"
oeuvre which,1,0.002,"noun,other"
on organic,1,0.002,"other,adj"
shapes inspired,1,0.002,"noun,verb"
nature however,1,0.002,"adj,adv"
it should,1,0.002,"other,other"
should be,1,0.002,"other,verb"
be noted,1,0.002,"verb,verb"
noted that,1,0.002,"verb,other"
piece does,1,0.002,"noun,verb"
fully align,1,0.002,"adv,noun"
is traditionally,1,0.002,"verb,adv"
traditionally associated,1,0.002,"adv,adj"
with georgia,1,0.002,"other,adj"
keeffe or,1,0.002,"noun,other"
or precisionism,1,0.002,"other,noun"
up of,1,0.002,"other,other"
two types,1,0.002,"other,verb"
types of,1,0.002,"verb,other"
flowers hibiscus,1,0.002,"noun,noun"
hibiscus and,1,0.002,"noun,other"
and plumeria,1,0.002,"other,other"
plumeria the,1,0.002,"other,other"
flower on,1,0.002,"verb,other"
a hibiscus,1,0.002,"other,noun"
hibiscus with,1,0.002,"noun,other"
large trumpet,1,0.002,"adj,noun"
trumpet like,1,0.002,"noun,other"
like petals,1,0.002,"other,noun"
petals surrounding,1,0.002,"noun,verb"
central structure,1,0.002,"adj,noun"
structure which,1,0.002,"noun,other"
includes the,1,0.002,"verb,other"
the stamens,1,0.002,"other,noun"
stamens the,1,0.002,"noun,other"
bloom displaying,1,0.002,"noun,verb"
a plumeria,1,0.002,"other,other"
plumeria with,1,0.002,"other,other"
multiple layers,1,0.002,"adj,noun"
layers of,1,0.002,"noun,other"
of smaller,1,0.002,"other,adj"
smaller delicate,1,0.002,"adj,adj"
delicate petals,1,0.002,"adj,noun"
petals forming,1,0.002,"noun,verb"
forming a,1,0.002,"verb,other"
symmetrical arrangement,1,0.002,"adj,noun"
arrangement around,1,0.002,"noun,other"
central part,1,0.002,"adj,noun"
flower also,1,0.002,"verb,adv"
also known,1,0.002,"adv,verb"
the corona,1,0.002,"other,noun"
corona or,1,0.002,"noun,other"
or pistil,1,0.002,"other,verb"
pistil the,1,0.002,"verb,other"
not distinctly,1,0.002,"adv,adv"
distinctly visible,1,0.002,"adv,adj"
visible due,1,0.002,"adj,adj"
the close,1,0.002,"other,adj"
up nature,1,0.002,"other,adj"
image but,1,0.002,"noun,other"
it seems,1,0.002,"other,verb"
soft gradient,1,0.002,"adj,adj"
contrast without,1,0.002,"noun,other"
without overpowering,1,0.002,"other,verb"
overpowering the,1,0.002,"verb,other"
floral subjects,1,0.002,"adj,noun"
precisionism as,1,0.002,"noun,other"
title and,1,0.002,"noun,other"
and artist,1,0.002,"other,noun"
artist suggests,1,0.002,"noun,verb"
on clarity,1,0.002,"other,noun"
clarity detail,1,0.002,"noun,noun"
often still,1,0.002,"adv,adv"
life subjects,1,0.002,"noun,noun"
these flowers,1,0.002,"other,noun"
meticulous precision,1,0.002,"adj,noun"
precision highlighting,1,0.002,"noun,verb"
their intricate,1,0.002,"other,noun"
intricate structures,1,0.002,"noun,verb"
structures and,1,0.002,"verb,other"
a dead,1,0.002,"other,adj"
dead tree,1,0.002,"adj,verb"
tree set,1,0.002,"verb,noun"
a pinkish,1,0.002,"other,adj"
pinkish orange,1,0.002,"adj,noun"
orange hill,1,0.002,"noun,adj"
hill reminiscent,1,0.002,"adj,adj"
of autumn,1,0.002,"other,verb"
autumn foliage,1,0.002,"verb,noun"
possibly desert,1,0.002,"adv,adj"
desert terrain,1,0.002,"adj,adj"
terrain the,1,0.002,"adj,other"
by sharp,1,0.002,"other,adj"
lines with,1,0.002,"noun,other"
are key,1,0.002,"verb,adj"
tree s,1,0.002,"verb,noun"
s branches,1,0.002,"noun,verb"
branches extend,1,0.002,"verb,adj"
extend outwards,1,0.002,"adj,noun"
outwards in,1,0.002,"noun,other"
various directions,1,0.002,"adj,noun"
directions giving,1,0.002,"noun,verb"
a robust,1,0.002,"other,adj"
robust yet,1,0.002,"adj,adv"
yet bare,1,0.002,"adv,noun"
bare structure,1,0.002,"noun,noun"
stands stark,1,0.002,"verb,adj"
stark against,1,0.002,"adj,other"
against its,1,0.002,"other,other"
scene except,1,0.002,"noun,other"
except for,1,0.002,"other,other"
bright pink,1,0.002,"verb,adj"
pink hill,1,0.002,"adj,adj"
hill behind,1,0.002,"adj,other"
tree this,1,0.002,"verb,other"
this contrast,1,0.002,"other,noun"
cool toned,1,0.002,"noun,verb"
toned tree,1,0.002,"verb,verb"
tree and,1,0.002,"verb,other"
warm toned,1,0.002,"adj,verb"
toned hill,1,0.002,"verb,adj"
hill creates,1,0.002,"adj,noun"
of close,1,0.002,"other,adj"
across surfaces,1,0.002,"other,noun"
surfaces is,1,0.002,"noun,verb"
life arrangement,1,0.002,"noun,noun"
arrangement featuring,1,0.002,"noun,noun"
three pieces,1,0.002,"other,noun"
fruit two,1,0.002,"noun,other"
and one,1,0.002,"other,other"
one tangerine,1,0.002,"other,adj"
tangerine the,1,0.002,"adj,other"
presented on,1,0.002,"verb,other"
white plate,1,0.002,"adj,noun"
intricate border,1,0.002,"noun,noun"
border pattern,1,0.002,"noun,adj"
includes blue,1,0.002,"verb,noun"
blue floral,1,0.002,"noun,adj"
subdued allowing,1,0.002,"verb,verb"
fruits to,1,0.002,"noun,other"
form as,1,0.002,"noun,other"
of drawings,1,0.002,"other,noun"
drawings featuring,1,0.002,"noun,noun"
featuring cranes,1,0.002,"noun,noun"
cranes rendered,1,0.002,"noun,verb"
simplified almost,1,0.002,"adj,adv"
almost childlike,1,0.002,"adv,verb"
childlike style,1,0.002,"verb,noun"
title cranes,1,0.002,"noun,noun"
cranes from,1,0.002,"noun,other"
from quick,1,0.002,"other,adj"
quick lessons,1,0.002,"adj,noun"
lessons in,1,0.002,"noun,other"
in simplified,1,0.002,"other,adj"
simplified drawing,1,0.002,"adj,verb"
drawing these,1,0.002,"verb,other"
these crane,1,0.002,"other,verb"
crane figures,1,0.002,"verb,noun"
various poses,1,0.002,"adj,verb"
poses and,1,0.002,"verb,other"
and postures,1,0.002,"other,noun"
postures with,1,0.002,"noun,other"
some standing,1,0.002,"other,verb"
standing while,1,0.002,"verb,other"
others appear,1,0.002,"noun,verb"
be flying,1,0.002,"verb,verb"
flying or,1,0.002,"verb,other"
or landing,1,0.002,"other,verb"
landing the,1,0.002,"verb,other"
e which,1,0.002,"verb,other"
japanese genre,1,0.002,"adj,noun"
art used,1,0.002,"noun,adj"
in woodblock,1,0.002,"other,noun"
woodblock prints,1,0.002,"noun,noun"
prints and,1,0.002,"noun,other"
and paintings,1,0.002,"other,noun"
paintings characterized,1,0.002,"noun,verb"
its detailed,1,0.002,"other,adj"
detailed depictions,1,0.002,"adj,noun"
depictions and,1,0.002,"noun,other"
and shading,1,0.002,"other,verb"
the cranes,1,0.002,"other,noun"
cranes are,1,0.002,"noun,verb"
are monochromatic,1,0.002,"verb,adj"
monochromatic primarily,1,0.002,"adj,adv"
primarily utilizing,1,0.002,"adv,noun"
utilizing shades,1,0.002,"noun,noun"
and grey,1,0.002,"other,adj"
grey with,1,0.002,"adj,other"
some black,1,0.002,"other,adj"
outlines providing,1,0.002,"verb,verb"
providing definition,1,0.002,"verb,noun"
definition the,1,0.002,"noun,other"
the birds,1,0.002,"other,noun"
birds themselves,1,0.002,"noun,other"
themselves there,1,0.002,"other,other"
dynamism in,1,0.002,"noun,other"
the drawings,1,0.002,"other,noun"
drawings suggesting,1,0.002,"noun,verb"
life within,1,0.002,"noun,other"
each individual,1,0.002,"other,adj"
individual crane,1,0.002,"adj,verb"
crane figure,1,0.002,"verb,noun"
signed hokusai,1,0.002,"verb,noun"
hokusai at,1,0.002,"noun,other"
hokusai a,1,0.002,"noun,other"
famous japanese,1,0.002,"adj,adj"
japanese artist,1,0.002,"adj,noun"
works on,1,0.002,"verb,other"
on ukiyo,1,0.002,"other,adj"
style paintings,1,0.002,"noun,noun"
serene landscape,1,0.002,"adj,noun"
likely representing,1,0.002,"adj,verb"
representing lake,1,0.002,"verb,noun"
province as,1,0.002,"noun,other"
title lake,1,0.002,"noun,noun"
province and,1,0.002,"noun,other"
signature 歌川豊国画,1,0.002,"noun,noun"
歌川豊国画 which,1,0.002,"noun,other"
to katsushika,1,0.002,"other,other"
is ukiyo,1,0.002,"verb,adj"
that flourished,1,0.002,"other,adj"
flourished from,1,0.002,"adj,other"
centuries in,1,0.002,"noun,other"
small wooden,1,0.002,"adj,adj"
wooden house,1,0.002,"adj,noun"
traditional thatched,1,0.002,"adj,verb"
roof on,1,0.002,"noun,other"
structure is,1,0.002,"noun,verb"
and rustic,1,0.002,"other,adj"
rustic indicative,1,0.002,"adj,adj"
japanese architecture,1,0.002,"adj,noun"
architecture beside,1,0.002,"noun,noun"
beside it,1,0.002,"noun,other"
it there,1,0.002,"other,other"
several trees,1,0.002,"adj,noun"
with slender,1,0.002,"other,noun"
slender trunks,1,0.002,"noun,noun"
trunks and,1,0.002,"noun,other"
and sparse,1,0.002,"other,adj"
sparse foliage,1,0.002,"adj,noun"
foliage contributing,1,0.002,"noun,verb"
tranquility further,1,0.002,"noun,adv"
further out,1,0.002,"adv,other"
water a,1,0.002,"noun,other"
boat can,1,0.002,"verb,other"
seen floating,1,0.002,"verb,verb"
floating near,1,0.002,"verb,other"
a point,1,0.002,"other,noun"
point where,1,0.002,"noun,other"
where land,1,0.002,"other,noun"
land meets,1,0.002,"noun,verb"
meets water,1,0.002,"verb,noun"
water for,1,0.002,"noun,other"
both fishing,1,0.002,"other,verb"
fishing activities,1,0.002,"verb,noun"
activities and,1,0.002,"noun,other"
and access,1,0.002,"other,noun"
to other,1,0.002,"other,adj"
other areas,1,0.002,"adj,noun"
the lake,1,0.002,"other,noun"
lake itself,1,0.002,"noun,other"
itself appears,1,0.002,"other,verb"
appears calm,1,0.002,"verb,adj"
calm reflecting,1,0.002,"adj,verb"
surrounding landscape,1,0.002,"verb,noun"
are silhouettes,1,0.002,"verb,verb"
of mountains,1,0.002,"other,noun"
mountains under,1,0.002,"noun,other"
under what,1,0.002,"other,other"
tones at,1,0.002,"noun,other"
natural backdrop,1,0.002,"adj,noun"
central elements,1,0.002,"adj,noun"
foreground the,1,0.002,"noun,other"
textures on,1,0.002,"noun,other"
the roof,1,0.002,"other,noun"
and tree,1,0.002,"other,verb"
tree bark,1,0.002,"verb,noun"
bark to,1,0.002,"noun,other"
the delicate,1,0.002,"other,adj"
delicate reflection,1,0.002,"adj,noun"
composition demonstrates,1,0.002,"noun,verb"
capturing not,1,0.002,"verb,adv"
just physical,1,0.002,"adv,adj"
physical elements,1,0.002,"adj,noun"
elements but,1,0.002,"noun,other"
emotional mood,1,0.002,"adj,noun"
mood within,1,0.002,"noun,other"
landscape art,1,0.002,"noun,noun"
red headpiece,1,0.002,"adj,adj"
headpiece and,1,0.002,"adj,other"
collar against,1,0.002,"noun,other"
vibrant clothing,1,0.002,"adj,verb"
directed to,1,0.002,"verb,other"
side rather,1,0.002,"verb,adv"
than at,1,0.002,"other,other"
gives him,1,0.002,"verb,other"
him an,1,0.002,"other,other"
perhaps seriousness,1,0.002,"adv,adj"
seriousness his,1,0.002,"adj,other"
precision showcasing,1,0.002,"noun,verb"
showcasing a,1,0.002,"verb,other"
a furrowed,1,0.002,"other,verb"
furrowed brow,1,0.002,"verb,noun"
brow suggesting,1,0.002,"noun,verb"
suggesting deep,1,0.002,"verb,adj"
or sternness,1,0.002,"other,noun"
sternness the,1,0.002,"noun,other"
proportions dramatic,1,0.002,"noun,adj"
extends beyond,1,0.002,"verb,other"
beyond what,1,0.002,"other,other"
what we,1,0.002,"other,other"
we would,1,0.002,"other,other"
would see,1,0.002,"other,noun"
see in,1,0.002,"noun,other"
reality a,1,0.002,"noun,other"
aspect being,1,0.002,"verb,verb"
the high,1,0.002,"other,adj"
detail on,1,0.002,"noun,other"
suggests rich,1,0.002,"verb,adj"
rich texture,1,0.002,"adj,noun"
are emphasized,1,0.002,"verb,verb"
emphasized through,1,0.002,"verb,other"
highlight certain,1,0.002,"noun,adj"
certain elements,1,0.002,"adj,noun"
background drawing,1,0.002,"noun,verb"
areas particularly,1,0.002,"noun,adv"
fabric where,1,0.002,"adj,other"
where individual,1,0.002,"other,adj"
individual strokes,1,0.002,"adj,noun"
strokes can,1,0.002,"noun,other"
discerned adding,1,0.002,"verb,verb"
man it,1,0.002,"noun,other"
portrays while,1,0.002,"verb,other"
also showcasing,1,0.002,"adv,verb"
artistic techniques,1,0.002,"adj,noun"
techniques typical,1,0.002,"noun,adj"
of mannerism,1,0.002,"other,noun"
mannerism with,1,0.002,"noun,other"
on elegance,1,0.002,"other,noun"
elegance sophistication,1,0.002,"noun,noun"
sculptural approach,1,0.002,"adj,noun"
captivating representation,1,0.002,"verb,noun"
as mannerism,1,0.002,"other,noun"
mannerism from,1,0.002,"noun,other"
titled an,1,0.002,"verb,other"
an allegory,1,0.002,"other,adj"
allegory with,1,0.002,"adj,other"
with venus,1,0.002,"other,verb"
venus and,1,0.002,"verb,other"
and cupid,1,0.002,"other,adj"
cupid and,1,0.002,"adj,other"
by agnolo,1,0.002,"other,noun"
agnolo bronzino,1,0.002,"noun,noun"
bronzino an,1,0.002,"noun,other"
an italian,1,0.002,"other,adj"
italian artist,1,0.002,"adj,noun"
artist renowned,1,0.002,"noun,verb"
his detailed,1,0.002,"other,adj"
dramatic style,1,0.002,"adj,noun"
in allegorical,1,0.002,"other,adj"
allegorical works,1,0.002,"adj,verb"
this time,1,0.002,"other,noun"
be venus,1,0.002,"verb,verb"
the roman,1,0.002,"other,adj"
roman goddess,1,0.002,"adj,noun"
goddess of,1,0.002,"noun,other"
with luxurious,1,0.002,"other,adj"
luxurious fabrics,1,0.002,"adj,noun"
and surrounded,1,0.002,"other,verb"
figures accompanying,1,0.002,"noun,verb"
is cupid,1,0.002,"verb,adj"
cupid often,1,0.002,"adj,adv"
the winged,1,0.002,"other,verb"
winged cherub,1,0.002,"verb,noun"
or baby,1,0.002,"other,noun"
baby boy,1,0.002,"noun,adj"
boy known,1,0.002,"adj,verb"
in spreading,1,0.002,"other,noun"
spreading love,1,0.002,"noun,verb"
love through,1,0.002,"verb,other"
of arrows,1,0.002,"other,noun"
arrows cupid,1,0.002,"noun,adj"
cupid can,1,0.002,"adj,other"
seen near,1,0.002,"verb,other"
near venus,1,0.002,"other,verb"
venus likely,1,0.002,"verb,adj"
likely symbolizing,1,0.002,"adj,verb"
symbolizing their,1,0.002,"verb,other"
their association,1,0.002,"other,noun"
association in,1,0.002,"noun,other"
mythology other,1,0.002,"noun,adj"
figures present,1,0.002,"noun,adj"
painting include,1,0.002,"verb,verb"
include a,1,0.002,"verb,other"
of venus,1,0.002,"other,verb"
venus possibly,1,0.002,"verb,adv"
a mortal,1,0.002,"other,adj"
mortal or,1,0.002,"adj,other"
or divine,1,0.002,"other,adj"
divine figure,1,0.002,"adj,noun"
figure related,1,0.002,"noun,adj"
children are,1,0.002,"noun,verb"
positioned at,1,0.002,"verb,other"
top and,1,0.002,"adj,other"
left corners,1,0.002,"verb,noun"
canvas they,1,0.002,"noun,other"
represent innocence,1,0.002,"verb,noun"
or youthful,1,0.002,"other,adj"
youthful love,1,0.002,"adj,verb"
is richly,1,0.002,"verb,adj"
detailed with,1,0.002,"adj,other"
of anatomical,1,0.002,"other,adj"
anatomical accuracy,1,0.002,"adj,verb"
accuracy which,1,0.002,"verb,other"
mannerist art,1,0.002,"noun,noun"
particularly noticeable,1,0.002,"adv,adj"
noticeable in,1,0.002,"adj,other"
and pinks,1,0.002,"other,noun"
pinks used,1,0.002,"noun,adj"
to enhance,1,0.002,"other,noun"
and opulence,1,0.002,"other,noun"
opulence often,1,0.002,"noun,adv"
with allegorical,1,0.002,"other,adj"
allegorical scenes,1,0.002,"adj,noun"
scenes involving,1,0.002,"noun,verb"
involving goddesses,1,0.002,"verb,noun"
goddesses like,1,0.002,"noun,other"
like venus,1,0.002,"other,verb"
each figure,1,0.002,"other,noun"
figure contributing,1,0.002,"noun,verb"
narrative suggested,1,0.002,"adj,verb"
and drapery,1,0.002,"other,noun"
drapery adds,1,0.002,"noun,verb"
how mannerist,1,0.002,"other,noun"
mannerist artists,1,0.002,"noun,noun"
like bronzino,1,0.002,"other,noun"
bronzino were,1,0.002,"noun,verb"
were able,1,0.002,"verb,adj"
able to,1,0.002,"adj,other"
to combine,1,0.002,"other,noun"
combine elements,1,0.002,"noun,noun"
with new,1,0.002,"other,adj"
new techniques,1,0.002,"adj,noun"
techniques and,1,0.002,"noun,other"
and styles,1,0.002,"other,noun"
styles that,1,0.002,"noun,other"
that emerged,1,0.002,"other,verb"
emerged during,1,0.002,"verb,other"
their creativity,1,0.002,"other,noun"
creativity and,1,0.002,"noun,other"
and innovation,1,0.002,"other,noun"
innovation in,1,0.002,"noun,other"
in portraying,1,0.002,"other,verb"
portraying human,1,0.002,"verb,adj"
human emotion,1,0.002,"adj,noun"
emotion mythological,1,0.002,"noun,adj"
mythological narratives,1,0.002,"adj,noun"
the world,1,0.002,"other,noun"
world around,1,0.002,"noun,other"
elaborate armor,1,0.002,"noun,noun"
armor suggesting,1,0.002,"noun,verb"
nobleman from,1,0.002,"adj,other"
common the,1,0.002,"adj,other"
the armor,1,0.002,"other,noun"
armor is,1,0.002,"noun,verb"
is highly,1,0.002,"verb,adv"
and includes,1,0.002,"other,verb"
includes intricate,1,0.002,"verb,noun"
the breastplate,1,0.002,"other,verb"
breastplate which,1,0.002,"verb,other"
and craftsmanship,1,0.002,"other,verb"
craftsmanship of,1,0.002,"verb,other"
renaissance era,1,0.002,"noun,verb"
mustache and,1,0.002,"verb,other"
of mild,1,0.002,"other,adj"
mild contemplation,1,0.002,"adj,noun"
or seriousness,1,0.002,"other,adj"
seriousness he,1,0.002,"adj,other"
head tilted,1,0.002,"noun,verb"
tilted towards,1,0.002,"verb,noun"
of direct,1,0.002,"other,adj"
direct engagement,1,0.002,"adj,adj"
features classical,1,0.002,"noun,adj"
as columns,1,0.002,"other,noun"
columns which,1,0.002,"noun,other"
mannerist portraiture,1,0.002,"noun,verb"
portraiture where,1,0.002,"verb,other"
often included,1,0.002,"adv,verb"
included grandiose,1,0.002,"verb,adj"
grandiose settings,1,0.002,"adj,noun"
settings to,1,0.002,"noun,other"
to match,1,0.002,"other,verb"
match the,1,0.002,"verb,other"
the status,1,0.002,"other,noun"
and importance,1,0.002,"other,noun"
soft but,1,0.002,"adj,other"
but focused,1,0.002,"other,verb"
and chest,1,0.002,"other,adj"
area highlighting,1,0.002,"noun,verb"
highlighting these,1,0.002,"verb,other"
these parts,1,0.002,"other,noun"
and demeanor,1,0.002,"other,adj"
appears smooth,1,0.002,"verb,adj"
smooth with,1,0.002,"adj,other"
with delicate,1,0.002,"other,adj"
delicate shading,1,0.002,"adj,verb"
suggests depth,1,0.002,"verb,adj"
muted which,1,0.002,"verb,other"
many late,1,0.002,"adj,adj"
renaissance portraits,1,0.002,"noun,noun"
portraits where,1,0.002,"noun,other"
often sought,1,0.002,"adv,verb"
of gravity,1,0.002,"other,noun"
gravity and,1,0.002,"noun,other"
and solemnity,1,0.002,"other,noun"
solemnity in,1,0.002,"noun,other"
art tradition,1,0.002,"noun,noun"
tradition known,1,0.002,"noun,verb"
holy family,1,0.002,"noun,noun"
family with,1,0.002,"noun,other"
with st,1,0.002,"other,verb"
anne and,1,0.002,"adj,other"
infant st,1,0.002,"verb,verb"
baptist the,1,0.002,"noun,other"
renaissance which,1,0.002,"noun,other"
the elongated,1,0.002,"other,verb"
dramatic poses,1,0.002,"adj,verb"
poses at,1,0.002,"verb,other"
center stands,1,0.002,"noun,verb"
stands mary,1,0.002,"verb,adj"
mary who,1,0.002,"adj,other"
who holds,1,0.002,"other,verb"
holds her,1,0.002,"verb,other"
her son,1,0.002,"other,noun"
son jesus,1,0.002,"noun,noun"
jesus on,1,0.002,"noun,other"
lap they,1,0.002,"noun,other"
both dressed,1,0.002,"other,verb"
in robes,1,0.002,"other,noun"
robes with,1,0.002,"noun,other"
rich folds,1,0.002,"adj,noun"
that drape,1,0.002,"other,noun"
drape elegantly,1,0.002,"noun,adv"
an older,1,0.002,"other,adj"
presumably st,1,0.002,"adv,verb"
anne also,1,0.002,"adj,adv"
similar manner,1,0.002,"adj,adj"
manner her,1,0.002,"adj,other"
seated next,1,0.002,"verb,adj"
mary to,1,0.002,"adj,other"
child figure,1,0.002,"noun,noun"
who represents,1,0.002,"other,verb"
represents st,1,0.002,"verb,verb"
baptist as,1,0.002,"noun,other"
an infant,1,0.002,"other,verb"
infant this,1,0.002,"verb,other"
character is,1,0.002,"noun,verb"
with wild,1,0.002,"other,adj"
wild hair,1,0.002,"adj,adj"
hair or,1,0.002,"adj,other"
or foliage,1,0.002,"other,noun"
around his,1,0.002,"other,other"
and sometimes,1,0.002,"other,adv"
sometimes holding,1,0.002,"adv,verb"
a lamb,1,0.002,"other,adj"
lamb although,1,0.002,"adj,other"
although none,1,0.002,"other,noun"
none are,1,0.002,"noun,verb"
pose mirrors,1,0.002,"verb,noun"
mirrors that,1,0.002,"noun,other"
jesus creating,1,0.002,"noun,verb"
visual symmetry,1,0.002,"adj,noun"
symmetry between,1,0.002,"noun,other"
them above,1,0.002,"other,other"
them all,1,0.002,"other,other"
all looms,1,0.002,"other,adj"
looms the,1,0.002,"adj,other"
man presumably,1,0.002,"noun,adv"
presumably joseph,1,0.002,"adv,verb"
joseph his,1,0.002,"verb,other"
giving him,1,0.002,"verb,other"
him a,1,0.002,"other,other"
a commanding,1,0.002,"other,verb"
commanding presence,1,0.002,"verb,noun"
presence he,1,0.002,"noun,other"
his hip,1,0.002,"other,noun"
holding an,1,0.002,"verb,other"
a scroll,1,0.002,"other,adj"
scroll or,1,0.002,"adj,other"
a tool,1,0.002,"other,noun"
tool of,1,0.002,"noun,other"
of some,1,0.002,"other,other"
kind the,1,0.002,"noun,other"
landscape under,1,0.002,"noun,other"
dramatic sky,1,0.002,"adj,adj"
clouds suggesting,1,0.002,"adj,verb"
significance or,1,0.002,"noun,other"
or transition,1,0.002,"other,noun"
transition which,1,0.002,"noun,other"
narrative themes,1,0.002,"adj,noun"
themes often,1,0.002,"noun,adv"
such religious,1,0.002,"adj,adj"
religious compositions,1,0.002,"adj,noun"
compositions the,1,0.002,"noun,other"
scene lending,1,0.002,"noun,noun"
lending it,1,0.002,"noun,other"
of solemnity,1,0.002,"other,noun"
and reverence,1,0.002,"other,noun"
women from,1,0.002,"noun,other"
era as,1,0.002,"verb,other"
figures characteristic,1,0.002,"noun,adj"
two friends,1,0.002,"other,verb"
friends and,1,0.002,"verb,other"
signed by,1,0.002,"verb,other"
tamara one,1,0.002,"verb,other"
be lying,1,0.002,"verb,verb"
lying down,1,0.002,"verb,adv"
down on,1,0.002,"adv,other"
stands over,1,0.002,"verb,other"
her with,1,0.002,"other,other"
placed gently,1,0.002,"verb,adv"
gently on,1,0.002,"adv,other"
companion s,1,0.002,"noun,noun"
intimacy or,1,0.002,"noun,other"
or companionship,1,0.002,"other,noun"
companionship between,1,0.002,"noun,other"
them both,1,0.002,"other,other"
aesthetic their,1,0.002,"adj,other"
is sleek,1,0.002,"verb,adj"
streamlined reflecting,1,0.002,"verb,verb"
the modernity,1,0.002,"other,noun"
further emphasize,1,0.002,"adv,verb"
overall decorative,1,0.002,"adj,adj"
decorative quality,1,0.002,"adj,noun"
profile seated,1,0.002,"adj,verb"
us giving,1,0.002,"other,verb"
the deep,1,0.002,"other,adj"
deep red,1,0.002,"adj,adj"
red background,1,0.002,"adj,noun"
wears pearl,1,0.002,"noun,verb"
pearl jewelry,1,0.002,"verb,noun"
jewelry that,1,0.002,"noun,other"
the sitter,1,0.002,"other,adj"
sitter s,1,0.002,"adj,noun"
on contour,1,0.002,"other,noun"
contour and,1,0.002,"noun,other"
texture creating,1,0.002,"noun,verb"
striking portrait,1,0.002,"verb,verb"
nude figure,1,0.002,"adj,noun"
has elongated,1,0.002,"verb,verb"
confident pose,1,0.002,"adj,verb"
pose her,1,0.002,"verb,other"
is oriented,1,0.002,"verb,verb"
oriented towards,1,0.002,"verb,noun"
or posing,1,0.002,"other,verb"
posing for,1,0.002,"verb,other"
striking features,1,0.002,"verb,noun"
lips dark,1,0.002,"verb,adj"
and high,1,0.002,"other,adj"
high cheekbones,1,0.002,"adj,noun"
cheekbones that,1,0.002,"noun,other"
foliage at,1,0.002,"noun,other"
corner providing,1,0.002,"noun,verb"
natural contrast,1,0.002,"adj,noun"
stylized human,1,0.002,"verb,adj"
human figure,1,0.002,"adj,noun"
oranges being,1,0.002,"verb,verb"
prominent on,1,0.002,"noun,other"
and skin,1,0.002,"other,noun"
clothing items,1,0.002,"verb,noun"
items around,1,0.002,"noun,other"
her suggest,1,0.002,"other,noun"
an upper,1,0.002,"other,adj"
class setting,1,0.002,"noun,verb"
artwork of,1,0.002,"noun,other"
its time,1,0.002,"other,noun"
time overall,1,0.002,"noun,adj"
intensity using,1,0.002,"noun,verb"
s confidence,1,0.002,"noun,noun"
allure within,1,0.002,"verb,other"
named prince,1,0.002,"verb,noun"
eristoff the,1,0.002,"noun,other"
showcases an,1,0.002,"verb,other"
an elongated,1,0.002,"other,verb"
stylized depiction,1,0.002,"verb,noun"
depiction typical,1,0.002,"noun,adj"
modernity prince,1,0.002,"noun,noun"
eristoff is,1,0.002,"noun,verb"
strong profile,1,0.002,"adj,adj"
profile wearing,1,0.002,"adj,verb"
suit with,1,0.002,"noun,other"
a tie,1,0.002,"other,noun"
tie his,1,0.002,"noun,other"
is formal,1,0.002,"verb,adj"
formal suggesting,1,0.002,"adj,verb"
society the,1,0.002,"noun,other"
quite striking,1,0.002,"adv,verb"
of deep,1,0.002,"other,adj"
deep shadow,1,0.002,"adj,verb"
shadow contrasting,1,0.002,"verb,verb"
against bright,1,0.002,"other,verb"
bright highlights,1,0.002,"verb,noun"
featuring what,1,0.002,"noun,other"
like curtains,1,0.002,"other,noun"
curtains that,1,0.002,"noun,other"
study or,1,0.002,"verb,other"
or sitting,1,0.002,"other,verb"
sitting room,1,0.002,"verb,noun"
overall ambiance,1,0.002,"adj,noun"
signature tde,1,0.002,"noun,noun"
tde lempicka,1,0.002,"noun,noun"
lempicka indicates,1,0.002,"noun,verb"
lempicka a,1,0.002,"noun,other"
a polish,1,0.002,"other,adj"
portraits of,1,0.002,"noun,other"
various members,1,0.002,"adj,noun"
a model,1,0.002,"other,noun"
model as,1,0.002,"noun,other"
model she,1,0.002,"noun,other"
dynamic pose,1,0.002,"adj,verb"
raised above,1,0.002,"verb,other"
head one,1,0.002,"noun,other"
hand pulling,1,0.002,"noun,verb"
pulling back,1,0.002,"verb,adv"
hair while,1,0.002,"adj,other"
other clasps,1,0.002,"adj,noun"
clasps her,1,0.002,"noun,other"
left shoulder,1,0.002,"verb,noun"
shoulder creating,1,0.002,"noun,verb"
motion her,1,0.002,"noun,other"
sheer garment,1,0.002,"noun,noun"
possibly draped,1,0.002,"adv,verb"
fabric adding,1,0.002,"adj,verb"
dominant tones,1,0.002,"verb,noun"
of earthy,1,0.002,"other,noun"
earthy browns,1,0.002,"noun,noun"
greens contrasting,1,0.002,"noun,verb"
s lighter,1,0.002,"noun,noun"
lighter colored,1,0.002,"noun,adj"
out as,1,0.002,"other,other"
features dark,1,0.002,"noun,adj"
dark shapes,1,0.002,"adj,noun"
or parts,1,0.002,"other,noun"
room further,1,0.002,"noun,adv"
further contributing,1,0.002,"adv,verb"
aesthetic artist,1,0.002,"adj,noun"
lempicka is,1,0.002,"noun,verb"
and nudes,1,0.002,"other,verb"
nudes in,1,0.002,"verb,other"
lines this,1,0.002,"noun,other"
showcases these,1,0.002,"verb,other"
these hallmarks,1,0.002,"other,noun"
hallmarks with,1,0.002,"noun,other"
model s,1,0.002,"noun,noun"
volume that,1,0.002,"noun,other"
was typical,1,0.002,"verb,adj"
a balcony,1,0.002,"other,adj"
balcony railing,1,0.002,"adj,verb"
railing she,1,0.002,"verb,other"
with thin,1,0.002,"other,adj"
thin straps,1,0.002,"adj,noun"
straps and,1,0.002,"noun,other"
light cardigan,1,0.002,"adj,noun"
cardigan or,1,0.002,"noun,other"
or shrug,1,0.002,"other,adj"
shrug over,1,0.002,"adj,other"
deco fashion,1,0.002,"adj,noun"
artwork her,1,0.002,"noun,other"
the knees,1,0.002,"other,noun"
knees and,1,0.002,"noun,other"
directly ahead,1,0.002,"adv,adv"
a cityscape,1,0.002,"other,noun"
cityscape such,1,0.002,"noun,adj"
as buildings,1,0.002,"other,noun"
buildings and,1,0.002,"noun,other"
a lamp,1,0.002,"other,noun"
lamp post,1,0.002,"noun,noun"
post indicating,1,0.002,"noun,verb"
an urban,1,0.002,"other,adj"
urban setting,1,0.002,"adj,verb"
painting uses,1,0.002,"verb,noun"
uses muted,1,0.002,"noun,verb"
subtle highlights,1,0.002,"adj,noun"
detail artist,1,0.002,"noun,noun"
her side,1,0.002,"other,verb"
titled la,1,0.002,"verb,noun"
la belle,1,0.002,"noun,noun"
belle rafaela,1,0.002,"noun,adj"
rafaela and,1,0.002,"adj,other"
exudes confidence,1,0.002,"noun,noun"
allure characteristic,1,0.002,"verb,adj"
the decadence,1,0.002,"other,noun"
decadence associated,1,0.002,"noun,adj"
titled young,1,0.002,"verb,adj"
young ladies,1,0.002,"adj,verb"
ladies depicts,1,0.002,"verb,noun"
women against,1,0.002,"noun,other"
plain wall,1,0.002,"noun,noun"
slight shadow,1,0.002,"adj,verb"
feathers giving,1,0.002,"noun,verb"
giving her,1,0.002,"verb,other"
a sleeveless,1,0.002,"other,noun"
sleeveless dress,1,0.002,"noun,noun"
or top,1,0.002,"other,adj"
top revealing,1,0.002,"adj,verb"
revealing one,1,0.002,"verb,other"
shoulder which,1,0.002,"noun,other"
as neutral,1,0.002,"other,adj"
neutral or,1,0.002,"adj,other"
contemplative her,1,0.002,"adj,other"
jacket visible,1,0.002,"noun,adj"
beneath a,1,0.002,"noun,other"
ruffled scarf,1,0.002,"verb,noun"
scarf with,1,0.002,"noun,other"
broad stripes,1,0.002,"adj,noun"
stripes suggesting,1,0.002,"noun,verb"
a layered,1,0.002,"other,verb"
layered look,1,0.002,"verb,noun"
look typical,1,0.002,"noun,adj"
era s,1,0.002,"verb,noun"
s fashion,1,0.002,"noun,noun"
trends the,1,0.002,"noun,other"
warm dominated,1,0.002,"adj,verb"
subtle but,1,0.002,"adj,other"
but effective,1,0.002,"other,adj"
effective in,1,0.002,"adj,other"
in highlighting,1,0.002,"other,verb"
women s,1,0.002,"noun,noun"
hair as,1,0.002,"adj,other"
as their,1,0.002,"other,other"
their facial,1,0.002,"other,adj"
features overall,1,0.002,"noun,adj"
its portrayal,1,0.002,"other,adj"
fashion form,1,0.002,"noun,noun"
on elegant,1,0.002,"other,verb"
elegant simplicity,1,0.002,"verb,noun"
features elongated,1,0.002,"noun,verb"
suggesting engagement,1,0.002,"verb,adj"
audience her,1,0.002,"noun,other"
but appears,1,0.002,"other,verb"
appears contemplative,1,0.002,"verb,adj"
seductive the,1,0.002,"adj,other"
dark with,1,0.002,"adj,other"
subtle shapes,1,0.002,"adj,noun"
elements aligning,1,0.002,"noun,verb"
stylized fitting,1,0.002,"verb,verb"
fitting within,1,0.002,"verb,other"
overall art,1,0.002,"adj,noun"
figure embodying,1,0.002,"noun,verb"
deco which,1,0.002,"adj,other"
1930s the,1,0.002,"other,other"
is presented,1,0.002,"verb,verb"
presented with,1,0.002,"verb,other"
elongated slender,1,0.002,"verb,noun"
slender features,1,0.002,"noun,noun"
style sharp,1,0.002,"noun,adj"
angles clean,1,0.002,"noun,verb"
modernity she,1,0.002,"noun,other"
fashion forward,1,0.002,"noun,adv"
forward aesthetic,1,0.002,"adv,adj"
flowers close,1,0.002,"noun,adj"
chest which,1,0.002,"adj,other"
symbolize freshness,1,0.002,"verb,noun"
freshness or,1,0.002,"noun,other"
or celebration,1,0.002,"other,noun"
of summertime,1,0.002,"other,adj"
summertime the,1,0.002,"adj,other"
bold reds,1,0.002,"verb,verb"
blues whites,1,0.002,"noun,noun"
yellows that,1,0.002,"noun,other"
lively feel,1,0.002,"adv,verb"
feel befitting,1,0.002,"verb,verb"
befitting the,1,0.002,"verb,other"
title in,1,0.002,"noun,other"
of summer,1,0.002,"other,noun"
relatively simple,1,0.002,"adv,noun"
simple compared,1,0.002,"noun,verb"
figure suggesting,1,0.002,"noun,verb"
no texts,1,0.002,"other,noun"
texts present,1,0.002,"noun,adj"
present on,1,0.002,"adj,other"
artwork itself,1,0.002,"noun,other"
itself overall,1,0.002,"other,adj"
deco s,1,0.002,"adj,noun"
s focus,1,0.002,"noun,noun"
on streamlined,1,0.002,"other,verb"
a celebration,1,0.002,"other,noun"
of modern,1,0.002,"other,adj"
modern life,1,0.002,"adj,noun"
style painted,1,0.002,"noun,verb"
titled maternity,1,0.002,"verb,noun"
maternity the,1,0.002,"noun,other"
pink chaise,1,0.002,"adj,noun"
chaise lounge,1,0.002,"noun,verb"
lounge or,1,0.002,"verb,other"
or sofa,1,0.002,"other,adj"
sofa which,1,0.002,"adj,other"
similar shade,1,0.002,"adj,noun"
shade of,1,0.002,"noun,other"
pink fabric,1,0.002,"adj,adj"
positioned facing,1,0.002,"verb,verb"
slightly left,1,0.002,"adv,verb"
of center,1,0.002,"other,noun"
stylized appearance,1,0.002,"verb,noun"
appearance typical,1,0.002,"noun,adj"
work her,1,0.002,"verb,other"
is slicked,1,0.002,"verb,verb"
slicked back,1,0.002,"verb,adv"
back in,1,0.002,"adv,other"
elegant bob,1,0.002,"verb,noun"
bob style,1,0.002,"noun,noun"
lipstick that,1,0.002,"adj,other"
tone she,1,0.002,"noun,other"
or robe,1,0.002,"other,noun"
the sofa,1,0.002,"other,adj"
sofa creating,1,0.002,"adj,verb"
harmonious color,1,0.002,"adj,noun"
scheme in,1,0.002,"adj,other"
child swathed,1,0.002,"noun,verb"
swathed in,1,0.002,"verb,other"
cloth suggesting,1,0.002,"noun,verb"
of care,1,0.002,"other,noun"
and nurturing,1,0.002,"other,verb"
nurturing the,1,0.002,"verb,other"
angle adding,1,0.002,"other,verb"
mystery to,1,0.002,"noun,other"
minimalistic with,1,0.002,"adj,other"
dark tone,1,0.002,"adj,noun"
surroundings there,1,0.002,"noun,other"
corner de,1,0.002,"noun,other"
signature can,1,0.002,"noun,other"
seen confirming,1,0.002,"verb,verb"
strong vertical,1,0.002,"adj,adj"
vertical line,1,0.002,"adj,noun"
line formed,1,0.002,"noun,adj"
formed by,1,0.002,"adj,other"
child leading,1,0.002,"noun,verb"
image from,1,0.002,"noun,other"
pose that,1,0.002,"verb,other"
that exudes,1,0.002,"other,noun"
exudes elegance,1,0.002,"noun,noun"
person appears,1,0.002,"noun,verb"
be nude,1,0.002,"verb,adj"
a slender,1,0.002,"other,noun"
slender build,1,0.002,"noun,noun"
build and,1,0.002,"noun,other"
long limbs,1,0.002,"adj,adj"
limbs typical,1,0.002,"adj,adj"
form idealized,1,0.002,"noun,adj"
idealized in,1,0.002,"adj,other"
in certain,1,0.002,"other,adj"
certain styles,1,0.002,"adj,noun"
slightly revealing,1,0.002,"adv,verb"
revealing an,1,0.002,"verb,other"
suggest contemplation,1,0.002,"noun,noun"
neatly enhancing,1,0.002,"adv,verb"
aesthetic appeal,1,0.002,"adj,noun"
appeal the,1,0.002,"noun,other"
limited yet,1,0.002,"verb,adv"
makes it,1,0.002,"verb,other"
it stand,1,0.002,"other,noun"
prominently there,1,0.002,"adv,other"
of lighter,1,0.002,"other,noun"
lighter shades,1,0.002,"noun,noun"
shades that,1,0.002,"noun,other"
unmistakably art,1,0.002,"adv,noun"
smooth contours,1,0.002,"adj,noun"
contours and,1,0.002,"noun,other"
modernity the,1,0.002,"noun,other"
used strong,1,0.002,"adj,adj"
strong brushstrokes,1,0.002,"adj,noun"
range to,1,0.002,"verb,other"
create this,1,0.002,"noun,other"
piece which,1,0.002,"noun,other"
with dove,1,0.002,"other,verb"
dove title,1,0.002,"verb,noun"
title suggests,1,0.002,"noun,verb"
suggests there,1,0.002,"verb,other"
bird present,1,0.002,"noun,adj"
painting but,1,0.002,"verb,other"
but without,1,0.002,"other,other"
further details,1,0.002,"adv,noun"
or context,1,0.002,"other,adj"
context i,1,0.002,"adj,adj"
i cannot,1,0.002,"adj,adj"
cannot provide,1,0.002,"adj,verb"
information on,1,0.002,"noun,other"
that aspect,1,0.002,"other,verb"
loose fitting,1,0.002,"adj,verb"
fitting clothing,1,0.002,"verb,verb"
and ease,1,0.002,"other,noun"
ease her,1,0.002,"noun,other"
updo adding,1,0.002,"adj,verb"
areas highlighted,1,0.002,"noun,verb"
highlighted by,1,0.002,"verb,other"
by darker,1,0.002,"other,noun"
darker shades,1,0.002,"noun,noun"
shades which,1,0.002,"noun,other"
boat with,1,0.002,"verb,other"
with sails,1,0.002,"other,verb"
sails suggesting,1,0.002,"verb,verb"
a nautical,1,0.002,"other,adj"
nautical theme,1,0.002,"adj,adj"
theme or,1,0.002,"adj,other"
like setting,1,0.002,"other,verb"
fully grounded,1,0.002,"adv,verb"
grounded in,1,0.002,"verb,other"
modernity which,1,0.002,"noun,other"
posture with,1,0.002,"noun,other"
clothing to,1,0.002,"verb,other"
subtle curves,1,0.002,"adj,noun"
curves of,1,0.002,"noun,other"
used shading,1,0.002,"adj,verb"
and contouring,1,0.002,"other,verb"
contouring to,1,0.002,"verb,other"
of dimensionality,1,0.002,"other,noun"
dimensionality and,1,0.002,"noun,other"
life like,1,0.002,"noun,other"
quality overall,1,0.002,"noun,adj"
artwork exudes,1,0.002,"noun,noun"
elements it,1,0.002,"noun,other"
embracing or,1,0.002,"verb,other"
or dancing,1,0.002,"other,verb"
dancing closely,1,0.002,"verb,adv"
together the,1,0.002,"adv,other"
elegant profile,1,0.002,"verb,adj"
forehead and,1,0.002,"noun,other"
a parted,1,0.002,"other,verb"
parted hairstyle,1,0.002,"verb,noun"
hairstyle reminiscent,1,0.002,"noun,adj"
ancient egyptian,1,0.002,"adj,adj"
egyptian profiles,1,0.002,"adj,noun"
profiles this,1,0.002,"noun,other"
like feathers,1,0.002,"other,noun"
feathers around,1,0.002,"noun,other"
the neck,1,0.002,"other,noun"
the deco,1,0.002,"other,adj"
aesthetic s,1,0.002,"adj,noun"
s love,1,0.002,"noun,verb"
love for,1,0.002,"verb,other"
for ornamentation,1,0.002,"other,noun"
ornamentation the,1,0.002,"noun,other"
the second,1,0.002,"other,adj"
second figure,1,0.002,"adj,noun"
view revealing,1,0.002,"noun,verb"
revealing both,1,0.002,"verb,other"
body this,1,0.002,"noun,other"
person has,1,0.002,"noun,verb"
pronounced facial,1,0.002,"verb,adj"
strong jawline,1,0.002,"adj,noun"
jawline and,1,0.002,"noun,other"
serene confidence,1,0.002,"adj,noun"
confidence or,1,0.002,"noun,other"
or quiet,1,0.002,"other,adj"
hair style,1,0.002,"adj,noun"
also indicative,1,0.002,"adv,adj"
design of,1,0.002,"noun,other"
rich featuring,1,0.002,"adj,noun"
featuring deep,1,0.002,"noun,adj"
deep blues,1,0.002,"adj,noun"
darker shade,1,0.002,"noun,noun"
shade allowing,1,0.002,"noun,verb"
subjects to,1,0.002,"noun,other"
prominently overall,1,0.002,"adv,adj"
color create,1,0.002,"noun,noun"
woman playing,1,0.002,"noun,noun"
guitar characterized,1,0.002,"verb,verb"
or stage,1,0.002,"other,noun"
stage with,1,0.002,"noun,other"
with dramatic,1,0.002,"other,adj"
dramatic architecture,1,0.002,"adj,noun"
architecture in,1,0.002,"noun,other"
drapes elegantly,1,0.002,"noun,adv"
elegantly and,1,0.002,"adv,other"
guitar she,1,0.002,"verb,other"
holds is,1,0.002,"verb,verb"
prominent suggesting,1,0.002,"noun,verb"
central element,1,0.002,"adj,noun"
by blues,1,0.002,"other,noun"
purples which,1,0.002,"verb,other"
energy typical,1,0.002,"noun,adj"
fashion typical,1,0.002,"noun,adj"
short wavy,1,0.002,"adj,noun"
feathers that,1,0.002,"noun,other"
an avian,1,0.002,"other,adj"
avian appearance,1,0.002,"adj,noun"
appearance her,1,0.002,"noun,other"
features draped,1,0.002,"noun,verb"
cascades around,1,0.002,"verb,other"
arms suggesting,1,0.002,"noun,verb"
gloves she,1,0.002,"noun,other"
wears on,1,0.002,"noun,other"
hands and,1,0.002,"noun,other"
the black,1,0.002,"other,adj"
black shading,1,0.002,"adj,verb"
a bit,1,0.002,"other,noun"
bit melancholic,1,0.002,"noun,adj"
melancholic in,1,0.002,"adj,other"
architectural detail,1,0.002,"adj,noun"
detail possibly,1,0.002,"noun,adv"
possibly part,1,0.002,"adv,noun"
often featured,1,0.002,"adv,verb"
featured bold,1,0.002,"verb,verb"
range with,1,0.002,"verb,other"
seated behind,1,0.002,"verb,other"
the wheel,1,0.002,"other,noun"
wheel of,1,0.002,"noun,other"
vintage car,1,0.002,"noun,noun"
car specifically,1,0.002,"noun,adv"
bugatti as,1,0.002,"noun,other"
title my,1,0.002,"noun,other"
my portrait,1,0.002,"other,verb"
portrait self,1,0.002,"verb,other"
bugatti she,1,0.002,"noun,other"
neutral but,1,0.002,"adj,other"
but poised,1,0.002,"other,adj"
poised looking,1,0.002,"adj,verb"
the vehicle,1,0.002,"other,noun"
vehicle s,1,0.002,"noun,noun"
interior is,1,0.002,"adj,verb"
visible including,1,0.002,"adj,verb"
including the,1,0.002,"verb,other"
the steering,1,0.002,"other,verb"
steering wheel,1,0.002,"verb,noun"
wheel and,1,0.002,"noun,other"
the dashboard,1,0.002,"other,adj"
dashboard which,1,0.002,"adj,other"
in rich,1,0.002,"other,adj"
car the,1,0.002,"noun,other"
showcases elements,1,0.002,"verb,noun"
elements typical,1,0.002,"noun,adj"
aesthetics such,1,0.002,"noun,adj"
as clean,1,0.002,"other,verb"
named dr,1,0.002,"verb,noun"
boucard rendered,1,0.002,"adv,verb"
a sleek,1,0.002,"other,adj"
streamlined appearance,1,0.002,"verb,noun"
appearance which,1,0.002,"noun,other"
movement dr,1,0.002,"noun,noun"
boucard is,1,0.002,"adv,verb"
angle seated,1,0.002,"other,verb"
a pen,1,0.002,"other,adj"
pen or,1,0.002,"adj,other"
or pencil,1,0.002,"other,noun"
pencil suggesting,1,0.002,"noun,verb"
he may,1,0.002,"other,other"
of writing,1,0.002,"other,verb"
writing he,1,0.002,"verb,other"
white jacket,1,0.002,"adj,noun"
jacket that,1,0.002,"noun,other"
and sideburns,1,0.002,"other,noun"
sideburns his,1,0.002,"noun,other"
thoughtful and,1,0.002,"noun,other"
and focused,1,0.002,"other,verb"
focused possibly,1,0.002,"verb,adv"
concentration or,1,0.002,"noun,other"
or deep,1,0.002,"other,adj"
thought the,1,0.002,"verb,other"
to dr,1,0.002,"other,noun"
boucard as,1,0.002,"adv,other"
are geometric,1,0.002,"verb,adj"
geometric and,1,0.002,"adj,other"
angular further,1,0.002,"adj,adv"
emphasizes clean,1,0.002,"verb,verb"
symmetry all,1,0.002,"noun,other"
are present,1,0.002,"verb,adj"
stylized figure,1,0.002,"verb,noun"
style likely,1,0.002,"noun,adj"
in winter,1,0.002,"other,noun"
winter attire,1,0.002,"noun,noun"
trim along,1,0.002,"verb,other"
the hood,1,0.002,"other,noun"
hood s,1,0.002,"noun,noun"
edge and,1,0.002,"noun,other"
the sleeves,1,0.002,"other,noun"
styled short,1,0.002,"verb,adj"
short and,1,0.002,"adj,other"
dark eye,1,0.002,"adj,noun"
eye makeup,1,0.002,"noun,noun"
a ski,1,0.002,"other,noun"
ski pole,1,0.002,"noun,noun"
pole suggesting,1,0.002,"noun,verb"
an alpine,1,0.002,"other,adj"
alpine or,1,0.002,"adj,other"
or skiing,1,0.002,"other,verb"
skiing theme,1,0.002,"verb,adj"
a snowy,1,0.002,"other,adj"
snowy landscape,1,0.002,"adj,noun"
with mountains,1,0.002,"other,noun"
mountains which,1,0.002,"noun,other"
title saint,1,0.002,"noun,adj"
saint moritz,1,0.002,"adj,noun"
moritz a,1,0.002,"noun,other"
known swiss,1,0.002,"verb,adj"
swiss ski,1,0.002,"adj,noun"
ski resort,1,0.002,"noun,noun"
resort known,1,0.002,"noun,verb"
its luxury,1,0.002,"other,noun"
and winter,1,0.002,"other,noun"
winter sports,1,0.002,"noun,noun"
sports the,1,0.002,"noun,other"
lempicka indicating,1,0.002,"noun,verb"
is by,1,0.002,"verb,other"
the polish,1,0.002,"other,adj"
painter tamara,1,0.002,"noun,verb"
tamara łempicka,1,0.002,"verb,noun"
łempicka her,1,0.002,"noun,other"
her signature,1,0.002,"other,noun"
forms all,1,0.002,"noun,other"
an evening,1,0.002,"other,verb"
evening gown,1,0.002,"verb,adj"
gown with,1,0.002,"adj,other"
surface possibly,1,0.002,"noun,adv"
couch leaning,1,0.002,"adj,verb"
leaning slightly,1,0.002,"verb,adv"
left as,1,0.002,"verb,other"
elegant typical,1,0.002,"verb,adj"
many art,1,0.002,"adj,noun"
deco depictions,1,0.002,"adj,noun"
outlines flat,1,0.002,"verb,adj"
simplified approach,1,0.002,"adj,noun"
palette focused,1,0.002,"noun,verb"
and moody,1,0.002,"other,noun"
moody providing,1,0.002,"noun,verb"
brings attention,1,0.002,"noun,noun"
dimensionality despite,1,0.002,"noun,other"
stylized nature,1,0.002,"verb,adj"
elegance which,1,0.002,"noun,other"
deco artworks,1,0.002,"adj,noun"
done by,1,0.002,"verb,other"
of madame,1,0.002,"other,adj"
madame m,1,0.002,"adj,adj"
strong confident,1,0.002,"adj,adj"
confident gaze,1,0.002,"adj,noun"
short fashionable,1,0.002,"adj,adj"
fashionable hair,1,0.002,"adj,adj"
wearing elegant,1,0.002,"verb,verb"
with drapery,1,0.002,"other,noun"
drapery elements,1,0.002,"noun,noun"
hues highlighting,1,0.002,"noun,verb"
highlighting her,1,0.002,"verb,other"
and hands,1,0.002,"other,noun"
dynamic swirls,1,0.002,"adj,noun"
swirls of,1,0.002,"noun,other"
fabric around,1,0.002,"adj,other"
body give,1,0.002,"noun,verb"
modernity that,1,0.002,"noun,other"
minimalistic yet,1,0.002,"adj,adv"
yet suggests,1,0.002,"adv,verb"
architectural or,1,0.002,"adj,other"
or geometric,1,0.002,"other,adj"
geometric motif,1,0.002,"adj,noun"
motif another,1,0.002,"noun,other"
another common,1,0.002,"other,adj"
common element,1,0.002,"adj,noun"
art overall,1,0.002,"noun,adj"
of contemporary,1,0.002,"other,adj"
contemporary fashion,1,0.002,"adj,noun"
fashion elegance,1,0.002,"noun,noun"
sophistication within,1,0.002,"noun,other"
turban it,1,0.002,"adj,other"
women as,1,0.002,"noun,other"
subjects both,1,0.002,"noun,other"
both depicted,1,0.002,"other,verb"
turban or,1,0.002,"adj,other"
headdress hence,1,0.002,"noun,noun"
hence the,1,0.002,"noun,other"
piece she,1,0.002,"noun,other"
and makeup,1,0.002,"other,noun"
is intense,1,0.002,"verb,verb"
more relaxed,1,0.002,"adv,verb"
relaxed posture,1,0.002,"verb,noun"
posture looking,1,0.002,"noun,verb"
slightly away,1,0.002,"adv,adv"
the camera,1,0.002,"other,noun"
camera which,1,0.002,"noun,other"
contrast in,1,0.002,"noun,other"
their poses,1,0.002,"other,verb"
poses her,1,0.002,"verb,other"
fur stole,1,0.002,"adj,verb"
stole or,1,0.002,"verb,other"
or collar,1,0.002,"other,noun"
collar adding,1,0.002,"noun,verb"
subjects allowing,1,0.002,"noun,verb"
the viewers,1,0.002,"other,noun"
viewers focus,1,0.002,"noun,noun"
remain on,1,0.002,"verb,other"
rich but,1,0.002,"adj,other"
but subdued,1,0.002,"other,verb"
greens that,1,0.002,"noun,other"
visible especially,1,0.002,"adj,adv"
hair details,1,0.002,"adj,noun"
details which,1,0.002,"noun,other"
adds texture,1,0.002,"verb,noun"
piece captures,1,0.002,"noun,verb"
sophistication typical,1,0.002,"noun,adj"
woman engaged,1,0.002,"noun,verb"
a phone,1,0.002,"other,noun"
phone conversation,1,0.002,"noun,noun"
planes which,1,0.002,"noun,other"
view with,1,0.002,"noun,other"
face turned,1,0.002,"verb,verb"
body angled,1,0.002,"noun,verb"
angled away,1,0.002,"verb,adv"
away her,1,0.002,"adv,other"
is dynamic,1,0.002,"verb,adj"
the telephone,1,0.002,"other,noun"
telephone receiver,1,0.002,"noun,noun"
receiver to,1,0.002,"noun,other"
her ear,1,0.002,"other,adj"
ear and,1,0.002,"adj,other"
arm casually,1,0.002,"noun,adv"
casually resting,1,0.002,"adv,verb"
a pillow,1,0.002,"other,verb"
pillow the,1,0.002,"verb,other"
s hairstyle,1,0.002,"noun,noun"
hairstyle is,1,0.002,"noun,verb"
is fashionable,1,0.002,"verb,adj"
fashionable with,1,0.002,"adj,other"
a bob,1,0.002,"other,noun"
bob cut,1,0.002,"noun,noun"
cut which,1,0.002,"noun,other"
era she,1,0.002,"verb,other"
be elegantly,1,0.002,"verb,adv"
a corsage,1,0.002,"other,noun"
corsage or,1,0.002,"noun,other"
decorative garment,1,0.002,"adj,noun"
garment around,1,0.002,"noun,other"
muted but,1,0.002,"verb,other"
but vibrant,1,0.002,"other,adj"
contrasting tones,1,0.002,"verb,noun"
soft creating,1,0.002,"adj,verb"
gentle shadow,1,0.002,"adj,verb"
shadow effect,1,0.002,"verb,noun"
effect behind,1,0.002,"noun,other"
dimensionality within,1,0.002,"noun,other"
artwork overall,1,0.002,"noun,adj"
its streamlined,1,0.002,"other,verb"
forms sharp,1,0.002,"noun,adj"
emphasize shape,1,0.002,"verb,noun"
and contour,1,0.002,"other,noun"
contour it,1,0.002,"noun,other"
portrait that,1,0.002,"verb,other"
modernity fitting,1,0.002,"noun,verb"
era it,1,0.002,"verb,other"
it represents,1,0.002,"other,verb"
seated against,1,0.002,"verb,other"
includes architectural,1,0.002,"verb,adj"
be city,1,0.002,"verb,noun"
city skyscrapers,1,0.002,"noun,noun"
skyscrapers the,1,0.002,"noun,other"
viewer revealing,1,0.002,"noun,verb"
revealing a,1,0.002,"verb,other"
with elegant,1,0.002,"other,verb"
elegant jewelry,1,0.002,"verb,noun"
jewelry including,1,0.002,"noun,verb"
earrings and,1,0.002,"noun,other"
shoulder contrasting,1,0.002,"noun,verb"
her white,1,0.002,"other,adj"
dress her,1,0.002,"noun,other"
updo which,1,0.002,"adj,other"
was fashionable,1,0.002,"verb,adj"
fashionable during,1,0.002,"adj,other"
emphasizes modernity,1,0.002,"verb,noun"
named pierre,1,0.002,"verb,noun"
pierre de,1,0.002,"noun,other"
de montaut,1,0.002,"other,verb"
montaut painted,1,0.002,"verb,verb"
shoulders up,1,0.002,"noun,other"
view looking,1,0.002,"noun,verb"
left he,1,0.002,"verb,other"
wears glasses,1,0.002,"noun,noun"
glasses and,1,0.002,"noun,other"
suit collar,1,0.002,"noun,noun"
formally or,1,0.002,"adv,other"
or professionally,1,0.002,"other,adv"
professionally the,1,0.002,"adv,other"
face this,1,0.002,"verb,other"
this emphasis,1,0.002,"other,noun"
on lines,1,0.002,"other,noun"
aesthetics which,1,0.002,"noun,other"
often celebrates,1,0.002,"adv,verb"
celebrates modernity,1,0.002,"verb,noun"
and technology,1,0.002,"other,noun"
technology the,1,0.002,"noun,other"
elegant appearance,1,0.002,"verb,noun"
appearance there,1,0.002,"noun,other"
no vibrant,1,0.002,"other,adj"
vibrant or,1,0.002,"adj,other"
or bright,1,0.002,"other,verb"
more restrained,1,0.002,"adv,verb"
restrained aesthetic,1,0.002,"verb,adj"
portrait s,1,0.002,"verb,noun"
movement is,1,0.002,"noun,verb"
of tamara,1,0.002,"other,verb"
lempicka an,1,0.002,"noun,other"
her distinctive,1,0.002,"other,adj"
distinctive take,1,0.002,"adj,verb"
genre her,1,0.002,"noun,other"
her paintings,1,0.002,"other,noun"
paintings often,1,0.002,"noun,adv"
feature elongated,1,0.002,"noun,verb"
dynamism that,1,0.002,"noun,other"
the energy,1,0.002,"other,noun"
energy of,1,0.002,"noun,other"
adam and,1,0.002,"noun,other"
and eve,1,0.002,"other,verb"
eve drawn,1,0.002,"verb,noun"
are elongated,1,0.002,"verb,verb"
elongated with,1,0.002,"verb,other"
lines characteristic,1,0.002,"noun,adj"
features strong,1,0.002,"noun,adj"
strong clear,1,0.002,"adj,adj"
on modern,1,0.002,"other,adj"
modern design,1,0.002,"adj,noun"
design elements,1,0.002,"noun,noun"
elements adam,1,0.002,"noun,noun"
adam is,1,0.002,"noun,verb"
at eve,1,0.002,"other,verb"
eve as,1,0.002,"verb,other"
right both,1,0.002,"adj,other"
characters are,1,0.002,"noun,verb"
depicted without,1,0.002,"verb,other"
without clothing,1,0.002,"other,verb"
clothing highlighting,1,0.002,"verb,verb"
their nude,1,0.002,"other,adj"
nude forms,1,0.002,"adj,noun"
certain elegance,1,0.002,"adj,noun"
sophistication that,1,0.002,"noun,other"
deco portrayals,1,0.002,"adj,noun"
and browns,1,0.002,"other,noun"
browns dominating,1,0.002,"noun,adj"
scene giving,1,0.002,"noun,verb"
and luxurious,1,0.002,"other,adj"
abstract with,1,0.002,"adj,other"
design principles,1,0.002,"noun,noun"
deco where,1,0.002,"adj,other"
where lines,1,0.002,"other,noun"
and curves,1,0.002,"other,noun"
curves are,1,0.002,"noun,verb"
visual effects,1,0.002,"adj,noun"
effects the,1,0.002,"noun,other"
signature tamara,1,0.002,"noun,verb"
lempicka at,1,0.002,"noun,other"
symmetrical focusing,1,0.002,"adj,verb"
also engaging,1,0.002,"adv,verb"
engaging the,1,0.002,"verb,other"
detailing in,1,0.002,"verb,other"
of intrigue,1,0.002,"other,noun"
intrigue about,1,0.002,"noun,other"
about her,1,0.002,"other,other"
her identity,1,0.002,"other,noun"
identity and,1,0.002,"noun,other"
mood her,1,0.002,"noun,other"
updo typical,1,0.002,"adj,adj"
period which,1,0.002,"noun,other"
a flowing,1,0.002,"other,verb"
flowing garment,1,0.002,"verb,noun"
garment possibly,1,0.002,"noun,adv"
ruffles or,1,0.002,"noun,other"
or pleated,1,0.002,"other,verb"
pleated elements,1,0.002,"verb,noun"
or softness,1,0.002,"other,noun"
softness the,1,0.002,"noun,other"
includes abstract,1,0.002,"verb,adj"
style adding,1,0.002,"noun,verb"
complexity to,1,0.002,"noun,other"
grays with,1,0.002,"noun,other"
subtle warm,1,0.002,"adj,adj"
warm highlights,1,0.002,"adj,noun"
that bring,1,0.002,"other,noun"
bring life,1,0.002,"noun,noun"
is skillful,1,0.002,"verb,adj"
skillful emphasizing,1,0.002,"adj,verb"
body while,1,0.002,"noun,other"
of flatness,1,0.002,"other,noun"
flatness that,1,0.002,"noun,other"
man playing,1,0.002,"noun,noun"
a mandolin,1,0.002,"other,noun"
mandolin positioned,1,0.002,"noun,verb"
positioned in,1,0.002,"verb,other"
view he,1,0.002,"noun,other"
and engaged,1,0.002,"other,verb"
his performance,1,0.002,"other,noun"
captured him,1,0.002,"verb,other"
him with,1,0.002,"other,other"
viewer his,1,0.002,"noun,other"
attire seems,1,0.002,"noun,verb"
seems somewhat,1,0.002,"verb,adv"
somewhat outdated,1,0.002,"adv,verb"
outdated suggesting,1,0.002,"verb,verb"
historical setting,1,0.002,"adj,verb"
perhaps an,1,0.002,"adv,other"
an intentional,1,0.002,"other,adj"
intentional choice,1,0.002,"adj,noun"
choice by,1,0.002,"noun,other"
artist to,1,0.002,"noun,other"
nostalgia the,1,0.002,"adj,other"
is art,1,0.002,"verb,noun"
s absorbed,1,0.002,"noun,adj"
absorbed demeanor,1,0.002,"adj,adj"
his instrument,1,0.002,"other,adj"
instrument are,1,0.002,"adj,verb"
precision emphasizing,1,0.002,"noun,verb"
of playing,1,0.002,"other,noun"
playing the,1,0.002,"noun,other"
the mandolin,1,0.002,"other,noun"
mandolin art,1,0.002,"noun,noun"
deco is,1,0.002,"adj,verb"
its influence,1,0.002,"other,noun"
influence from,1,0.002,"noun,other"
from modern,1,0.002,"other,adj"
modern machinery,1,0.002,"adj,noun"
machinery and,1,0.002,"noun,other"
the streamlined,1,0.002,"other,verb"
1930s which,1,0.002,"other,other"
which can,1,0.002,"other,other"
style within,1,0.002,"noun,other"
genre often,1,0.002,"noun,adv"
figures with,1,0.002,"noun,other"
with sharp,1,0.002,"other,adj"
on modernity,1,0.002,"other,noun"
a good,1,0.002,"other,adj"
good example,1,0.002,"adj,noun"
her ability,1,0.002,"other,noun"
intensity in,1,0.002,"noun,other"
era associated,1,0.002,"verb,adj"
with speed,1,0.002,"other,noun"
speed and,1,0.002,"noun,other"
and technological,1,0.002,"other,adj"
technological progress,1,0.002,"adj,noun"
a solemn,1,0.002,"other,noun"
solemn figure,1,0.002,"noun,noun"
a catholic,1,0.002,"other,adj"
catholic nun,1,0.002,"adj,adv"
nun identified,1,0.002,"adv,verb"
mother superior,1,0.002,"noun,adj"
superior the,1,0.002,"adj,other"
nun is,1,0.002,"adv,verb"
traditional religious,1,0.002,"adj,adj"
white habit,1,0.002,"adj,noun"
habit complete,1,0.002,"noun,adj"
a wimple,1,0.002,"other,adj"
wimple and,1,0.002,"adj,other"
black scapular,1,0.002,"adj,adj"
scapular her,1,0.002,"adj,other"
contemplation and,1,0.002,"noun,other"
be directed,1,0.002,"verb,verb"
by de,1,0.002,"other,other"
tamara is,1,0.002,"verb,verb"
on sleek,1,0.002,"other,adj"
sleek lines,1,0.002,"adj,noun"
clean bold,1,0.002,"verb,verb"
bold forms,1,0.002,"verb,noun"
nun but,1,0.002,"adv,other"
character and,1,0.002,"noun,other"
the dignity,1,0.002,"other,noun"
dignity that,1,0.002,"noun,other"
that comes,1,0.002,"other,verb"
comes with,1,0.002,"verb,other"
role within,1,0.002,"noun,other"
the religious,1,0.002,"other,adj"
religious community,1,0.002,"adj,noun"
and reclining,1,0.002,"other,verb"
white sheets,1,0.002,"adj,noun"
sheets or,1,0.002,"noun,other"
holds with,1,0.002,"verb,other"
with both,1,0.002,"other,other"
both hands,1,0.002,"other,noun"
to look,1,0.002,"other,noun"
look over,1,0.002,"noun,other"
her shoulder,1,0.002,"other,noun"
shoulder her,1,0.002,"noun,other"
profile showcasing,1,0.002,"adj,verb"
showcasing her,1,0.002,"verb,other"
her curved,1,0.002,"other,verb"
curved form,1,0.002,"verb,noun"
the sheets,1,0.002,"other,noun"
sheets and,1,0.002,"noun,other"
the knee,1,0.002,"other,noun"
neatly falling,1,0.002,"adv,verb"
falling loosely,1,0.002,"verb,adv"
simple with,1,0.002,"noun,other"
setting further,1,0.002,"verb,adv"
the relaxed,1,0.002,"other,verb"
mood conveyed,1,0.002,"noun,adj"
conveyed by,1,0.002,"adj,other"
name tamara,1,0.002,"noun,verb"
indicating their,1,0.002,"verb,other"
their authorship,1,0.002,"other,noun"
symmetrical with,1,0.002,"adj,other"
of structure,1,0.002,"other,noun"
of calla,1,0.002,"other,noun"
calla lilies,1,0.002,"noun,noun"
lilies the,1,0.002,"noun,other"
and graceful,1,0.002,"other,noun"
graceful petals,1,0.002,"noun,noun"
petals their,1,0.002,"noun,other"
their white,1,0.002,"other,adj"
tones contrasted,1,0.002,"noun,verb"
contrasted against,1,0.002,"verb,other"
against darker,1,0.002,"other,noun"
darker stems,1,0.002,"noun,verb"
stems they,1,0.002,"verb,other"
vase that,1,0.002,"noun,other"
that sits,1,0.002,"other,noun"
counter in,1,0.002,"noun,other"
another item,1,0.002,"other,noun"
item possibly,1,0.002,"noun,adv"
a gift,1,0.002,"other,noun"
gift wrapped,1,0.002,"noun,verb"
wrapped box,1,0.002,"verb,adv"
box or,1,0.002,"adv,other"
or package,1,0.002,"other,noun"
package which,1,0.002,"noun,other"
creates an,1,0.002,"noun,other"
and sophisticated,1,0.002,"other,adj"
sophisticated effect,1,0.002,"adj,noun"
classical pose,1,0.002,"adj,verb"
pose reminiscent,1,0.002,"verb,adj"
nouveau or,1,0.002,"noun,other"
or art,1,0.002,"other,noun"
deco styles,1,0.002,"adj,noun"
genre specified,1,0.002,"noun,verb"
specified the,1,0.002,"verb,other"
small guitar,1,0.002,"adj,verb"
similar stringed,1,0.002,"adj,verb"
stringed instrument,1,0.002,"verb,adj"
instrument against,1,0.002,"adj,other"
chest she,1,0.002,"adj,other"
down behind,1,0.002,"adv,other"
melancholic she,1,0.002,"adj,other"
drapes loosely,1,0.002,"noun,adv"
loosely over,1,0.002,"adv,other"
her torso,1,0.002,"other,noun"
torso suggesting,1,0.002,"noun,verb"
suggesting classical,1,0.002,"verb,adj"
possibly from,1,0.002,"adv,other"
era past,1,0.002,"verb,adj"
sheer fabric,1,0.002,"noun,adj"
pattern of,1,0.002,"adj,other"
of swirls,1,0.002,"other,noun"
swirls or,1,0.002,"noun,other"
or waves,1,0.002,"other,noun"
waves which,1,0.002,"noun,other"
deco influence,1,0.002,"adj,noun"
influence in,1,0.002,"noun,other"
the vibrancy,1,0.002,"other,noun"
featuring soft,1,0.002,"noun,adj"
soft clouds,1,0.002,"adj,adj"
image providing,1,0.002,"noun,verb"
without drawing,1,0.002,"other,verb"
attention away,1,0.002,"noun,adv"
of timeless,1,0.002,"other,adj"
timeless elegance,1,0.002,"adj,noun"
with grapes,1,0.002,"other,noun"
grapes at,1,0.002,"noun,other"
center set,1,0.002,"noun,noun"
counter surface,1,0.002,"noun,noun"
clearly indicative,1,0.002,"adv,adj"
grapes and,1,0.002,"noun,other"
and background,1,0.002,"other,noun"
grapes emphasizing,1,0.002,"noun,verb"
their spherical,1,0.002,"other,adj"
spherical form,1,0.002,"adj,noun"
and glossy,1,0.002,"other,adj"
glossy surface,1,0.002,"adj,noun"
bowl taking,1,0.002,"noun,verb"
taking center,1,0.002,"verb,noun"
center stage,1,0.002,"noun,noun"
stage drawing,1,0.002,"noun,verb"
life depicted,1,0.002,"noun,verb"
sitting by,1,0.002,"verb,other"
by an,1,0.002,"other,other"
window she,1,0.002,"verb,other"
is immersed,1,0.002,"verb,verb"
reading from,1,0.002,"verb,other"
small book,1,0.002,"adj,noun"
or pamphlet,1,0.002,"other,noun"
pamphlet held,1,0.002,"noun,verb"
hands dressed,1,0.002,"noun,verb"
ruffles and,1,0.002,"noun,other"
details she,1,0.002,"noun,other"
she exudes,1,0.002,"other,noun"
exudes an,1,0.002,"noun,other"
and tranquility,1,0.002,"other,noun"
tranquility her,1,0.002,"noun,other"
hair flows,1,0.002,"adj,verb"
flows down,1,0.002,"verb,adv"
back adding,1,0.002,"adv,verb"
chair on,1,0.002,"noun,other"
another one,1,0.002,"other,other"
one visible,1,0.002,"other,adj"
window through,1,0.002,"verb,other"
gazes offers,1,0.002,"verb,noun"
offers a,1,0.002,"noun,other"
outdoor environment,1,0.002,"adj,noun"
environment with,1,0.002,"noun,other"
buildings suggesting,1,0.002,"noun,verb"
peaceful residential,1,0.002,"adj,adj"
residential area,1,0.002,"adj,noun"
area berthe,1,0.002,"noun,verb"
berthe morisot,1,0.002,"verb,verb"
s impressionist,1,0.002,"noun,adj"
girl and,1,0.002,"noun,other"
her immediate,1,0.002,"other,adj"
surroundings along,1,0.002,"noun,other"
light streaming,1,0.002,"adj,verb"
streaming through,1,0.002,"verb,other"
window are,1,0.002,"verb,verb"
s sister,1,0.002,"noun,noun"
sister at,1,0.002,"noun,other"
window suggests,1,0.002,"verb,verb"
personal connection,1,0.002,"adj,noun"
artist and,1,0.002,"noun,other"
subject hinting,1,0.002,"adj,verb"
possibility that,1,0.002,"noun,other"
on morisot,1,0.002,"other,verb"
s own,1,0.002,"noun,adj"
own family,1,0.002,"adj,noun"
family or,1,0.002,"noun,other"
or immediate,1,0.002,"other,adj"
reflection and,1,0.002,"noun,other"
with literature,1,0.002,"other,noun"
literature set,1,0.002,"noun,noun"
that belongs,1,0.002,"other,noun"
its textured,1,0.002,"other,adj"
textured brushwork,1,0.002,"adj,noun"
white porcelain,1,0.002,"adj,noun"
porcelain vase,1,0.002,"noun,noun"
vase placed,1,0.002,"noun,verb"
wooden surface,1,0.002,"adj,noun"
surface or,1,0.002,"noun,other"
vase holds,1,0.002,"noun,verb"
flowers including,1,0.002,"noun,verb"
including pink,1,0.002,"verb,adj"
pink roses,1,0.002,"adj,verb"
leaves the,1,0.002,"verb,other"
foreground a,1,0.002,"noun,other"
common technique,1,0.002,"adj,noun"
by impressionist,1,0.002,"other,adj"
impressionist artists,1,0.002,"adj,noun"
artists the,1,0.002,"noun,other"
painting suggests,1,0.002,"verb,verb"
s environment,1,0.002,"noun,noun"
a polyptych,1,0.002,"other,noun"
polyptych painting,1,0.002,"noun,verb"
titled crucifixion,1,0.002,"verb,noun"
crucifixion created,1,0.002,"noun,verb"
artist paolo,1,0.002,"noun,noun"
uccello this,1,0.002,"adj,other"
typically divided,1,0.002,"adv,verb"
into multiple,1,0.002,"other,adj"
multiple panels,1,0.002,"adj,noun"
or sections,1,0.002,"other,noun"
sections the,1,0.002,"noun,other"
central panel,1,0.002,"adj,noun"
panel prominently,1,0.002,"noun,adv"
prominently features,1,0.002,"adv,noun"
cross with,1,0.002,"noun,other"
mary magdalene,1,0.002,"adj,noun"
magdalene and,1,0.002,"noun,other"
and saint,1,0.002,"other,adj"
saint john,1,0.002,"adj,noun"
john at,1,0.002,"noun,other"
at his,1,0.002,"other,other"
his feet,1,0.002,"other,noun"
feet above,1,0.002,"noun,other"
them are,1,0.002,"other,verb"
two angels,1,0.002,"other,noun"
angels adding,1,0.002,"noun,verb"
of divine,1,0.002,"other,adj"
divine presence,1,0.002,"adj,noun"
presence to,1,0.002,"noun,other"
scene to,1,0.002,"noun,other"
image are,1,0.002,"noun,verb"
are additional,1,0.002,"verb,adj"
additional panels,1,0.002,"adj,noun"
panels on,1,0.002,"noun,other"
figure accompanied,1,0.002,"noun,verb"
baby which,1,0.002,"noun,other"
religious art,1,0.002,"adj,noun"
art symbolizing,1,0.002,"noun,verb"
divine on,1,0.002,"adj,other"
other side,1,0.002,"adj,verb"
side another,1,0.002,"verb,other"
another angel,1,0.002,"other,other"
angel appears,1,0.002,"other,verb"
appears again,1,0.002,"verb,adv"
again with,1,0.002,"adv,other"
cherub these,1,0.002,"noun,other"
framed within,1,0.002,"verb,other"
within arches,1,0.002,"other,noun"
arches adorned,1,0.002,"noun,verb"
with scrollwork,1,0.002,"other,noun"
scrollwork and,1,0.002,"noun,other"
foliage which,1,0.002,"noun,other"
the gothic,1,0.002,"other,noun"
gothic architectural,1,0.002,"noun,adj"
architectural style,1,0.002,"adj,noun"
that influenced,1,0.002,"other,adj"
influenced early,1,0.002,"adj,adj"
like uccello,1,0.002,"other,adj"
uccello the,1,0.002,"adj,other"
and iconography,1,0.002,"other,noun"
iconography suggest,1,0.002,"noun,noun"
narrative from,1,0.002,"adj,other"
christian scripture,1,0.002,"adj,noun"
scripture specifically,1,0.002,"noun,adv"
specifically related,1,0.002,"adv,adj"
the passion,1,0.002,"other,noun"
passion of,1,0.002,"noun,other"
christ leading,1,0.002,"noun,verb"
his crucifixion,1,0.002,"other,noun"
crucifixion the,1,0.002,"noun,other"
of gold,1,0.002,"other,noun"
gold as,1,0.002,"noun,other"
an underlay,1,0.002,"other,noun"
underlay for,1,0.002,"noun,other"
some parts,1,0.002,"other,noun"
the gilded,1,0.002,"other,verb"
gilded backgrounds,1,0.002,"verb,noun"
backgrounds common,1,0.002,"noun,adj"
paintings during,1,0.002,"noun,other"
period please,1,0.002,"noun,noun"
description is,1,0.002,"noun,verb"
the visible,1,0.002,"other,adj"
visible elements,1,0.002,"adj,noun"
with early,1,0.002,"other,adj"
renaissance works,1,0.002,"noun,verb"
works but,1,0.002,"verb,other"
details may,1,0.002,"noun,other"
not be,1,0.002,"adv,verb"
be entirely,1,0.002,"verb,adv"
entirely accurate,1,0.002,"adv,adj"
accurate due,1,0.002,"adj,adj"
the limitations,1,0.002,"other,noun"
limitations of,1,0.002,"noun,other"
of seeing,1,0.002,"other,verb"
seeing a,1,0.002,"verb,other"
single image,1,0.002,"adj,noun"
image without,1,0.002,"noun,other"
historical information,1,0.002,"adj,noun"
of hope,1,0.002,"other,noun"
hope the,1,0.002,"noun,other"
and humanistic,1,0.002,"other,adj"
humanistic perspective,1,0.002,"adj,adj"
perspective paolo,1,0.002,"adj,noun"
work here,1,0.002,"verb,adv"
here emphasizes,1,0.002,"adv,verb"
subject with,1,0.002,"adj,other"
soft lines,1,0.002,"adj,noun"
and delicate,1,0.002,"other,adj"
delicate features,1,0.002,"adj,noun"
an otherworldly,1,0.002,"other,adv"
otherworldly quality,1,0.002,"adv,noun"
view which,1,0.002,"noun,other"
figure her,1,0.002,"noun,other"
eyes are,1,0.002,"noun,verb"
are downcast,1,0.002,"verb,noun"
downcast suggesting,1,0.002,"noun,verb"
of introspection,1,0.002,"other,noun"
or prayer,1,0.002,"other,noun"
prayer she,1,0.002,"noun,other"
falls softly,1,0.002,"verb,adv"
softly around,1,0.002,"adv,other"
fabric s,1,0.002,"adj,noun"
folds meticulously,1,0.002,"noun,adv"
rendered a,1,0.002,"verb,other"
halo encircles,1,0.002,"adj,noun"
encircles her,1,0.002,"noun,other"
head symbolizing,1,0.002,"noun,verb"
symbolizing her,1,0.002,"verb,other"
her divine,1,0.002,"other,adj"
divine nature,1,0.002,"adj,adj"
or connection,1,0.002,"other,noun"
connection to,1,0.002,"noun,other"
the spiritual,1,0.002,"other,adj"
spiritual realm,1,0.002,"adj,verb"
realm the,1,0.002,"verb,other"
contrast gently,1,0.002,"noun,adv"
gently against,1,0.002,"adv,other"
entire composition,1,0.002,"adj,noun"
serene hope,1,0.002,"adj,noun"
quiet strength,1,0.002,"adj,noun"
strength reflecting,1,0.002,"noun,verb"
title hope,1,0.002,"noun,noun"
hope ascribed,1,0.002,"noun,verb"
a round,1,0.002,"other,noun"
round portrait,1,0.002,"noun,verb"
person most,1,0.002,"noun,adv"
most likely,1,0.002,"adv,adj"
woman based,1,0.002,"noun,verb"
hairstyle the,1,0.002,"noun,other"
by fine,1,0.002,"other,verb"
soft shading,1,0.002,"adj,verb"
has curly,1,0.002,"verb,adv"
hair which,1,0.002,"adj,other"
or nobility,1,0.002,"other,noun"
nobility often,1,0.002,"noun,adv"
often seen,1,0.002,"adv,verb"
portraiture from,1,0.002,"verb,other"
this era,1,0.002,"other,verb"
be oil,1,0.002,"verb,noun"
oil on,1,0.002,"noun,other"
on panel,1,0.002,"other,noun"
panel which,1,0.002,"noun,other"
the source,1,0.002,"other,noun"
source of,1,0.002,"noun,other"
coming from,1,0.002,"verb,other"
the roundel,1,0.002,"other,noun"
roundel casting,1,0.002,"noun,verb"
casting soft,1,0.002,"verb,adj"
right cheek,1,0.002,"adj,noun"
cheek and,1,0.002,"noun,other"
and shoulder,1,0.002,"other,noun"
shoulder this,1,0.002,"noun,other"
what would,1,0.002,"other,other"
would otherwise,1,0.002,"other,adv"
two dimensional,1,0.002,"other,adj"
dimensional representation,1,0.002,"adj,noun"
the darkness,1,0.002,"other,noun"
darkness also,1,0.002,"noun,adv"
also implies,1,0.002,"adv,noun"
implies an,1,0.002,"noun,other"
with subdued,1,0.002,"other,verb"
subdued lighting,1,0.002,"verb,verb"
lighting perhaps,1,0.002,"verb,adv"
perhaps suggesting,1,0.002,"adv,verb"
serenity the,1,0.002,"noun,other"
red in,1,0.002,"adj,other"
clothing indicates,1,0.002,"verb,verb"
indicates a,1,0.002,"verb,other"
certain status,1,0.002,"adj,noun"
status for,1,0.002,"noun,other"
subject as,1,0.002,"adj,other"
as this,1,0.002,"other,other"
this color,1,0.002,"other,noun"
color was,1,0.002,"noun,verb"
with wealth,1,0.002,"other,noun"
wealth or,1,0.002,"noun,other"
standing during,1,0.002,"verb,other"
renaissance overall,1,0.002,"noun,adj"
human beauty,1,0.002,"adj,noun"
emotion reflecting,1,0.002,"noun,verb"
artistic values,1,0.002,"adj,noun"
values of,1,0.002,"noun,other"
depicts st,1,0.002,"noun,verb"
dominic a,1,0.002,"adj,other"
a medieval,1,0.002,"other,noun"
medieval christian,1,0.002,"noun,adj"
christian saint,1,0.002,"adj,adj"
saint and,1,0.002,"adj,other"
and founder,1,0.002,"other,noun"
founder of,1,0.002,"noun,other"
the dominican,1,0.002,"other,adj"
dominican order,1,0.002,"adj,noun"
order the,1,0.002,"noun,other"
on realism,1,0.002,"other,noun"
and linear,1,0.002,"other,adj"
linear perspective,1,0.002,"adj,adj"
perspective here,1,0.002,"adj,adv"
artwork st,1,0.002,"noun,verb"
shown as,1,0.002,"verb,other"
adult male,1,0.002,"noun,noun"
his religious,1,0.002,"other,adj"
a robe,1,0.002,"other,noun"
a humble,1,0.002,"other,adj"
humble and,1,0.002,"adj,other"
and spiritual,1,0.002,"other,adj"
spiritual life,1,0.002,"adj,noun"
life he,1,0.002,"noun,other"
lily in,1,0.002,"adv,other"
hand a,1,0.002,"noun,other"
and chastity,1,0.002,"other,noun"
chastity virtues,1,0.002,"noun,noun"
virtues commonly,1,0.002,"noun,adv"
commonly attributed,1,0.002,"adv,verb"
to saints,1,0.002,"other,noun"
saints the,1,0.002,"noun,other"
the lily,1,0.002,"other,adv"
lily also,1,0.002,"adv,adv"
also represents,1,0.002,"adv,verb"
represents the,1,0.002,"verb,other"
holy spirit,1,0.002,"noun,verb"
spirit especially,1,0.002,"verb,adv"
it can,1,0.002,"other,other"
can signify,1,0.002,"other,verb"
signify jesus,1,0.002,"verb,noun"
jesus s,1,0.002,"noun,noun"
s purity,1,0.002,"noun,noun"
the messiah,1,0.002,"other,other"
messiah above,1,0.002,"other,other"
above st,1,0.002,"other,verb"
halo a,1,0.002,"adj,other"
traditional artistic,1,0.002,"adj,adj"
artistic feature,1,0.002,"adj,noun"
feature that,1,0.002,"noun,other"
that denotes,1,0.002,"other,verb"
denotes holiness,1,0.002,"verb,noun"
holiness or,1,0.002,"noun,other"
or divinity,1,0.002,"other,noun"
divinity it,1,0.002,"noun,other"
an arch,1,0.002,"other,verb"
arch with,1,0.002,"verb,other"
with rays,1,0.002,"other,verb"
rays emanating,1,0.002,"verb,verb"
emanating from,1,0.002,"verb,other"
its center,1,0.002,"other,noun"
center suggesting,1,0.002,"noun,verb"
a divine,1,0.002,"other,adj"
divine light,1,0.002,"adj,adj"
light surrounding,1,0.002,"adj,verb"
minimalistic emphasizing,1,0.002,"adj,verb"
any distractions,1,0.002,"other,noun"
distractions this,1,0.002,"noun,other"
simplicity draws,1,0.002,"noun,verb"
to st,1,0.002,"other,verb"
dominic and,1,0.002,"adj,other"
the contemplative,1,0.002,"other,adj"
contemplative nature,1,0.002,"adj,adj"
subdued but,1,0.002,"verb,other"
but uses,1,0.002,"other,noun"
uses contrast,1,0.002,"noun,noun"
contrast effectively,1,0.002,"noun,adv"
effectively with,1,0.002,"adv,other"
the saint,1,0.002,"other,adj"
saint that,1,0.002,"adj,other"
make him,1,0.002,"verb,other"
him stand,1,0.002,"other,noun"
emphasizes st,1,0.002,"verb,verb"
dominic as,1,0.002,"adj,other"
point the,1,0.002,"noun,other"
piece are,1,0.002,"noun,verb"
how early,1,0.002,"other,adj"
artists used,1,0.002,"noun,adj"
used symbolic,1,0.002,"adj,adj"
realistic representations,1,0.002,"adj,noun"
representations to,1,0.002,"noun,other"
convey religious,1,0.002,"noun,adj"
religious narratives,1,0.002,"adj,noun"
and inspire,1,0.002,"other,noun"
inspire devotion,1,0.002,"noun,noun"
as st,1,0.002,"other,verb"
francis as,1,0.002,"adj,other"
forms as,1,0.002,"noun,other"
naturalistic depiction,1,0.002,"adj,noun"
shadow st,1,0.002,"verb,verb"
francis is,1,0.002,"adj,verb"
view facing,1,0.002,"noun,verb"
facing to,1,0.002,"verb,other"
image he,1,0.002,"noun,other"
simple brown,1,0.002,"noun,noun"
brown robe,1,0.002,"noun,noun"
suggests humility,1,0.002,"verb,noun"
humility and,1,0.002,"noun,other"
and detachment,1,0.002,"other,adj"
detachment from,1,0.002,"adj,other"
from material,1,0.002,"other,noun"
material wealth,1,0.002,"noun,noun"
wealth which,1,0.002,"noun,other"
are attributes,1,0.002,"verb,verb"
attributes associated,1,0.002,"verb,adj"
and teachings,1,0.002,"other,noun"
teachings the,1,0.002,"noun,other"
viewer as,1,0.002,"noun,other"
if he,1,0.002,"other,other"
be gesturing,1,0.002,"verb,verb"
gesturing or,1,0.002,"verb,other"
or speaking,1,0.002,"other,verb"
speaking the,1,0.002,"verb,other"
subdued dominated,1,0.002,"verb,verb"
solemnity of,1,0.002,"noun,other"
subject there,1,0.002,"adj,other"
and serves,1,0.002,"other,noun"
for st,1,0.002,"other,verb"
francis the,1,0.002,"adj,other"
gives form,1,0.002,"verb,noun"
figure enhancing,1,0.002,"noun,verb"
to geometric,1,0.002,"other,adj"
which were,1,0.002,"other,verb"
were key,1,0.002,"verb,adj"
key innovations,1,0.002,"adj,noun"
innovations in,1,0.002,"noun,other"
in early,1,0.002,"other,adj"
careful rendering,1,0.002,"adj,verb"
proportions are,1,0.002,"noun,verb"
when artists,1,0.002,"other,noun"
artists began,1,0.002,"noun,verb"
began to,1,0.002,"verb,other"
explore human,1,0.002,"other,adj"
anatomy and,1,0.002,"noun,other"
space more,1,0.002,"noun,adv"
more scientifically,1,0.002,"adv,adv"
scientifically than,1,0.002,"adv,other"
than had,1,0.002,"other,verb"
had been,1,0.002,"verb,verb"
been done,1,0.002,"verb,verb"
done previously,1,0.002,"verb,adv"
dimensional rendering,1,0.002,"adj,verb"
an equestrian,1,0.002,"other,adj"
equestrian monument,1,0.002,"adj,adj"
monument in,1,0.002,"adj,other"
been prevalent,1,0.002,"verb,adj"
prevalent during,1,0.002,"adj,other"
renaissance at,1,0.002,"noun,other"
center is,1,0.002,"noun,verb"
a statue,1,0.002,"other,verb"
statue of,1,0.002,"verb,other"
knight mounted,1,0.002,"adj,verb"
mounted on,1,0.002,"verb,other"
horseback rendered,1,0.002,"noun,verb"
proportions the,1,0.002,"noun,other"
knight is,1,0.002,"adj,verb"
wearing full,1,0.002,"verb,adj"
armor complete,1,0.002,"noun,adj"
a helmet,1,0.002,"other,verb"
helmet breastplate,1,0.002,"verb,verb"
breastplate and,1,0.002,"verb,other"
and leg,1,0.002,"other,verb"
leg guards,1,0.002,"verb,noun"
guards suggesting,1,0.002,"noun,verb"
is prepared,1,0.002,"verb,adj"
prepared for,1,0.002,"adj,other"
for battle,1,0.002,"other,noun"
battle or,1,0.002,"noun,other"
or commemorating,1,0.002,"other,verb"
commemorating his,1,0.002,"verb,other"
his martial,1,0.002,"other,noun"
martial prowess,1,0.002,"noun,noun"
prowess the,1,0.002,"noun,other"
horse stands,1,0.002,"noun,verb"
solid base,1,0.002,"adj,adj"
base which,1,0.002,"adj,other"
be inscribed,1,0.002,"verb,verb"
inscribed with,1,0.002,"verb,other"
with text,1,0.002,"other,other"
likely provide,1,0.002,"adj,verb"
provide information,1,0.002,"verb,noun"
knight being,1,0.002,"adj,verb"
being memorialized,1,0.002,"verb,verb"
memorialized though,1,0.002,"verb,other"
the monument,1,0.002,"other,adj"
monument is,1,0.002,"adj,verb"
is ornate,1,0.002,"verb,verb"
ornate and,1,0.002,"verb,other"
and columnar,1,0.002,"other,verb"
columnar reflecting,1,0.002,"verb,verb"
grandeur often,1,0.002,"noun,adv"
monuments during,1,0.002,"noun,other"
that frame,1,0.002,"other,noun"
and add,1,0.002,"other,adj"
are decorative,1,0.002,"verb,adj"
decorative pilasters,1,0.002,"adj,noun"
pilasters on,1,0.002,"noun,other"
statue which,1,0.002,"verb,other"
which give,1,0.002,"other,verb"
of symmetry,1,0.002,"other,noun"
renaissance fresco,1,0.002,"noun,verb"
fresco painting,1,0.002,"verb,verb"
its careful,1,0.002,"other,adj"
careful attention,1,0.002,"adj,noun"
to perspective,1,0.002,"other,adj"
perspective volume,1,0.002,"adj,noun"
the forms,1,0.002,"other,noun"
forms overall,1,0.002,"noun,adj"
and majesty,1,0.002,"other,noun"
majesty typically,1,0.002,"noun,adv"
monuments in,1,0.002,"noun,other"
in historical,1,0.002,"other,adj"
historical art,1,0.002,"adj,noun"
art celebrating,1,0.002,"noun,verb"
past through,1,0.002,"adj,other"
through an,1,0.002,"other,other"
that seeks,1,0.002,"other,verb"
both their,1,0.002,"other,other"
era they,1,0.002,"verb,other"
they represent,1,0.002,"other,verb"
christ crucified,1,0.002,"noun,verb"
crucified which,1,0.002,"verb,other"
many religious,1,0.002,"adj,adj"
paintings from,1,0.002,"noun,other"
figures around,1,0.002,"noun,other"
be jesus,1,0.002,"verb,noun"
cross in,1,0.002,"noun,other"
and draped,1,0.002,"other,verb"
draped attire,1,0.002,"verb,noun"
traditional portrayal,1,0.002,"adj,adj"
jesus this,1,0.002,"noun,other"
of suffering,1,0.002,"other,verb"
suffering but,1,0.002,"verb,other"
also with,1,0.002,"adv,other"
might convey,1,0.002,"other,noun"
convey acceptance,1,0.002,"noun,noun"
acceptance or,1,0.002,"noun,other"
or resignation,1,0.002,"other,noun"
resignation the,1,0.002,"noun,other"
is angled,1,0.002,"verb,verb"
angled so,1,0.002,"verb,adv"
so that,1,0.002,"adv,other"
side surrounding,1,0.002,"verb,verb"
figures each,1,0.002,"noun,other"
each engaged,1,0.002,"other,verb"
different actions,1,0.002,"adj,noun"
actions and,1,0.002,"noun,other"
and dressed,1,0.002,"other,verb"
attire indicative,1,0.002,"noun,adj"
of medieval,1,0.002,"other,noun"
medieval or,1,0.002,"noun,other"
or renaissance,1,0.002,"other,noun"
renaissance styles,1,0.002,"noun,noun"
styles these,1,0.002,"noun,other"
figures could,1,0.002,"noun,other"
represent mourners,1,0.002,"verb,noun"
mourners including,1,0.002,"noun,verb"
including mary,1,0.002,"verb,adj"
mary mother,1,0.002,"adj,noun"
mother of,1,0.002,"noun,other"
jesus and,1,0.002,"noun,other"
possibly his,1,0.002,"adv,other"
his apostles,1,0.002,"other,noun"
apostles or,1,0.002,"noun,other"
other religious,1,0.002,"adj,adj"
christian tradition,1,0.002,"adj,noun"
tradition some,1,0.002,"noun,other"
some figures,1,0.002,"other,noun"
be weeping,1,0.002,"verb,verb"
weeping or,1,0.002,"verb,other"
looking on,1,0.002,"verb,other"
on with,1,0.002,"other,other"
with expressions,1,0.002,"other,noun"
of grief,1,0.002,"other,noun"
grief or,1,0.002,"noun,other"
on realistic,1,0.002,"other,adj"
detailed drapery,1,0.002,"adj,noun"
drapery the,1,0.002,"noun,other"
clothing folds,1,0.002,"verb,noun"
the facial,1,0.002,"other,adj"
features contributes,1,0.002,"noun,noun"
the somber,1,0.002,"other,noun"
scene please,1,0.002,"noun,noun"
while i,1,0.002,"other,adj"
can describe,1,0.002,"other,adj"
image within,1,0.002,"noun,other"
within its,1,0.002,"other,other"
its artistic,1,0.002,"other,adj"
artistic context,1,0.002,"adj,adj"
context without,1,0.002,"adj,other"
additional information,1,0.002,"adj,noun"
or images,1,0.002,"other,noun"
not possible,1,0.002,"adv,adj"
possible for,1,0.002,"adj,other"
for me,1,0.002,"other,other"
me to,1,0.002,"other,other"
confirm whether,1,0.002,"verb,other"
whether this,1,0.002,"other,other"
description accurately,1,0.002,"noun,adv"
accurately matches,1,0.002,"adv,noun"
specific artwork,1,0.002,"adj,noun"
titled christ,1,0.002,"verb,noun"
on cross,1,0.002,"other,noun"
cross by,1,0.002,"noun,other"
by paolo,1,0.002,"other,noun"
man portrayed,1,0.002,"noun,verb"
side he,1,0.002,"verb,other"
long curly,1,0.002,"adj,adv"
red cap,1,0.002,"adj,noun"
cap or,1,0.002,"noun,other"
covers most,1,0.002,"noun,adv"
man against,1,0.002,"noun,other"
against it,1,0.002,"other,other"
style appears,1,0.002,"noun,verb"
clothing also,1,0.002,"verb,adv"
or classical,1,0.002,"other,adj"
classical setting,1,0.002,"adj,verb"
setting aligning,1,0.002,"verb,verb"
which paolo,1,0.002,"other,noun"
uccello worked,1,0.002,"adj,verb"
worked the,1,0.002,"verb,other"
and centered,1,0.002,"other,verb"
shoulders focusing,1,0.002,"noun,verb"
a religious,1,0.002,"other,adj"
religious painting,1,0.002,"adj,verb"
period possibly,1,0.002,"noun,adv"
the madonna,1,0.002,"other,noun"
madonna and,1,0.002,"noun,other"
child as,1,0.002,"noun,other"
title madonna,1,0.002,"noun,noun"
madonna the,1,0.002,"noun,other"
the virgin,1,0.002,"other,noun"
virgin mary,1,0.002,"noun,adj"
mary depicted,1,0.002,"adj,verb"
with serene,1,0.002,"other,adj"
serene facial,1,0.002,"adj,adj"
halo she,1,0.002,"adj,other"
blue robe,1,0.002,"noun,noun"
robe symbolizing,1,0.002,"noun,verb"
symbolizing purity,1,0.002,"verb,noun"
and heaven,1,0.002,"other,adv"
heaven in,1,0.002,"adv,other"
she cradles,1,0.002,"other,noun"
cradles a,1,0.002,"noun,other"
represent jesus,1,0.002,"verb,noun"
christ also,1,0.002,"noun,adv"
also shown,1,0.002,"adv,verb"
shown with,1,0.002,"verb,other"
halo the,1,0.002,"adj,other"
with innocence,1,0.002,"other,noun"
and joy,1,0.002,"other,noun"
joy the,1,0.002,"noun,other"
against an,1,0.002,"other,other"
architectural backdrop,1,0.002,"adj,noun"
backdrop which,1,0.002,"noun,other"
includes detailed,1,0.002,"verb,adj"
detailed arches,1,0.002,"adj,noun"
arches that,1,0.002,"noun,other"
and spatial,1,0.002,"other,adj"
spatial structure,1,0.002,"adj,noun"
structure indicative,1,0.002,"noun,adj"
perspective there,1,0.002,"adj,other"
upper part,1,0.002,"adj,noun"
simply serving,1,0.002,"adv,verb"
serving as,1,0.002,"verb,other"
element the,1,0.002,"noun,other"
is encased,1,0.002,"verb,verb"
encased within,1,0.002,"verb,other"
ornate golden,1,0.002,"verb,adj"
frame adding,1,0.002,"noun,verb"
its religious,1,0.002,"other,adj"
religious significance,1,0.002,"adj,noun"
significance and,1,0.002,"noun,other"
artistic importance,1,0.002,"adj,noun"
importance the,1,0.002,"noun,other"
harmonious colors,1,0.002,"adj,noun"
colors reflects,1,0.002,"noun,verb"
image appears,1,0.002,"noun,verb"
panel from,1,0.002,"noun,other"
a triptych,1,0.002,"other,noun"
triptych or,1,0.002,"noun,other"
a diptych,1,0.002,"other,noun"
diptych depicting,1,0.002,"noun,noun"
depicting religious,1,0.002,"noun,adj"
figures possibly,1,0.002,"noun,adv"
possibly saints,1,0.002,"adv,noun"
saints given,1,0.002,"noun,verb"
title saints,1,0.002,"noun,noun"
saints and,1,0.002,"noun,other"
an early,1,0.002,"other,adj"
to realistic,1,0.002,"other,adj"
a nun,1,0.002,"other,adv"
nun or,1,0.002,"adv,other"
female religious,1,0.002,"adj,adj"
religious figure,1,0.002,"adj,noun"
figure judging,1,0.002,"noun,noun"
shown wearing,1,0.002,"verb,verb"
wearing dark,1,0.002,"verb,adj"
dark robes,1,0.002,"adj,noun"
robes and,1,0.002,"noun,other"
a rosary,1,0.002,"other,adj"
rosary around,1,0.002,"adj,other"
of prayer,1,0.002,"other,noun"
prayer or,1,0.002,"noun,other"
or reflection,1,0.002,"other,noun"
reflection the,1,0.002,"noun,other"
doorway with,1,0.002,"verb,other"
column which,1,0.002,"noun,other"
dark colors,1,0.002,"adj,noun"
clothing of,1,0.002,"verb,other"
shows warm,1,0.002,"verb,adj"
contrast and,1,0.002,"noun,other"
and focus,1,0.002,"other,noun"
space suggest,1,0.002,"noun,noun"
suggest careful,1,0.002,"noun,adj"
careful planning,1,0.002,"adj,noun"
planning for,1,0.002,"noun,other"
for visual,1,0.002,"other,adj"
renaissance painting,1,0.002,"noun,verb"
renaissance fashion,1,0.002,"noun,noun"
fashion as,1,0.002,"noun,other"
attire of,1,0.002,"noun,other"
lady is,1,0.002,"adj,verb"
angle looking,1,0.002,"other,verb"
left which,1,0.002,"verb,other"
composition she,1,0.002,"noun,other"
elaborate headdress,1,0.002,"noun,noun"
pearls or,1,0.002,"noun,other"
or beads,1,0.002,"other,noun"
beads and,1,0.002,"noun,other"
a low,1,0.002,"other,adj"
low cut,1,0.002,"adj,noun"
cut richly,1,0.002,"noun,adj"
richly textured,1,0.002,"adj,adj"
textured garment,1,0.002,"adj,noun"
with embroidered,1,0.002,"other,adj"
suggesting high,1,0.002,"verb,adj"
high status,1,0.002,"adj,noun"
status the,1,0.002,"noun,other"
clothing there,1,0.002,"verb,other"
visible background,1,0.002,"adj,noun"
background detail,1,0.002,"noun,noun"
would distract,1,0.002,"other,adj"
figure which,1,0.002,"noun,other"
has carefully,1,0.002,"verb,adv"
carefully depicted,1,0.002,"adv,verb"
of fabrics,1,0.002,"other,noun"
fabrics hair,1,0.002,"noun,adj"
and jewelry,1,0.002,"other,noun"
jewelry with,1,0.002,"noun,other"
fine brushstrokes,1,0.002,"verb,noun"
of renaissance,1,0.002,"other,noun"
renaissance portraiture,1,0.002,"noun,verb"
portraiture intended,1,0.002,"verb,verb"
to showcase,1,0.002,"other,noun"
showcase the,1,0.002,"noun,other"
the painter,1,0.002,"other,noun"
painter s,1,0.002,"noun,noun"
in rendering,1,0.002,"other,verb"
rendering realism,1,0.002,"verb,noun"
harmonious focusing,1,0.002,"adj,verb"
the symmetry,1,0.002,"other,noun"
symmetry of,1,0.002,"noun,other"
and headwear,1,0.002,"other,adj"
standing given,1,0.002,"verb,verb"
the ornate,1,0.002,"other,verb"
ornate headpiece,1,0.002,"verb,adj"
headpiece she,1,0.002,"adj,other"
profile turned,1,0.002,"adj,verb"
but maintaining,1,0.002,"other,verb"
dimensionality through,1,0.002,"noun,other"
through shading,1,0.002,"other,verb"
and modeling,1,0.002,"other,verb"
modeling on,1,0.002,"verb,other"
has blonde,1,0.002,"verb,noun"
elements her,1,0.002,"noun,other"
an aristocratic,1,0.002,"other,adj"
aristocratic or,1,0.002,"adj,other"
royal family,1,0.002,"noun,noun"
family as,1,0.002,"noun,other"
rich fabrics,1,0.002,"adj,noun"
intricate embroidery,1,0.002,"noun,adv"
embroidery possibly,1,0.002,"adv,adv"
possibly including,1,0.002,"adv,verb"
including floral,1,0.002,"verb,adj"
subtle with,1,0.002,"adj,other"
light skin,1,0.002,"adj,noun"
woman against,1,0.002,"noun,other"
darker clothing,1,0.002,"noun,verb"
subject stand,1,0.002,"adj,noun"
been signed,1,0.002,"verb,verb"
signed paolo,1,0.002,"verb,noun"
uccello in,1,0.002,"adj,other"
portrait designed,1,0.002,"verb,verb"
designed to,1,0.002,"verb,other"
beauty status,1,0.002,"noun,noun"
context during,1,0.002,"adj,other"
the legend,1,0.002,"other,noun"
legend of,1,0.002,"noun,other"
saint george,1,0.002,"adj,verb"
george and,1,0.002,"verb,other"
large dragon,1,0.002,"adj,noun"
dragon with,1,0.002,"noun,other"
its mouth,1,0.002,"other,adj"
mouth open,1,0.002,"adj,adj"
open appearing,1,0.002,"adj,verb"
appearing to,1,0.002,"verb,other"
be attacking,1,0.002,"verb,verb"
attacking or,1,0.002,"verb,other"
or preparing,1,0.002,"other,verb"
preparing to,1,0.002,"verb,other"
to attack,1,0.002,"other,noun"
attack next,1,0.002,"noun,adj"
knight in,1,0.002,"adj,other"
armor on,1,0.002,"noun,other"
horseback holding,1,0.002,"noun,verb"
holding his,1,0.002,"verb,other"
his sword,1,0.002,"other,noun"
sword high,1,0.002,"noun,adj"
high and,1,0.002,"adj,other"
ready for,1,0.002,"adj,other"
combat the,1,0.002,"noun,other"
knight appears,1,0.002,"adj,verb"
in battle,1,0.002,"other,noun"
battle with,1,0.002,"noun,other"
a princess,1,0.002,"other,adj"
princess dressed,1,0.002,"adj,verb"
be late,1,0.002,"verb,adj"
late medieval,1,0.002,"adj,noun"
medieval fashion,1,0.002,"noun,noun"
fashion looking,1,0.002,"noun,verb"
looking worried,1,0.002,"verb,verb"
worried as,1,0.002,"verb,other"
she watches,1,0.002,"other,noun"
watches the,1,0.002,"noun,other"
the unfolding,1,0.002,"other,verb"
unfolding scene,1,0.002,"verb,noun"
between her,1,0.002,"other,other"
dragon she,1,0.002,"noun,other"
positioned slightly,1,0.002,"verb,adv"
dragon and,1,0.002,"noun,other"
just witnessed,1,0.002,"adv,verb"
witnessed something,1,0.002,"verb,noun"
something that,1,0.002,"noun,other"
has caused,1,0.002,"verb,verb"
caused her,1,0.002,"verb,other"
her concern,1,0.002,"other,noun"
concern the,1,0.002,"noun,other"
is cloudy,1,0.002,"verb,noun"
cloudy contributing,1,0.002,"noun,verb"
the tension,1,0.002,"other,noun"
tension in,1,0.002,"noun,other"
detailed lifelike,1,0.002,"adj,other"
lifelike figures,1,0.002,"other,noun"
were typical,1,0.002,"verb,adj"
beach at,1,0.002,"noun,other"
at san,1,0.002,"other,adj"
san sebastián,1,0.002,"adj,noun"
sebastián a,1,0.002,"noun,other"
sits alone,1,0.002,"noun,adv"
alone on,1,0.002,"adv,other"
image dressed,1,0.002,"noun,verb"
black attire,1,0.002,"adj,noun"
surroundings she,1,0.002,"noun,other"
bench which,1,0.002,"noun,other"
is located,1,0.002,"verb,verb"
located under,1,0.002,"verb,other"
a covered,1,0.002,"other,verb"
covered structure,1,0.002,"verb,noun"
structure resembling,1,0.002,"noun,verb"
resembling a,1,0.002,"verb,other"
beach umbrella,1,0.002,"noun,adj"
umbrella or,1,0.002,"adj,other"
or pergola,1,0.002,"other,noun"
pergola offering,1,0.002,"noun,verb"
some shade,1,0.002,"other,noun"
shade from,1,0.002,"noun,other"
lapping against,1,0.002,"verb,other"
serene day,1,0.002,"adj,noun"
sea and,1,0.002,"noun,other"
and lighter,1,0.002,"other,noun"
tones for,1,0.002,"noun,other"
be overcast,1,0.002,"verb,adj"
overcast or,1,0.002,"adj,other"
or hazy,1,0.002,"other,noun"
hazy contributing,1,0.002,"noun,verb"
the peaceful,1,0.002,"other,adj"
artwork aligns,1,0.002,"noun,noun"
with impressionism,1,0.002,"other,noun"
natural phenomena,1,0.002,"adj,other"
titled return,1,0.002,"verb,verb"
return from,1,0.002,"verb,other"
from fishing,1,0.002,"other,verb"
fishing created,1,0.002,"verb,verb"
several traditional,1,0.002,"adj,adj"
traditional multi,1,0.002,"adj,noun"
multi sailed,1,0.002,"noun,verb"
sailed fishing,1,0.002,"verb,verb"
moored at,1,0.002,"verb,other"
the sails,1,0.002,"other,verb"
sails of,1,0.002,"verb,other"
primarily white,1,0.002,"adv,adj"
they cast,1,0.002,"other,verb"
cast shadows,1,0.002,"verb,verb"
surface indicating,1,0.002,"noun,verb"
sunlight from,1,0.002,"verb,other"
person standing,1,0.002,"noun,verb"
standing near,1,0.002,"verb,other"
edge possibly,1,0.002,"noun,adv"
possibly attending,1,0.002,"adv,verb"
attending to,1,0.002,"verb,other"
the view,1,0.002,"other,noun"
view there,1,0.002,"noun,other"
also cows,1,0.002,"adv,noun"
cows visible,1,0.002,"noun,adj"
mid ground,1,0.002,"verb,noun"
ground suggesting,1,0.002,"noun,verb"
this area,1,0.002,"other,noun"
area may,1,0.002,"noun,other"
may serve,1,0.002,"other,verb"
serve multiple,1,0.002,"verb,adj"
multiple purposes,1,0.002,"adj,noun"
purposes as,1,0.002,"noun,other"
as both,1,0.002,"other,other"
both a,1,0.002,"other,other"
a fishing,1,0.002,"other,verb"
fishing ground,1,0.002,"verb,noun"
ground and,1,0.002,"noun,other"
a pastureland,1,0.002,"other,noun"
pastureland for,1,0.002,"noun,other"
for livestock,1,0.002,"other,noun"
livestock the,1,0.002,"noun,other"
gently lap,1,0.002,"adv,noun"
lap against,1,0.002,"noun,other"
shore and,1,0.002,"noun,other"
naturalistic with,1,0.002,"adj,other"
the warmth,1,0.002,"other,noun"
warmth of,1,0.002,"noun,other"
a sunny,1,0.002,"other,adj"
sunny day,1,0.002,"adj,noun"
day the,1,0.002,"noun,other"
technique capturing,1,0.002,"noun,verb"
movement of,1,0.002,"noun,other"
painting does,1,0.002,"verb,verb"
or inscriptions,1,0.002,"other,noun"
inscriptions within,1,0.002,"noun,other"
and execution,1,0.002,"other,noun"
execution all,1,0.002,"noun,other"
all contribute,1,0.002,"other,noun"
of daily,1,0.002,"other,adv"
life at,1,0.002,"noun,other"
the coastline,1,0.002,"other,adj"
coastline for,1,0.002,"adj,other"
both humans,1,0.002,"other,noun"
their livestock,1,0.002,"other,noun"
of children,1,0.002,"other,noun"
children joyously,1,0.002,"noun,adv"
joyously playing,1,0.002,"adv,noun"
beach next,1,0.002,"noun,adj"
water likely,1,0.002,"noun,adj"
sea given,1,0.002,"noun,verb"
foreground two,1,0.002,"noun,other"
two girls,1,0.002,"other,verb"
girls running,1,0.002,"verb,verb"
running towards,1,0.002,"verb,noun"
dresses flowing,1,0.002,"noun,verb"
them and,1,0.002,"other,other"
boy following,1,0.002,"adj,verb"
following close,1,0.002,"verb,adj"
close behind,1,0.002,"adj,other"
three children,1,0.002,"other,noun"
children have,1,0.002,"noun,verb"
have dark,1,0.002,"verb,adj"
and are,1,0.002,"other,verb"
in simple,1,0.002,"other,noun"
simple light,1,0.002,"noun,adj"
clothing suitable,1,0.002,"verb,adj"
suitable for,1,0.002,"adj,other"
a day,1,0.002,"other,noun"
s daytime,1,0.002,"noun,adj"
daytime with,1,0.002,"adj,other"
sunlight illuminating,1,0.002,"verb,verb"
scene casting,1,0.002,"noun,verb"
casting shadows,1,0.002,"verb,verb"
and highlighting,1,0.002,"other,verb"
the ripples,1,0.002,"other,noun"
ripples in,1,0.002,"noun,other"
water there,1,0.002,"noun,other"
where three,1,0.002,"other,other"
are walking,1,0.002,"verb,verb"
walking towards,1,0.002,"verb,noun"
meticulous details,1,0.002,"adj,noun"
neckline which,1,0.002,"adj,other"
more formal,1,0.002,"adv,adj"
is followed,1,0.002,"verb,verb"
followed closely,1,0.002,"verb,adv"
closely by,1,0.002,"adv,other"
children one,1,0.002,"noun,other"
one child,1,0.002,"other,noun"
walking in,1,0.002,"verb,other"
her while,1,0.002,"other,other"
back over,1,0.002,"adv,other"
over their,1,0.002,"other,other"
their shoulder,1,0.002,"other,noun"
shoulder towards,1,0.002,"noun,noun"
other child,1,0.002,"adj,noun"
behind also,1,0.002,"other,adv"
back at,1,0.002,"adv,other"
water visible,1,0.002,"noun,adj"
are approaching,1,0.002,"verb,verb"
approaching it,1,0.002,"verb,other"
peaceful ambiance,1,0.002,"adj,noun"
ambiance the,1,0.002,"noun,other"
afternoon times,1,0.002,"noun,noun"
times when,1,0.002,"noun,other"
sun casts,1,0.002,"adj,noun"
casts a,1,0.002,"noun,other"
gentle glow,1,0.002,"adj,adj"
glow on,1,0.002,"adj,other"
and subjects,1,0.002,"other,noun"
water valencia,1,0.002,"noun,adj"
valencia indicates,1,0.002,"adj,verb"
place in,1,0.002,"noun,other"
in valencia,1,0.002,"other,adj"
valencia a,1,0.002,"adj,other"
a city,1,0.002,"other,noun"
city on,1,0.002,"noun,other"
on spain,1,0.002,"other,noun"
spain s,1,0.002,"noun,noun"
s eastern,1,0.002,"noun,adj"
eastern coast,1,0.002,"adj,noun"
coast known,1,0.002,"noun,verb"
its beach,1,0.002,"other,noun"
beach culture,1,0.002,"noun,noun"
sorolla is,1,0.002,"noun,verb"
beach scenes,1,0.002,"noun,noun"
was particularly,1,0.002,"verb,adv"
particularly popular,1,0.002,"adv,adj"
period of,1,0.002,"noun,other"
centuries overall,1,0.002,"noun,adj"
and family,1,0.002,"other,noun"
family time,1,0.002,"noun,noun"
setting reflecting,1,0.002,"verb,verb"
the leisurely,1,0.002,"other,adv"
leisurely pursuits,1,0.002,"adv,noun"
pursuits that,1,0.002,"noun,other"
were common,1,0.002,"verb,adj"
era when,1,0.002,"verb,other"
likely created,1,0.002,"adj,verb"
of two,1,0.002,"other,other"
girls wading,1,0.002,"verb,verb"
wading in,1,0.002,"verb,other"
in shallow,1,0.002,"other,adj"
shallow water,1,0.002,"adj,noun"
or sea,1,0.002,"other,noun"
older girl,1,0.002,"adj,noun"
is leading,1,0.002,"verb,verb"
way for,1,0.002,"noun,other"
younger one,1,0.002,"adj,other"
one both,1,0.002,"other,other"
both holding,1,0.002,"other,verb"
holding hands,1,0.002,"verb,noun"
they explore,1,0.002,"other,other"
water together,1,0.002,"noun,adv"
together they,1,0.002,"adv,other"
wearing light,1,0.002,"verb,adj"
dresses that,1,0.002,"noun,other"
that float,1,0.002,"other,noun"
float around,1,0.002,"noun,other"
waves suggesting,1,0.002,"noun,verb"
be playing,1,0.002,"verb,noun"
playing or,1,0.002,"noun,other"
moment by,1,0.002,"noun,other"
palette used,1,0.002,"noun,adj"
used here,1,0.002,"adj,adv"
predominantly soft,1,0.002,"adv,adj"
sea while,1,0.002,"noun,other"
figures have,1,0.002,"noun,verb"
have warm,1,0.002,"verb,adj"
warm flesh,1,0.002,"adj,adj"
flesh tones,1,0.002,"adj,noun"
tones contrasting,1,0.002,"noun,verb"
dresses the,1,0.002,"noun,other"
brushstrokes enhances,1,0.002,"noun,verb"
color as,1,0.002,"noun,other"
they change,1,0.002,"other,noun"
change throughout,1,0.002,"noun,other"
day this,1,0.002,"noun,other"
piece has,1,0.002,"noun,verb"
reads j,1,0.002,"noun,noun"
j sorolla,1,0.002,"noun,noun"
sorolla indicating,1,0.002,"noun,verb"
sorolla y,1,0.002,"noun,adj"
y bastida,1,0.002,"adj,noun"
bastida known,1,0.002,"noun,verb"
his vivid,1,0.002,"other,other"
vivid portrayal,1,0.002,"other,adj"
the spanish,1,0.002,"other,adj"
spanish landscape,1,0.002,"adj,noun"
and people,1,0.002,"other,noun"
be washing,1,0.002,"verb,verb"
washing the,1,0.002,"verb,other"
horse the,1,0.002,"noun,other"
shown standing,1,0.002,"verb,verb"
a wet,1,0.002,"other,adj"
wet sandy,1,0.002,"adj,adj"
with waves,1,0.002,"other,noun"
gently rolling,1,0.002,"adv,verb"
rolling in,1,0.002,"verb,other"
sea behind,1,0.002,"noun,other"
used broad,1,0.002,"adj,adj"
style creating,1,0.002,"noun,verb"
life there,1,0.002,"noun,other"
shadow which,1,0.002,"verb,other"
also typical,1,0.002,"adv,adj"
scene exudes,1,0.002,"noun,noun"
line is,1,0.002,"noun,verb"
visible adding,1,0.002,"adj,verb"
signed joaquín,1,0.002,"verb,noun"
sorolla in,1,0.002,"noun,other"
s by,1,0.002,"noun,other"
the famous,1,0.002,"other,adj"
famous spanish,1,0.002,"adj,adj"
spanish impressionist,1,0.002,"adj,adj"
between man,1,0.002,"other,noun"
nature captured,1,0.002,"adj,verb"
of artistic,1,0.002,"other,adj"
serene garden,1,0.002,"adj,noun"
garden scene,1,0.002,"noun,noun"
be influenced,1,0.002,"verb,adj"
the architectural,1,0.002,"other,adj"
architectural styles,1,0.002,"adj,noun"
the alhambra,1,0.002,"other,noun"
alhambra in,1,0.002,"noun,other"
in granada,1,0.002,"other,adj"
granada the,1,0.002,"adj,other"
a reflective,1,0.002,"other,adj"
reflective pool,1,0.002,"adj,noun"
pool of,1,0.002,"noun,other"
that mirrors,1,0.002,"other,noun"
mirrors the,1,0.002,"noun,other"
surrounding architecture,1,0.002,"verb,noun"
architecture the,1,0.002,"noun,other"
large archway,1,0.002,"adj,adv"
archway or,1,0.002,"adv,other"
or entrance,1,0.002,"other,noun"
entrance gate,1,0.002,"noun,noun"
gate possibly,1,0.002,"noun,adv"
the hall,1,0.002,"other,noun"
the ambassadors,1,0.002,"other,noun"
ambassadors mentioned,1,0.002,"noun,verb"
mentioned in,1,0.002,"verb,other"
structure has,1,0.002,"noun,verb"
detailing and,1,0.002,"verb,other"
be constructed,1,0.002,"verb,verb"
constructed from,1,0.002,"verb,other"
from stone,1,0.002,"other,adv"
stone above,1,0.002,"adv,other"
the archway,1,0.002,"other,adv"
archway you,1,0.002,"adv,other"
a lantern,1,0.002,"other,adj"
lantern or,1,0.002,"adj,other"
or lamp,1,0.002,"other,noun"
lamp suggesting,1,0.002,"noun,verb"
a place,1,0.002,"other,noun"
place where,1,0.002,"noun,other"
light fixtures,1,0.002,"adj,noun"
fixtures would,1,0.002,"noun,other"
been used,1,0.002,"verb,adj"
used historically,1,0.002,"adj,adv"
historically for,1,0.002,"adv,other"
for illumination,1,0.002,"other,noun"
illumination the,1,0.002,"noun,other"
surrounding garden,1,0.002,"verb,noun"
greenery including,1,0.002,"noun,verb"
including trees,1,0.002,"verb,noun"
provide shade,1,0.002,"verb,noun"
shade over,1,0.002,"noun,other"
over parts,1,0.002,"other,noun"
the pool,1,0.002,"other,noun"
pool the,1,0.002,"noun,other"
of greens,1,0.002,"other,noun"
yellows interspersed,1,0.002,"noun,verb"
interspersed with,1,0.002,"verb,other"
purples that,1,0.002,"verb,other"
dusk as,1,0.002,"noun,other"
sunlight appears,1,0.002,"verb,verb"
appears soft,1,0.002,"verb,adj"
and diffuse,1,0.002,"other,noun"
diffuse overall,1,0.002,"noun,adj"
of historical,1,0.002,"other,adj"
historical architecture,1,0.002,"adj,noun"
architecture through,1,0.002,"noun,other"
the victorian,1,0.002,"other,adj"
victorian era,1,0.002,"adj,verb"
era featuring,1,0.002,"verb,noun"
women strolling,1,0.002,"noun,verb"
flowers suggesting,1,0.002,"noun,verb"
of higher,1,0.002,"other,adj"
higher social,1,0.002,"adj,adj"
social status,1,0.002,"adj,noun"
or attending,1,0.002,"other,verb"
attending an,1,0.002,"verb,other"
important event,1,0.002,"adj,noun"
event such,1,0.002,"noun,adj"
a ball,1,0.002,"other,noun"
ball her,1,0.002,"noun,other"
her outfit,1,0.002,"other,verb"
parasol which,1,0.002,"noun,other"
and shields,1,0.002,"other,noun"
shields her,1,0.002,"noun,other"
sun s,1,0.002,"adj,noun"
s glare,1,0.002,"noun,noun"
glare the,1,0.002,"noun,other"
in more,1,0.002,"other,adv"
more casual,1,0.002,"adv,adj"
casual attire,1,0.002,"adj,noun"
attire wearing,1,0.002,"noun,verb"
a simpler,1,0.002,"other,noun"
simpler hat,1,0.002,"noun,other"
hat yet,1,0.002,"other,adv"
yet still,1,0.002,"adv,adv"
still maintaining,1,0.002,"adv,verb"
maintaining the,1,0.002,"verb,other"
the fashionable,1,0.002,"other,adj"
time both,1,0.002,"noun,other"
are carrying,1,0.002,"verb,verb"
carrying their,1,0.002,"verb,other"
their parasols,1,0.002,"other,noun"
parasols indicating,1,0.002,"noun,verb"
that they,1,0.002,"other,other"
be protecting,1,0.002,"verb,verb"
protecting themselves,1,0.002,"verb,other"
themselves from,1,0.002,"other,other"
sunlight or,1,0.002,"verb,other"
or seeking,1,0.002,"other,verb"
seeking shade,1,0.002,"verb,noun"
shade as,1,0.002,"noun,other"
they walk,1,0.002,"other,verb"
lapping at,1,0.002,"verb,other"
beach and,1,0.002,"noun,other"
sky overhead,1,0.002,"adj,adj"
overhead the,1,0.002,"adj,other"
the shimmering,1,0.002,"other,verb"
shimmering effect,1,0.002,"verb,noun"
sunlight on,1,0.002,"verb,other"
water and,1,0.002,"noun,other"
and sand,1,0.002,"other,noun"
leisurely outdoor,1,0.002,"adv,adj"
outdoor activities,1,0.002,"adj,noun"
activities during,1,0.002,"noun,other"
period highlighting,1,0.002,"noun,verb"
the social,1,0.002,"other,adj"
social importance,1,0.002,"adj,noun"
and etiquette,1,0.002,"other,noun"
etiquette even,1,0.002,"noun,adv"
even when,1,0.002,"adv,other"
when engaging,1,0.002,"other,verb"
engaging in,1,0.002,"verb,other"
what today,1,0.002,"other,noun"
today would,1,0.002,"noun,other"
simple walk,1,0.002,"noun,verb"
shore it,1,0.002,"noun,other"
also reflects,1,0.002,"adv,verb"
the fascination,1,0.002,"other,noun"
qualities throughout,1,0.002,"noun,other"
day which,1,0.002,"noun,other"
two sailboats,1,0.002,"other,noun"
sailboats resting,1,0.002,"noun,verb"
sand at,1,0.002,"noun,other"
at low,1,0.002,"other,adj"
low tide,1,0.002,"adj,noun"
tide the,1,0.002,"noun,other"
traditional in,1,0.002,"adj,other"
in design,1,0.002,"other,noun"
design with,1,0.002,"noun,other"
white sails,1,0.002,"adj,verb"
sails that,1,0.002,"verb,other"
that catch,1,0.002,"other,verb"
catch the,1,0.002,"verb,other"
light they,1,0.002,"adj,other"
positioned near,1,0.002,"verb,other"
edge surrounded,1,0.002,"noun,verb"
by gentle,1,0.002,"other,adj"
lapping onto,1,0.002,"verb,other"
hues suggesting,1,0.002,"noun,verb"
afternoon when,1,0.002,"noun,other"
is softer,1,0.002,"verb,adj"
softer the,1,0.002,"adj,other"
water has,1,0.002,"noun,verb"
has reflections,1,0.002,"verb,noun"
reflections that,1,0.002,"noun,other"
that hint,1,0.002,"other,adj"
hint at,1,0.002,"adj,other"
and flow,1,0.002,"other,verb"
flow of,1,0.002,"verb,other"
vibrant yet,1,0.002,"adj,adv"
yet naturalistic,1,0.002,"adv,adj"
tranquil mood,1,0.002,"noun,noun"
no people,1,0.002,"other,noun"
boats appear,1,0.002,"noun,verb"
be abandoned,1,0.002,"verb,verb"
abandoned temporarily,1,0.002,"verb,adv"
temporarily as,1,0.002,"adv,other"
they wait,1,0.002,"other,noun"
wait for,1,0.002,"noun,other"
the tide,1,0.002,"other,noun"
tide to,1,0.002,"noun,other"
to return,1,0.002,"other,verb"
return the,1,0.002,"verb,other"
title beached,1,0.002,"noun,verb"
beached boats,1,0.002,"verb,noun"
boats suggests,1,0.002,"noun,verb"
and stillness,1,0.002,"other,noun"
stillness that,1,0.002,"noun,other"
that resonates,1,0.002,"other,verb"
resonates with,1,0.002,"verb,other"
coastal landscape,1,0.002,"noun,noun"
landscape captured,1,0.002,"noun,verb"
captured by,1,0.002,"verb,other"
at valencia,1,0.002,"other,adj"
valencia painted,1,0.002,"adj,verb"
beach is,1,0.002,"noun,verb"
is populated,1,0.002,"verb,verb"
populated with,1,0.002,"verb,other"
boats their,1,0.002,"noun,other"
their sails,1,0.002,"other,verb"
sails catching,1,0.002,"verb,verb"
catching the,1,0.002,"verb,other"
is alive,1,0.002,"verb,adj"
alive with,1,0.002,"adj,other"
with movement,1,0.002,"other,noun"
movement hinting,1,0.002,"noun,verb"
gentle lapping,1,0.002,"adj,verb"
lapping of,1,0.002,"verb,other"
of waves,1,0.002,"other,noun"
waves against,1,0.002,"noun,other"
shore on,1,0.002,"noun,other"
beach her,1,0.002,"noun,other"
figure small,1,0.002,"noun,adj"
and solitary,1,0.002,"other,adj"
solitary in,1,0.002,"adj,other"
in comparison,1,0.002,"other,noun"
comparison to,1,0.002,"noun,other"
the bustling,1,0.002,"other,verb"
bustling activity,1,0.002,"verb,noun"
boats she,1,0.002,"noun,other"
her own,1,0.002,"other,adj"
own world,1,0.002,"adj,noun"
world oblivious,1,0.002,"noun,adj"
oblivious to,1,0.002,"adj,other"
the comings,1,0.002,"other,noun"
comings and,1,0.002,"noun,other"
and goings,1,0.002,"other,noun"
goings around,1,0.002,"noun,other"
human life,1,0.002,"adj,noun"
landscape creating,1,0.002,"noun,verb"
beautiful contrast,1,0.002,"adj,noun"
between stillness,1,0.002,"other,noun"
stillness and,1,0.002,"noun,other"
and motion,1,0.002,"other,noun"
motion solitude,1,0.002,"noun,noun"
and communal,1,0.002,"other,noun"
communal activity,1,0.002,"noun,noun"
predominantly light,1,0.002,"adv,adj"
light hues,1,0.002,"adj,noun"
hues reflecting,1,0.002,"noun,verb"
clear day,1,0.002,"adj,noun"
beach however,1,0.002,"noun,adv"
however there,1,0.002,"adv,other"
a use,1,0.002,"other,verb"
of darker,1,0.002,"other,noun"
tones in,1,0.002,"noun,other"
boats and,1,0.002,"noun,other"
and parts,1,0.002,"other,noun"
water providing,1,0.002,"noun,verb"
and preventing,1,0.002,"other,verb"
preventing it,1,0.002,"verb,other"
it from,1,0.002,"other,other"
from becoming,1,0.002,"other,verb"
becoming too,1,0.002,"verb,adv"
too washed,1,0.002,"adv,adj"
washed out,1,0.002,"adj,other"
serene beauty,1,0.002,"adj,noun"
beauty capturing,1,0.002,"noun,verb"
time that,1,0.002,"noun,other"
that feels,1,0.002,"other,noun"
feels both,1,0.002,"noun,other"
both timeless,1,0.002,"other,adj"
timeless and,1,0.002,"adj,other"
two oxen,1,0.002,"other,noun"
oxen pulling,1,0.002,"noun,verb"
pulling a,1,0.002,"verb,other"
a cart,1,0.002,"other,adj"
cart along,1,0.002,"adj,other"
oxen are,1,0.002,"noun,verb"
are brown,1,0.002,"verb,noun"
walking on,1,0.002,"verb,other"
on sandy,1,0.002,"other,adj"
sandy terrain,1,0.002,"adj,adj"
terrain behind,1,0.002,"adj,other"
them there,1,0.002,"other,other"
expansive view,1,0.002,"adj,noun"
ocean under,1,0.002,"noun,other"
sky that,1,0.002,"adj,other"
the cart,1,0.002,"other,adj"
cart there,1,0.002,"adj,other"
person wearing,1,0.002,"noun,verb"
be traditional,1,0.002,"verb,adj"
traditional spanish,1,0.002,"adj,adj"
spanish attire,1,0.002,"adj,noun"
attire including,1,0.002,"noun,verb"
hat suggesting,1,0.002,"other,verb"
from spanish,1,0.002,"other,adj"
spanish coastal,1,0.002,"adj,noun"
coastal life,1,0.002,"noun,noun"
individual appears,1,0.002,"adj,verb"
be overseeing,1,0.002,"verb,verb"
overseeing the,1,0.002,"verb,other"
oxen s,1,0.002,"noun,noun"
fluid with,1,0.002,"noun,other"
texture over,1,0.002,"noun,other"
detail aiming,1,0.002,"noun,verb"
aiming to,1,0.002,"verb,other"
the sensory,1,0.002,"other,verb"
sensory effects,1,0.002,"verb,noun"
than its,1,0.002,"other,other"
its accurate,1,0.002,"other,adj"
accurate topography,1,0.002,"adj,noun"
topography the,1,0.002,"noun,other"
is tranquil,1,0.002,"verb,noun"
tranquil and,1,0.002,"noun,other"
serene evoking,1,0.002,"adj,verb"
evoking a,1,0.002,"verb,other"
of timelessness,1,0.002,"other,noun"
timelessness in,1,0.002,"noun,other"
this beachside,1,0.002,"other,adv"
beachside tableau,1,0.002,"adv,noun"
apples pears,1,0.002,"noun,noun"
possibly grapes,1,0.002,"adv,noun"
grapes the,1,0.002,"noun,other"
plate is,1,0.002,"noun,verb"
is placed,1,0.002,"verb,verb"
wooden table,1,0.002,"adj,noun"
or shelf,1,0.002,"other,adj"
shelf behind,1,0.002,"adj,other"
are hints,1,0.002,"verb,noun"
or items,1,0.002,"other,noun"
items which,1,0.002,"noun,other"
been painted,1,0.002,"verb,verb"
and layering,1,0.002,"other,verb"
layering to,1,0.002,"verb,other"
primarily earthy,1,0.002,"adv,noun"
fruit offering,1,0.002,"noun,verb"
some contrast,1,0.002,"other,noun"
contrast due,1,0.002,"noun,adj"
their brighter,1,0.002,"other,noun"
life study,1,0.002,"noun,verb"
in post,1,0.002,"other,noun"
includes visible,1,0.002,"verb,adj"
on shape,1,0.002,"other,noun"
volume rather,1,0.002,"noun,adv"
bathers in,1,0.002,"noun,other"
setting likely,1,0.002,"verb,adj"
garden the,1,0.002,"noun,other"
style some,1,0.002,"noun,other"
behind giving,1,0.002,"other,verb"
giving us,1,0.002,"verb,other"
us a,1,0.002,"other,other"
their backsides,1,0.002,"other,noun"
backsides as,1,0.002,"noun,other"
they interact,1,0.002,"other,adj"
interact with,1,0.002,"adj,other"
and candidness,1,0.002,"other,noun"
candidness among,1,0.002,"noun,other"
among the,1,0.002,"other,other"
the group,1,0.002,"other,noun"
group which,1,0.002,"noun,other"
for scenes,1,0.002,"other,noun"
scenes painted,1,0.002,"noun,verb"
cezanne who,1,0.002,"noun,other"
who often,1,0.002,"other,adv"
capturing simple,1,0.002,"verb,noun"
unique artistic,1,0.002,"adj,adj"
artistic perspective,1,0.002,"adj,adj"
point is,1,0.002,"noun,verb"
fruit such,1,0.002,"noun,adj"
as apples,1,0.002,"other,noun"
oranges which,1,0.002,"verb,other"
which sit,1,0.002,"other,noun"
sit on,1,0.002,"noun,other"
cloth the,1,0.002,"noun,other"
are vibrantly,1,0.002,"verb,adv"
colored reflecting,1,0.002,"adj,verb"
to light,1,0.002,"other,adj"
its interaction,1,0.002,"other,noun"
with objects,1,0.002,"other,noun"
objects to,1,0.002,"noun,other"
glass containing,1,0.002,"noun,verb"
containing a,1,0.002,"verb,other"
a liquid,1,0.002,"other,adj"
liquid that,1,0.002,"adj,other"
be water,1,0.002,"verb,noun"
another clear,1,0.002,"other,adj"
clear beverage,1,0.002,"adj,noun"
beverage a,1,0.002,"noun,other"
a knife,1,0.002,"other,adj"
knife is,1,0.002,"adj,verb"
also visible,1,0.002,"adv,adj"
bowl suggesting,1,0.002,"noun,verb"
fruit may,1,0.002,"noun,other"
may have,1,0.002,"other,verb"
been freshly,1,0.002,"verb,adv"
freshly cut,1,0.002,"adv,noun"
cut or,1,0.002,"noun,other"
be sliced,1,0.002,"verb,verb"
sliced the,1,0.002,"verb,other"
curtains partially,1,0.002,"noun,adv"
partially drawn,1,0.002,"adv,noun"
drawn allowing,1,0.002,"noun,verb"
to filter,1,0.002,"other,noun"
filter into,1,0.002,"noun,other"
room and,1,0.002,"noun,other"
and illuminate,1,0.002,"other,adv"
and table,1,0.002,"other,noun"
table gives,1,0.002,"noun,verb"
yet precise,1,0.002,"adv,adj"
precise creating,1,0.002,"adj,verb"
and carefully,1,0.002,"other,adv"
carefully orchestrated,1,0.002,"adv,verb"
orchestrated the,1,0.002,"verb,other"
varied contributing,1,0.002,"adj,verb"
overall vibrancy,1,0.002,"adj,noun"
title compotier,1,0.002,"noun,noun"
compotier glass,1,0.002,"noun,noun"
glass and,1,0.002,"noun,other"
apples accurately,1,0.002,"noun,adv"
describes the,1,0.002,"adj,other"
elements depicted,1,0.002,"noun,verb"
fruit bowl,1,0.002,"noun,noun"
or compotier,1,0.002,"other,noun"
compotier a,1,0.002,"noun,other"
with liquid,1,0.002,"other,adj"
liquid and,1,0.002,"adj,other"
and various,1,0.002,"other,adj"
various apples,1,0.002,"adj,noun"
apples this,1,0.002,"noun,other"
mastery and,1,0.002,"noun,other"
a farmyard,1,0.002,"other,noun"
farmyard scene,1,0.002,"noun,noun"
on rustic,1,0.002,"other,adj"
rustic architecture,1,0.002,"adj,noun"
architecture and,1,0.002,"noun,other"
structure through,1,0.002,"noun,other"
line the,1,0.002,"noun,other"
composition features,1,0.002,"noun,noun"
a quaint,1,0.002,"other,adj"
quaint house,1,0.002,"adj,noun"
roof partially,1,0.002,"noun,adv"
by lush,1,0.002,"other,noun"
are earthy,1,0.002,"verb,noun"
brushwork appears,1,0.002,"noun,verb"
appears loose,1,0.002,"verb,adj"
yet deliberate,1,0.002,"adv,noun"
deliberate suggesting,1,0.002,"noun,verb"
suggesting texture,1,0.002,"verb,noun"
in both,1,0.002,"other,other"
s facade,1,0.002,"noun,noun"
facade there,1,0.002,"noun,other"
visible human,1,0.002,"adj,adj"
human presence,1,0.002,"adj,noun"
presence within,1,0.002,"noun,other"
frame which,1,0.002,"noun,other"
lends a,1,0.002,"verb,other"
atmosphere to,1,0.002,"adv,other"
tranquil rural,1,0.002,"noun,adj"
landscape in,1,0.002,"noun,other"
are houses,1,0.002,"verb,noun"
houses with,1,0.002,"noun,other"
with terracotta,1,0.002,"other,noun"
terracotta roofs,1,0.002,"noun,noun"
roofs nestled,1,0.002,"noun,verb"
nestled among,1,0.002,"verb,other"
among greenery,1,0.002,"other,noun"
architecture is,1,0.002,"noun,verb"
yet sturdy,1,0.002,"adv,adj"
sturdy suggesting,1,0.002,"adj,verb"
a location,1,0.002,"other,noun"
location that,1,0.002,"noun,other"
in provence,1,0.002,"other,noun"
provence or,1,0.002,"noun,other"
another southern,1,0.002,"other,adj"
southern french,1,0.002,"adj,adj"
french region,1,0.002,"adj,noun"
region the,1,0.002,"noun,other"
houses are,1,0.002,"noun,verb"
framed by,1,0.002,"verb,other"
the verdant,1,0.002,"other,noun"
verdant foliage,1,0.002,"noun,noun"
of olive,1,0.002,"other,adj"
olive trees,1,0.002,"adj,noun"
trees indicating,1,0.002,"noun,verb"
area rich,1,0.002,"noun,adj"
in agriculture,1,0.002,"other,noun"
agriculture and,1,0.002,"noun,other"
possibly known,1,0.002,"adv,verb"
its olive,1,0.002,"other,adj"
olive oil,1,0.002,"adj,noun"
oil production,1,0.002,"noun,noun"
production the,1,0.002,"noun,other"
features rolling,1,0.002,"noun,verb"
rolling hills,1,0.002,"verb,noun"
hills covered,1,0.002,"noun,verb"
dense vegetation,1,0.002,"adj,noun"
vegetation which,1,0.002,"noun,other"
which extends,1,0.002,"other,verb"
extends towards,1,0.002,"verb,noun"
horizon above,1,0.002,"noun,other"
serene blue,1,0.002,"adj,noun"
blue punctuated,1,0.002,"noun,adj"
by fluffy,1,0.002,"other,adj"
as browns,1,0.002,"other,noun"
browns greens,1,0.002,"noun,noun"
and creams,1,0.002,"other,noun"
creams complemented,1,0.002,"noun,verb"
vibrant blues,1,0.002,"adj,noun"
blues of,1,0.002,"noun,other"
impressionism paul,1,0.002,"noun,verb"
painting often,1,0.002,"verb,adv"
as cezannesque,1,0.002,"other,noun"
cezannesque or,1,0.002,"noun,other"
or tubular,1,0.002,"other,adj"
tubular brushwork,1,0.002,"adj,noun"
he integrates,1,0.002,"other,noun"
integrates geometric,1,0.002,"noun,adj"
strokes this,1,0.002,"noun,other"
technique gives,1,0.002,"noun,verb"
volume to,1,0.002,"noun,other"
depicted objects,1,0.002,"verb,noun"
objects while,1,0.002,"noun,other"
maintaining an,1,0.002,"verb,other"
abstract element,1,0.002,"adj,noun"
challenges the,1,0.002,"noun,other"
s perception,1,0.002,"noun,noun"
perception of,1,0.002,"noun,other"
space overall,1,0.002,"noun,adj"
peaceful moment,1,0.002,"adj,noun"
rural setting,1,0.002,"adj,verb"
setting showcasing,1,0.002,"verb,verb"
showcasing cezanne,1,0.002,"verb,noun"
to harmoniously,1,0.002,"other,adv"
harmoniously blend,1,0.002,"adv,verb"
blend natural,1,0.002,"verb,adj"
distinctive stylistic,1,0.002,"adj,adj"
stylistic choices,1,0.002,"adj,noun"
life composed,1,0.002,"noun,verb"
table in,1,0.002,"noun,other"
be oranges,1,0.002,"verb,verb"
oranges to,1,0.002,"verb,other"
fruit there,1,0.002,"noun,other"
a milk,1,0.002,"other,verb"
can with,1,0.002,"other,other"
a handle,1,0.002,"other,noun"
handle which,1,0.002,"noun,other"
which also,1,0.002,"other,adv"
a spout,1,0.002,"other,noun"
spout at,1,0.002,"noun,other"
top next,1,0.002,"adj,adj"
the milk,1,0.002,"other,verb"
can there,1,0.002,"other,other"
small pitcher,1,0.002,"adj,adv"
pitcher with,1,0.002,"adv,other"
two handles,1,0.002,"other,noun"
handles and,1,0.002,"noun,other"
a lid,1,0.002,"other,adj"
lid on,1,0.002,"adj,other"
top a,1,0.002,"adj,other"
glass is,1,0.002,"noun,verb"
the pitcher,1,0.002,"other,adv"
pitcher behind,1,0.002,"adv,other"
all these,1,0.002,"other,other"
items there,1,0.002,"noun,other"
table revealing,1,0.002,"noun,verb"
revealing some,1,0.002,"verb,other"
some folds,1,0.002,"other,noun"
and creases,1,0.002,"other,noun"
creases the,1,0.002,"noun,other"
features patterned,1,0.002,"noun,verb"
patterned wallpaper,1,0.002,"verb,noun"
wallpaper with,1,0.002,"noun,other"
design the,1,0.002,"noun,other"
artwork suggests,1,0.002,"noun,verb"
technique characterized,1,0.002,"noun,verb"
on various,1,0.002,"other,adj"
fruits in,1,0.002,"noun,other"
of ripe,1,0.002,"other,noun"
ripe peaches,1,0.002,"noun,noun"
peaches and,1,0.002,"noun,other"
other round,1,0.002,"adj,noun"
round fruits,1,0.002,"noun,noun"
fruits that,1,0.002,"noun,other"
be pears,1,0.002,"verb,noun"
pears or,1,0.002,"noun,other"
or apples,1,0.002,"other,noun"
apples to,1,0.002,"noun,other"
these fruits,1,0.002,"other,noun"
small bottle,1,0.002,"adj,adj"
be liquid,1,0.002,"verb,adj"
liquid inside,1,0.002,"adj,other"
inside possibly,1,0.002,"other,adv"
possibly water,1,0.002,"adv,noun"
or wine,1,0.002,"other,adj"
wine next,1,0.002,"adj,adj"
this bottle,1,0.002,"other,adj"
bottle there,1,0.002,"adj,other"
larger bowl,1,0.002,"adj,noun"
bowl with,1,0.002,"noun,other"
with more,1,0.002,"other,adv"
more fruit,1,0.002,"adv,noun"
fruit in,1,0.002,"noun,other"
in it,1,0.002,"other,other"
simple wall,1,0.002,"noun,noun"
greenery perhaps,1,0.002,"noun,adv"
perhaps from,1,0.002,"adv,other"
from foliage,1,0.002,"other,noun"
plant the,1,0.002,"noun,other"
often incorporate,1,0.002,"adv,verb"
incorporate geometric,1,0.002,"verb,adj"
and everyday,1,0.002,"other,adj"
everyday beauty,1,0.002,"adj,noun"
of ordinary,1,0.002,"other,adj"
ordinary objects,1,0.002,"adj,noun"
two clowns,1,0.002,"other,verb"
clowns in,1,0.002,"verb,other"
traditional mardi,1,0.002,"adj,noun"
mardi gras,1,0.002,"noun,noun"
gras costumes,1,0.002,"noun,noun"
costumes portrayed,1,0.002,"noun,verb"
as pierrot,1,0.002,"other,verb"
pierrot identifiable,1,0.002,"verb,adj"
by his,1,0.002,"other,other"
his white,1,0.002,"other,adj"
white face,1,0.002,"adj,verb"
face paint,1,0.002,"verb,noun"
paint a,1,0.002,"noun,other"
brim and,1,0.002,"adj,other"
loose shirt,1,0.002,"adj,adj"
shirt he,1,0.002,"adj,other"
small bag,1,0.002,"adj,noun"
bag or,1,0.002,"noun,other"
or purse,1,0.002,"other,noun"
purse in,1,0.002,"noun,other"
hand the,1,0.002,"noun,other"
styled as,1,0.002,"verb,other"
as harlequin,1,0.002,"other,noun"
harlequin wearing,1,0.002,"noun,verb"
a mask,1,0.002,"other,noun"
mask that,1,0.002,"noun,other"
covers the,1,0.002,"noun,other"
entire head,1,0.002,"adj,noun"
a costume,1,0.002,"other,noun"
costume composed,1,0.002,"noun,verb"
of diamond,1,0.002,"other,noun"
diamond patterns,1,0.002,"noun,noun"
white panels,1,0.002,"adj,noun"
panels around,1,0.002,"noun,other"
the hips,1,0.002,"other,noun"
hips the,1,0.002,"noun,other"
outfit includes,1,0.002,"verb,verb"
a short,1,0.002,"other,adj"
short coat,1,0.002,"adj,noun"
coat tight,1,0.002,"noun,adj"
tight breeches,1,0.002,"adj,noun"
breeches and,1,0.002,"noun,other"
and stockings,1,0.002,"other,noun"
stockings which,1,0.002,"noun,other"
the harlequin,1,0.002,"other,noun"
harlequin figure,1,0.002,"noun,noun"
attire both,1,0.002,"noun,other"
characters stand,1,0.002,"noun,noun"
stand on,1,0.002,"noun,other"
or platform,1,0.002,"other,noun"
platform indicated,1,0.002,"noun,verb"
of curtains,1,0.002,"other,noun"
curtains in,1,0.002,"noun,other"
is cheerful,1,0.002,"verb,adj"
cheerful yet,1,0.002,"adj,adv"
yet slightly,1,0.002,"adv,adv"
slightly melancholic,1,0.002,"adv,adj"
melancholic as,1,0.002,"adj,other"
the clowns,1,0.002,"other,verb"
clowns are,1,0.002,"verb,verb"
as reflective,1,0.002,"other,adj"
reflective or,1,0.002,"adj,other"
or pensive,1,0.002,"other,adj"
pensive rather,1,0.002,"adj,adv"
than actively,1,0.002,"other,adv"
actively engaging,1,0.002,"adv,verb"
subdued focusing,1,0.002,"verb,verb"
hues which,1,0.002,"noun,other"
s dreamlike,1,0.002,"noun,verb"
vase brimming,1,0.002,"noun,verb"
brimming with,1,0.002,"verb,other"
flowers each,1,0.002,"noun,other"
each exhibiting,1,0.002,"other,verb"
exhibiting vibrant,1,0.002,"verb,adj"
and varying,1,0.002,"other,verb"
varying textures,1,0.002,"verb,noun"
textures that,1,0.002,"noun,other"
wall adorned,1,0.002,"noun,verb"
blue wallpaper,1,0.002,"noun,noun"
wallpaper subtly,1,0.002,"noun,adv"
subtly complementing,1,0.002,"adv,verb"
complementing the,1,0.002,"verb,other"
bouquet a,1,0.002,"verb,other"
mirror hangs,1,0.002,"noun,noun"
hangs on,1,0.002,"noun,other"
wall reflecting,1,0.002,"noun,verb"
floral arrangement,1,0.002,"adj,noun"
arrangement adding,1,0.002,"noun,verb"
light reflects,1,0.002,"adj,verb"
and rich,1,0.002,"other,adj"
life flowers,1,0.002,"noun,noun"
vase which,1,0.002,"noun,other"
which accurately,1,0.002,"other,adv"
describes its,1,0.002,"adj,other"
its content,1,0.002,"other,noun"
content and,1,0.002,"noun,other"
and theme,1,0.002,"other,adj"
greenhouse or,1,0.002,"noun,other"
garden room,1,0.002,"noun,noun"
room she,1,0.002,"noun,other"
bodice that,1,0.002,"adj,other"
a victorian,1,0.002,"other,adj"
victorian or,1,0.002,"adj,other"
or edwardian,1,0.002,"other,adj"
edwardian style,1,0.002,"adj,noun"
soft casting,1,0.002,"adj,verb"
casting gentle,1,0.002,"verb,adj"
shadows around,1,0.002,"verb,other"
brushstrokes characteristic,1,0.002,"noun,adj"
features plants,1,0.002,"noun,noun"
foliage typical,1,0.002,"noun,adj"
greenhouse setting,1,0.002,"noun,verb"
by greens,1,0.002,"other,noun"
yellows there,1,0.002,"noun,other"
or door,1,0.002,"other,noun"
door to,1,0.002,"noun,other"
right allowing,1,0.002,"adj,verb"
to stream,1,0.002,"other,noun"
stream in,1,0.002,"noun,other"
in illuminating,1,0.002,"other,verb"
s subject,1,0.002,"noun,adj"
in quiet,1,0.002,"other,adj"
gently clasped,1,0.002,"adv,verb"
clasped together,1,0.002,"verb,adv"
subtle expression,1,0.002,"adj,noun"
expression of,1,0.002,"noun,other"
of seriousness,1,0.002,"other,adj"
seriousness or,1,0.002,"adj,other"
unmistakably post,1,0.002,"adv,noun"
impressionist reflecting,1,0.002,"adj,verb"
reflecting paul,1,0.002,"verb,verb"
bold textural,1,0.002,"verb,adj"
textural brushwork,1,0.002,"adj,noun"
shadow to,1,0.002,"verb,other"
define form,1,0.002,"noun,noun"
painting could,1,0.002,"verb,other"
be classified,1,0.002,"verb,verb"
classified as,1,0.002,"verb,other"
portrait as,1,0.002,"verb,other"
individual figure,1,0.002,"adj,noun"
style ascribed,1,0.002,"noun,verb"
with tulips,1,0.002,"other,noun"
tulips displaying,1,0.002,"noun,verb"
yellow hues,1,0.002,"adj,noun"
hues indicative,1,0.002,"noun,adj"
their bloom,1,0.002,"other,noun"
bloom surrounding,1,0.002,"noun,verb"
vase are,1,0.002,"noun,verb"
complexity there,1,0.002,"noun,other"
are oranges,1,0.002,"verb,verb"
oranges in,1,0.002,"verb,other"
foreground adding,1,0.002,"noun,verb"
cool colors,1,0.002,"noun,noun"
background further,1,0.002,"noun,adv"
further back,1,0.002,"adv,adv"
back you,1,0.002,"adv,other"
window frame,1,0.002,"verb,noun"
frame within,1,0.002,"noun,other"
this framework,1,0.002,"other,noun"
framework an,1,0.002,"noun,other"
additional element,1,0.002,"adj,noun"
element a,1,0.002,"noun,other"
leaves can,1,0.002,"verb,other"
seen the,1,0.002,"verb,other"
painting where,1,0.002,"verb,other"
used subtle,1,0.002,"adj,adj"
subtle gradations,1,0.002,"adj,noun"
gradations of,1,0.002,"noun,other"
of tone,1,0.002,"other,noun"
tone to,1,0.002,"noun,other"
create three,1,0.002,"noun,other"
volume in,1,0.002,"noun,other"
a peasant,1,0.002,"other,adj"
peasant as,1,0.002,"adj,other"
title peasant,1,0.002,"noun,adj"
peasant in,1,0.002,"adj,other"
blue smock,1,0.002,"noun,noun"
smock the,1,0.002,"noun,other"
and wearing,1,0.002,"other,verb"
out due,1,0.002,"other,adj"
color compared,1,0.002,"noun,verb"
surrounding tones,1,0.002,"verb,noun"
has facial,1,0.002,"verb,adj"
facial hair,1,0.002,"adj,adj"
hair specifically,1,0.002,"adj,adv"
specifically what,1,0.002,"adv,other"
a moustache,1,0.002,"other,noun"
moustache and,1,0.002,"noun,other"
and beard,1,0.002,"other,adj"
beard giving,1,0.002,"adj,verb"
mature appearance,1,0.002,"noun,noun"
image colors,1,0.002,"noun,noun"
often juxtaposed,1,0.002,"adv,verb"
juxtaposed in,1,0.002,"verb,other"
shadow contributing,1,0.002,"verb,verb"
yellow suggesting,1,0.002,"adj,verb"
with foliage,1,0.002,"other,noun"
contemplative capturing,1,0.002,"adj,verb"
figure paul,1,0.002,"noun,verb"
color form,1,0.002,"noun,noun"
matter aligns,1,0.002,"noun,noun"
many post,1,0.002,"adj,noun"
on scenes,1,0.002,"other,noun"
onions and,1,0.002,"noun,other"
and attributed,1,0.002,"other,verb"
simple domestic,1,0.002,"noun,adj"
table at,1,0.002,"noun,other"
plate filled,1,0.002,"noun,verb"
ripe red,1,0.002,"noun,adj"
red tomatoes,1,0.002,"adj,verb"
tomatoes which,1,0.002,"verb,other"
which have,1,0.002,"other,verb"
painting to,1,0.002,"verb,other"
tomatoes is,1,0.002,"verb,verb"
a bunch,1,0.002,"other,adj"
bunch of,1,0.002,"adj,other"
onions their,1,0.002,"noun,other"
their papery,1,0.002,"other,adv"
papery skins,1,0.002,"adv,noun"
skins adding,1,0.002,"noun,verb"
vegetables are,1,0.002,"noun,verb"
impressionism behind,1,0.002,"noun,other"
green bottle,1,0.002,"adj,adj"
an indistinct,1,0.002,"other,adj"
indistinct shape,1,0.002,"adj,noun"
possibly containing,1,0.002,"adv,verb"
containing some,1,0.002,"verb,other"
of liquid,1,0.002,"other,adj"
liquid or,1,0.002,"adj,other"
or condiment,1,0.002,"other,noun"
condiment next,1,0.002,"noun,adj"
with water,1,0.002,"other,noun"
water its,1,0.002,"noun,other"
its transparency,1,0.002,"other,noun"
transparency allowing,1,0.002,"noun,verb"
to pass,1,0.002,"other,verb"
pass through,1,0.002,"verb,other"
which these,1,0.002,"other,other"
items rest,1,0.002,"noun,noun"
rest has,1,0.002,"noun,verb"
visible grain,1,0.002,"adj,noun"
grain suggesting,1,0.002,"noun,verb"
made from,1,0.002,"verb,other"
from wood,1,0.002,"other,noun"
wood the,1,0.002,"noun,other"
doorway a,1,0.002,"verb,other"
cloth drapes,1,0.002,"noun,noun"
and softness,1,0.002,"other,noun"
softness to,1,0.002,"noun,other"
reds of,1,0.002,"verb,other"
tomatoes and,1,0.002,"verb,other"
and onions,1,0.002,"other,noun"
onions providing,1,0.002,"noun,verb"
providing striking,1,0.002,"verb,verb"
striking accents,1,0.002,"verb,noun"
accents the,1,0.002,"noun,other"
style reflects,1,0.002,"noun,verb"
reflects cezanne,1,0.002,"verb,noun"
form through,1,0.002,"noun,other"
a rigorous,1,0.002,"other,adj"
rigorous study,1,0.002,"adj,verb"
of geometry,1,0.002,"other,noun"
geometry and,1,0.002,"noun,other"
volume despite,1,0.002,"noun,other"
its subject,1,0.002,"other,adj"
painting demonstrates,1,0.002,"verb,verb"
demonstrates a,1,0.002,"verb,other"
of skill,1,0.002,"other,noun"
style central,1,0.002,"noun,adj"
composition are,1,0.002,"noun,verb"
a skull,1,0.002,"other,adj"
skull and,1,0.002,"adj,other"
some fruits,1,0.002,"other,noun"
fruits the,1,0.002,"noun,other"
skull is,1,0.002,"adj,verb"
image positioned,1,0.002,"noun,verb"
positioned above,1,0.002,"verb,other"
above a,1,0.002,"other,other"
including pears,1,0.002,"verb,noun"
apples are,1,0.002,"noun,verb"
table their,1,0.002,"noun,other"
their vibrant,1,0.002,"other,adj"
colors contrasting,1,0.002,"noun,verb"
subdued tones,1,0.002,"verb,noun"
skull the,1,0.002,"adj,other"
s genre,1,0.002,"noun,noun"
is still,1,0.002,"verb,adv"
a form,1,0.002,"other,noun"
on inanimate,1,0.002,"other,noun"
inanimate objects,1,0.002,"noun,noun"
objects typically,1,0.002,"noun,adv"
typically commonplace,1,0.002,"adv,noun"
commonplace items,1,0.002,"noun,noun"
as fruit,1,0.002,"other,noun"
fruit vegetables,1,0.002,"noun,noun"
vegetables or,1,0.002,"noun,other"
or tableware,1,0.002,"other,noun"
tableware the,1,0.002,"noun,other"
texture the,1,0.002,"noun,other"
with detail,1,0.002,"other,noun"
nuance from,1,0.002,"noun,other"
of shadows,1,0.002,"other,verb"
highlights across,1,0.002,"noun,other"
the surfaces,1,0.002,"other,noun"
surfaces to,1,0.002,"noun,other"
add dimension,1,0.002,"adj,noun"
dimension and,1,0.002,"noun,other"
scene despite,1,0.002,"noun,other"
its stillness,1,0.002,"other,noun"
stillness the,1,0.002,"noun,other"
energy characteristic,1,0.002,"noun,adj"
artwork study,1,0.002,"noun,verb"
of cubist,1,0.002,"other,noun"
cubist art,1,0.002,"noun,noun"
of nude,1,0.002,"other,adj"
nude figures,1,0.002,"adj,noun"
figures gathered,1,0.002,"noun,verb"
gathered in,1,0.002,"verb,other"
are portrayed,1,0.002,"verb,verb"
elongated bodies,1,0.002,"verb,noun"
bodies and,1,0.002,"noun,other"
forms typical,1,0.002,"noun,adj"
primarily pastel,1,0.002,"adv,noun"
green adding,1,0.002,"adj,verb"
foliage providing,1,0.002,"noun,verb"
this group,1,0.002,"other,noun"
bathers overall,1,0.002,"noun,adj"
showcases cezanne,1,0.002,"verb,noun"
realism through,1,0.002,"noun,other"
red striped,1,0.002,"adj,verb"
striped dress,1,0.002,"verb,noun"
dress seated,1,0.002,"noun,verb"
comfortably as,1,0.002,"adv,other"
is reading,1,0.002,"verb,verb"
read something,1,0.002,"verb,noun"
something the,1,0.002,"noun,other"
brown creating,1,0.002,"noun,verb"
is post,1,0.002,"verb,noun"
strokes as,1,0.002,"noun,other"
an interest,1,0.002,"other,noun"
dimensional form,1,0.002,"adj,noun"
form paul,1,0.002,"noun,verb"
distinctive use,1,0.002,"adj,verb"
these techniques,1,0.002,"other,noun"
techniques can,1,0.002,"noun,other"
foreground further,1,0.002,"noun,adv"
arms crossed,1,0.002,"noun,verb"
head as,1,0.002,"noun,other"
looking upwards,1,0.002,"verb,noun"
upwards or,1,0.002,"noun,other"
perhaps at,1,0.002,"adv,other"
of frame,1,0.002,"other,noun"
and subdued,1,0.002,"other,verb"
subdued atmosphere,1,0.002,"verb,adv"
wall providing,1,0.002,"noun,verb"
structure over,1,0.002,"noun,other"
detail there,1,0.002,"noun,other"
no distinct,1,0.002,"other,adj"
distinct patterns,1,0.002,"adj,noun"
that detract,1,0.002,"other,noun"
color give,1,0.002,"noun,verb"
prominent road,1,0.002,"noun,noun"
road that,1,0.002,"noun,other"
that curves,1,0.002,"other,noun"
curves to,1,0.002,"noun,other"
left leading,1,0.002,"verb,verb"
or group,1,0.002,"other,noun"
of houses,1,0.002,"other,noun"
houses and,1,0.002,"noun,other"
impressionistic and,1,0.002,"adj,other"
somewhat cubist,1,0.002,"adv,noun"
a division,1,0.002,"other,noun"
of forms,1,0.002,"other,noun"
palette consists,1,0.002,"noun,verb"
consists mainly,1,0.002,"verb,adv"
mainly of,1,0.002,"adv,other"
as orange,1,0.002,"other,noun"
green with,1,0.002,"adj,other"
with touches,1,0.002,"other,noun"
touches of,1,0.002,"noun,other"
of cooler,1,0.002,"other,verb"
tones like,1,0.002,"noun,other"
brown particularly,1,0.002,"noun,adv"
trees cezanne,1,0.002,"noun,noun"
on structural,1,0.002,"other,adj"
structural form,1,0.002,"adj,noun"
of organizing,1,0.002,"other,verb"
organizing three,1,0.002,"verb,other"
dimensional space,1,0.002,"adj,noun"
space through,1,0.002,"noun,other"
piece reflects,1,0.002,"noun,verb"
reflects this,1,0.002,"verb,other"
approach where,1,0.002,"noun,other"
sculptural quality,1,0.002,"adj,noun"
of multiple,1,0.002,"other,adj"
multiple colors,1,0.002,"adj,noun"
depict different,1,0.002,"noun,adj"
different surfaces,1,0.002,"adj,noun"
surfaces and,1,0.002,"noun,other"
and volumes,1,0.002,"other,noun"
volumes is,1,0.002,"noun,verb"
with cubist,1,0.002,"other,noun"
principles although,1,0.002,"noun,other"
although cezanne,1,0.002,"other,noun"
work predates,1,0.002,"verb,verb"
predates the,1,0.002,"verb,other"
the formalization,1,0.002,"other,noun"
formalization of,1,0.002,"noun,other"
small cottage,1,0.002,"adj,noun"
cottage with,1,0.002,"noun,other"
with traditional,1,0.002,"other,adj"
traditional architectural,1,0.002,"adj,adj"
and shuttered,1,0.002,"other,verb"
dominant hues,1,0.002,"verb,noun"
green suggesting,1,0.002,"adj,verb"
sun or,1,0.002,"adj,other"
a countryside,1,0.002,"other,noun"
countryside scene,1,0.002,"noun,noun"
visible giving,1,0.002,"adj,verb"
the cottage,1,0.002,"other,noun"
cottage includes,1,0.002,"noun,verb"
includes trees,1,0.002,"verb,noun"
and greenery,1,0.002,"other,noun"
greenery contributing,1,0.002,"noun,verb"
the rural,1,0.002,"other,adj"
rural ambiance,1,0.002,"adj,noun"
ambiance in,1,0.002,"noun,other"
background you,1,0.002,"noun,other"
structure or,1,0.002,"noun,other"
a hillside,1,0.002,"other,adj"
hillside covered,1,0.002,"adj,verb"
in vegetation,1,0.002,"other,noun"
vegetation the,1,0.002,"noun,other"
simplicity capturing,1,0.002,"noun,verb"
calm in,1,0.002,"adj,other"
style incorporates,1,0.002,"noun,noun"
incorporates elements,1,0.002,"noun,noun"
shapes used,1,0.002,"noun,adj"
define forms,1,0.002,"noun,noun"
space however,1,0.002,"noun,adv"
however unlike,1,0.002,"adv,other"
unlike classic,1,0.002,"other,adj"
classic cubist,1,0.002,"adj,noun"
works this,1,0.002,"verb,other"
piece retains,1,0.002,"noun,verb"
retains a,1,0.002,"verb,other"
strong connection,1,0.002,"adj,noun"
with realism,1,0.002,"other,noun"
traditional subject,1,0.002,"adj,adj"
colorful and,1,0.002,"adj,other"
detailed painting,1,0.002,"adj,verb"
title a,1,0.002,"noun,other"
house in,1,0.002,"noun,other"
in liozna,1,0.002,"other,noun"
liozna suggests,1,0.002,"noun,verb"
an interpretation,1,0.002,"other,noun"
a residence,1,0.002,"other,noun"
residence in,1,0.002,"noun,other"
the village,1,0.002,"other,verb"
village of,1,0.002,"verb,other"
of liozna,1,0.002,"other,noun"
liozna the,1,0.002,"noun,other"
building features,1,0.002,"noun,noun"
levels with,1,0.002,"noun,other"
intricate architectural,1,0.002,"noun,adj"
details such,1,0.002,"noun,adj"
as dormer,1,0.002,"other,adj"
dormer windows,1,0.002,"adj,noun"
windows shutters,1,0.002,"noun,noun"
shutters and,1,0.002,"noun,other"
be decorative,1,0.002,"verb,adj"
elements on,1,0.002,"noun,other"
the roofline,1,0.002,"other,noun"
roofline the,1,0.002,"noun,other"
has various,1,0.002,"verb,adj"
various signs,1,0.002,"adj,noun"
signs displayed,1,0.002,"noun,adj"
displayed outside,1,0.002,"adj,adj"
outside which,1,0.002,"adj,other"
likely indicative,1,0.002,"adj,adj"
of businesses,1,0.002,"other,noun"
businesses operating,1,0.002,"noun,noun"
operating within,1,0.002,"noun,other"
within one,1,0.002,"other,other"
one sign,1,0.002,"other,noun"
sign is,1,0.002,"noun,verb"
in cyrillic,1,0.002,"other,adj"
cyrillic script,1,0.002,"adj,noun"
script suggesting,1,0.002,"noun,verb"
the language,1,0.002,"other,noun"
language could,1,0.002,"noun,other"
be russian,1,0.002,"verb,adj"
russian or,1,0.002,"adj,other"
another slavic,1,0.002,"other,adj"
slavic tongue,1,0.002,"adj,noun"
tongue using,1,0.002,"noun,verb"
using a,1,0.002,"verb,other"
similar alphabet,1,0.002,"adj,noun"
alphabet the,1,0.002,"noun,other"
this sign,1,0.002,"other,noun"
sign reads,1,0.002,"noun,noun"
reads это,1,0.002,"noun,noun"
это педиатра,1,0.002,"noun,noun"
педиатра which,1,0.002,"noun,other"
which translates,1,0.002,"other,noun"
pediatrician in,1,0.002,"adj,other"
in english,1,0.002,"other,verb"
english indicating,1,0.002,"verb,verb"
pediatrician s,1,0.002,"adj,noun"
s office,1,0.002,"noun,noun"
office within,1,0.002,"noun,other"
building there,1,0.002,"noun,other"
other signs,1,0.002,"adj,noun"
signs with,1,0.002,"noun,other"
with similar,1,0.002,"other,adj"
script and,1,0.002,"noun,other"
colors but,1,0.002,"noun,other"
but the,1,0.002,"other,other"
on them,1,0.002,"other,other"
legible due,1,0.002,"adj,adj"
image resolution,1,0.002,"noun,noun"
resolution the,1,0.002,"noun,other"
people outside,1,0.002,"noun,adj"
house adds,1,0.002,"noun,verb"
scene suggesting,1,0.002,"noun,verb"
a bustling,1,0.002,"other,verb"
bustling village,1,0.002,"verb,verb"
village environment,1,0.002,"verb,noun"
environment the,1,0.002,"noun,other"
activities such,1,0.002,"noun,adj"
as walking,1,0.002,"other,verb"
walking or,1,0.002,"verb,other"
or conversing,1,0.002,"other,verb"
conversing the,1,0.002,"verb,other"
used vibrant,1,0.002,"adj,adj"
colors throughout,1,0.002,"noun,other"
art emphasizing,1,0.002,"noun,verb"
emphasizing bright,1,0.002,"verb,verb"
and cheerful,1,0.002,"other,adj"
cheerful hues,1,0.002,"adj,noun"
hues over,1,0.002,"noun,other"
over naturalistic,1,0.002,"other,adj"
naturalistic tones,1,0.002,"adj,noun"
matter evoke,1,0.002,"noun,verb"
and daily,1,0.002,"other,adv"
life typical,1,0.002,"noun,adj"
shared appears,1,0.002,"verb,verb"
stylized drawing,1,0.002,"verb,verb"
drawing or,1,0.002,"verb,other"
style room,1,0.002,"noun,noun"
room titled,1,0.002,"noun,verb"
titled small,1,0.002,"verb,adj"
used bold,1,0.002,"adj,verb"
vibrant scene,1,0.002,"adj,noun"
is open,1,0.002,"verb,adj"
interpretation here,1,0.002,"noun,adv"
details i,1,0.002,"noun,adj"
can observe,1,0.002,"other,noun"
observe there,1,0.002,"noun,other"
a tall,1,0.002,"other,adj"
tall curvy,1,0.002,"adj,noun"
curvy piece,1,0.002,"noun,noun"
furniture on,1,0.002,"noun,other"
side which,1,0.002,"verb,other"
a cabinet,1,0.002,"other,verb"
a hutch,1,0.002,"other,noun"
hutch with,1,0.002,"noun,other"
with drawers,1,0.002,"other,noun"
drawers or,1,0.002,"noun,other"
or shelves,1,0.002,"other,noun"
shelves given,1,0.002,"noun,verb"
its vertical,1,0.002,"other,adj"
vertical design,1,0.002,"adj,noun"
the suggestion,1,0.002,"other,noun"
of compartments,1,0.002,"other,noun"
compartments the,1,0.002,"noun,other"
features three,1,0.002,"noun,other"
three chairs,1,0.002,"other,noun"
chairs each,1,0.002,"noun,other"
each with,1,0.002,"other,other"
with unique,1,0.002,"other,adj"
unique designs,1,0.002,"adj,noun"
suggest comfort,1,0.002,"noun,noun"
flair the,1,0.002,"noun,other"
the one,1,0.002,"other,other"
one closest,1,0.002,"other,noun"
closest to,1,0.002,"noun,other"
us appears,1,0.002,"other,verb"
a curved,1,0.002,"other,verb"
curved back,1,0.002,"verb,adv"
two are,1,0.002,"other,verb"
abstract in,1,0.002,"adj,other"
in form,1,0.002,"other,noun"
form blending,1,0.002,"noun,noun"
blending into,1,0.002,"noun,other"
background slightly,1,0.002,"noun,adv"
slightly above,1,0.002,"adv,other"
chairs there,1,0.002,"noun,other"
painting or,1,0.002,"verb,other"
artwork hanging,1,0.002,"noun,verb"
wall it,1,0.002,"noun,other"
clear what,1,0.002,"adj,other"
its small,1,0.002,"other,adj"
small size,1,0.002,"adj,noun"
viewer within,1,0.002,"noun,other"
drawing on,1,0.002,"verb,other"
large round,1,0.002,"adj,noun"
round leaves,1,0.002,"noun,verb"
warm rosy,1,0.002,"adj,adj"
rosy color,1,0.002,"adj,noun"
room an,1,0.002,"noun,other"
an inviting,1,0.002,"other,verb"
it doesn,1,0.002,"other,verb"
doesn t,1,0.002,"verb,noun"
t aim,1,0.002,"noun,verb"
aim for,1,0.002,"verb,other"
instead uses,1,0.002,"adv,noun"
uses shapes,1,0.002,"noun,noun"
various pieces,1,0.002,"adj,noun"
furniture the,1,0.002,"noun,other"
expressionism which,1,0.002,"noun,other"
express emotion,1,0.002,"noun,noun"
emotion rather,1,0.002,"noun,adv"
than physical,1,0.002,"other,adj"
a whimsical,1,0.002,"other,adj"
whimsical and,1,0.002,"adj,other"
and dreamlike,1,0.002,"other,verb"
dreamlike scene,1,0.002,"verb,noun"
scene typical,1,0.002,"noun,adj"
rustic house,1,0.002,"adj,noun"
roof to,1,0.002,"noun,other"
house there,1,0.002,"noun,other"
an anthropomorphic,1,0.002,"other,adj"
anthropomorphic rooster,1,0.002,"adj,noun"
rooster holding,1,0.002,"noun,verb"
a hammer,1,0.002,"other,noun"
hammer in,1,0.002,"noun,other"
an umbrella,1,0.002,"other,adj"
umbrella in,1,0.002,"adj,other"
the rooster,1,0.002,"other,noun"
rooster appears,1,0.002,"noun,verb"
or play,1,0.002,"other,noun"
play around,1,0.002,"noun,other"
house above,1,0.002,"noun,other"
house a,1,0.002,"noun,other"
depicted seemingly,1,0.002,"verb,adv"
seemingly floating,1,0.002,"adv,verb"
flying with,1,0.002,"verb,other"
their arms,1,0.002,"other,noun"
arms outstretched,1,0.002,"noun,adj"
outstretched as,1,0.002,"adj,other"
if embracing,1,0.002,"other,verb"
embracing the,1,0.002,"verb,other"
s position,1,0.002,"noun,noun"
position and,1,0.002,"noun,other"
and gesture,1,0.002,"other,noun"
gesture add,1,0.002,"noun,adj"
surreal atmosphere,1,0.002,"adj,adv"
piece in,1,0.002,"noun,other"
two larger,1,0.002,"other,adj"
larger figures,1,0.002,"adj,noun"
that seem,1,0.002,"other,noun"
landscape rather,1,0.002,"noun,adv"
than interacting,1,0.002,"other,verb"
interacting directly,1,0.002,"verb,adv"
directly with,1,0.002,"adv,other"
or rooster,1,0.002,"other,noun"
rooster one,1,0.002,"noun,other"
one figure,1,0.002,"other,noun"
a ladder,1,0.002,"other,adj"
ladder at,1,0.002,"adj,other"
corner while,1,0.002,"noun,other"
profile to,1,0.002,"adj,other"
floating figure,1,0.002,"verb,noun"
figure these,1,0.002,"noun,other"
figures contribute,1,0.002,"noun,noun"
overall narrative,1,0.002,"adj,adj"
narrative but,1,0.002,"adj,other"
but their,1,0.002,"other,other"
their exact,1,0.002,"other,adj"
exact actions,1,0.002,"adj,noun"
actions or,1,0.002,"noun,other"
or intentions,1,0.002,"other,noun"
intentions are,1,0.002,"noun,verb"
are open,1,0.002,"verb,adj"
interpretation the,1,0.002,"noun,other"
and roofs,1,0.002,"other,noun"
roofs contrasting,1,0.002,"noun,verb"
the earth,1,0.002,"other,noun"
house and,1,0.002,"noun,other"
and figures,1,0.002,"other,noun"
of heavy,1,0.002,"other,adj"
heavy application,1,0.002,"adj,noun"
application that,1,0.002,"noun,other"
this textural,1,0.002,"other,adj"
quality along,1,0.002,"noun,other"
surreal imagery,1,0.002,"adj,noun"
imagery is,1,0.002,"noun,verb"
for blending,1,0.002,"other,noun"
blending reality,1,0.002,"noun,noun"
reality and,1,0.002,"noun,other"
and fantasy,1,0.002,"other,adj"
fantasy in,1,0.002,"adj,other"
his artistic,1,0.002,"other,adj"
chagall and,1,0.002,"verb,other"
is named,1,0.002,"verb,verb"
named burning,1,0.002,"verb,verb"
s expressionist,1,0.002,"noun,verb"
style here,1,0.002,"noun,adv"
here s,1,0.002,"adv,noun"
detailed description,1,0.002,"adj,noun"
description in,1,0.002,"noun,other"
image stands,1,0.002,"noun,verb"
be on,1,0.002,"verb,other"
on fire,1,0.002,"other,noun"
fire with,1,0.002,"noun,other"
with flames,1,0.002,"other,noun"
flames engulfing,1,0.002,"noun,verb"
engulfing its,1,0.002,"verb,other"
its structure,1,0.002,"other,noun"
structure the,1,0.002,"noun,other"
rustic charm,1,0.002,"adj,noun"
charm with,1,0.002,"noun,other"
visible windows,1,0.002,"adj,noun"
door above,1,0.002,"noun,other"
door is,1,0.002,"noun,verb"
a sign,1,0.002,"other,noun"
sign or,1,0.002,"noun,other"
or board,1,0.002,"other,noun"
a heart,1,0.002,"other,noun"
heart symbol,1,0.002,"noun,verb"
symbol on,1,0.002,"verb,other"
it perhaps,1,0.002,"other,adv"
perhaps indicating,1,0.002,"adv,verb"
the love,1,0.002,"other,verb"
love or,1,0.002,"verb,other"
or warmth,1,0.002,"other,noun"
warmth within,1,0.002,"noun,other"
this home,1,0.002,"other,verb"
home a,1,0.002,"verb,other"
blue clothing,1,0.002,"noun,verb"
standing outside,1,0.002,"verb,adj"
house seemingly,1,0.002,"noun,adv"
seemingly observing,1,0.002,"adv,verb"
the fire,1,0.002,"other,noun"
fire from,1,0.002,"noun,other"
a safe,1,0.002,"other,adj"
safe distance,1,0.002,"adj,noun"
distance his,1,0.002,"noun,other"
or disbelief,1,0.002,"other,noun"
disbelief to,1,0.002,"noun,other"
bird possibly,1,0.002,"noun,adv"
an eagle,1,0.002,"other,noun"
eagle is,1,0.002,"noun,verb"
depicted flying,1,0.002,"verb,verb"
flying towards,1,0.002,"verb,noun"
bird s,1,0.002,"noun,noun"
symbolize freedom,1,0.002,"verb,noun"
freedom or,1,0.002,"noun,other"
or escape,1,0.002,"other,noun"
escape on,1,0.002,"noun,other"
painting another,1,0.002,"verb,other"
present this,1,0.002,"adj,other"
character appears,1,0.002,"noun,verb"
be more,1,0.002,"verb,adv"
more fantastical,1,0.002,"adv,adj"
fantastical with,1,0.002,"adj,other"
with animal,1,0.002,"other,adj"
animal like,1,0.002,"adj,other"
features possibly,1,0.002,"noun,adv"
representing some,1,0.002,"verb,other"
some form,1,0.002,"other,noun"
of guardian,1,0.002,"other,adj"
guardian or,1,0.002,"adj,other"
or mythical,1,0.002,"other,adj"
mythical creature,1,0.002,"adj,noun"
creature in,1,0.002,"noun,other"
foreground on,1,0.002,"noun,other"
cow can,1,0.002,"adj,other"
seen grazing,1,0.002,"verb,adj"
grazing peacefully,1,0.002,"adj,adv"
peacefully despite,1,0.002,"adv,other"
the chaos,1,0.002,"other,noun"
chaos surrounding,1,0.002,"noun,verb"
the cow,1,0.002,"other,adj"
pastoral life,1,0.002,"adj,noun"
symbolize sustenance,1,0.002,"verb,noun"
sustenance or,1,0.002,"noun,other"
or earthly,1,0.002,"other,adv"
earthly existence,1,0.002,"adv,noun"
existence the,1,0.002,"noun,other"
into one,1,0.002,"other,other"
one another,1,0.002,"other,other"
another creating,1,0.002,"other,verb"
atmosphere yellows,1,0.002,"adv,noun"
yellows reds,1,0.002,"noun,verb"
blues are,1,0.002,"noun,verb"
prominent contributing,1,0.002,"noun,verb"
overall expressive,1,0.002,"adj,adj"
way figures,1,0.002,"noun,noun"
exaggerated shapes,1,0.002,"adj,noun"
colors often,1,0.002,"noun,adv"
often outside,1,0.002,"adv,adj"
the confines,1,0.002,"other,noun"
confines of,1,0.002,"noun,other"
of realistic,1,0.002,"other,adj"
approach allows,1,0.002,"noun,verb"
allows chagall,1,0.002,"verb,verb"
chagall to,1,0.002,"verb,other"
emotions and,1,0.002,"noun,other"
and ideas,1,0.002,"other,noun"
ideas that,1,0.002,"noun,other"
might otherwise,1,0.002,"other,adv"
be difficult,1,0.002,"verb,adj"
house can,1,0.002,"noun,other"
for various,1,0.002,"other,adj"
various themes,1,0.002,"adj,noun"
as love,1,0.002,"other,verb"
love lost,1,0.002,"verb,verb"
lost or,1,0.002,"verb,other"
or societal,1,0.002,"other,adj"
societal upheaval,1,0.002,"adj,noun"
scene inside,1,0.002,"noun,other"
inside a,1,0.002,"other,other"
a barber,1,0.002,"other,noun"
barber shop,1,0.002,"noun,noun"
shop as,1,0.002,"noun,other"
title barber,1,0.002,"noun,noun"
barber s,1,0.002,"noun,noun"
s shop,1,0.002,"noun,noun"
shop uncle,1,0.002,"noun,adj"
uncle zusman,1,0.002,"adj,noun"
zusman by,1,0.002,"noun,other"
chagall in,1,0.002,"verb,other"
primitivism in,1,0.002,"noun,other"
elderly man,1,0.002,"adv,noun"
man seated,1,0.002,"noun,verb"
chair facing,1,0.002,"noun,verb"
us towards,1,0.002,"other,noun"
large mirror,1,0.002,"adj,noun"
mirror that,1,0.002,"noun,other"
that occupies,1,0.002,"other,noun"
occupies a,1,0.002,"noun,other"
wall behind,1,0.002,"noun,other"
behind him,1,0.002,"other,other"
him the,1,0.002,"other,other"
man appears,1,0.002,"noun,verb"
possibly waiting,1,0.002,"adv,verb"
waiting for,1,0.002,"verb,other"
his haircut,1,0.002,"other,adj"
haircut the,1,0.002,"adj,other"
room has,1,0.002,"noun,verb"
vintage feel,1,0.002,"noun,verb"
feel with,1,0.002,"verb,other"
its decor,1,0.002,"other,noun"
decor and,1,0.002,"noun,other"
and furnishings,1,0.002,"other,noun"
furnishings a,1,0.002,"noun,other"
wooden cabinet,1,0.002,"adj,verb"
or wardrobe,1,0.002,"other,noun"
wardrobe stands,1,0.002,"noun,verb"
stands to,1,0.002,"verb,other"
side adorned,1,0.002,"verb,verb"
various items,1,0.002,"adj,noun"
items including,1,0.002,"noun,verb"
like hats,1,0.002,"other,noun"
hats and,1,0.002,"noun,other"
perhaps other,1,0.002,"adv,adj"
other personal,1,0.002,"adj,adj"
personal belongings,1,0.002,"adj,noun"
belongings there,1,0.002,"noun,other"
or portraits,1,0.002,"other,noun"
portraits on,1,0.002,"noun,other"
wall adding,1,0.002,"noun,verb"
well lived,1,0.002,"adv,verb"
lived space,1,0.002,"verb,noun"
floor is,1,0.002,"noun,verb"
is covered,1,0.002,"verb,verb"
area rug,1,0.002,"noun,adj"
rug that,1,0.002,"adj,other"
inviting with,1,0.002,"verb,other"
often aims,1,0.002,"adv,verb"
the innocence,1,0.002,"other,noun"
purity of,1,0.002,"noun,other"
s vision,1,0.002,"noun,noun"
vision this,1,0.002,"noun,other"
approach gives,1,0.002,"noun,verb"
almost dreamlike,1,0.002,"adv,verb"
quality with,1,0.002,"noun,other"
both familiar,1,0.002,"other,adj"
familiar and,1,0.002,"adj,other"
fantastical at,1,0.002,"adj,other"
same time,1,0.002,"adj,noun"
large pendulum,1,0.002,"adj,noun"
pendulum clock,1,0.002,"noun,noun"
clock painted,1,0.002,"noun,verb"
clock has,1,0.002,"noun,verb"
prominent face,1,0.002,"noun,verb"
with roman,1,0.002,"other,adj"
roman numerals,1,0.002,"adj,noun"
numerals marking,1,0.002,"noun,verb"
marking the,1,0.002,"verb,other"
the hours,1,0.002,"other,noun"
hours and,1,0.002,"noun,other"
design around,1,0.002,"noun,other"
around its,1,0.002,"other,other"
its perimeter,1,0.002,"other,noun"
perimeter it,1,0.002,"noun,other"
also displays,1,0.002,"adv,noun"
smaller dial,1,0.002,"adj,adj"
dial at,1,0.002,"adj,other"
bottom possibly,1,0.002,"noun,adv"
indicating seconds,1,0.002,"verb,verb"
seconds above,1,0.002,"verb,other"
clock face,1,0.002,"noun,verb"
face are,1,0.002,"verb,verb"
two ornate,1,0.002,"other,verb"
ornate arms,1,0.002,"verb,noun"
arms that,1,0.002,"noun,other"
that likely,1,0.002,"other,adj"
likely move,1,0.002,"adj,other"
move to,1,0.002,"other,other"
to show,1,0.002,"other,noun"
show the,1,0.002,"noun,other"
time on,1,0.002,"noun,other"
main dial,1,0.002,"adj,adj"
dial the,1,0.002,"adj,other"
soft yellow,1,0.002,"adj,adj"
yellow hue,1,0.002,"adj,verb"
hue providing,1,0.002,"verb,verb"
darker colors,1,0.002,"noun,noun"
clock s,1,0.002,"noun,noun"
s details,1,0.002,"noun,noun"
clock there,1,0.002,"noun,other"
are architectural,1,0.002,"verb,adj"
with columns,1,0.002,"other,noun"
columns and,1,0.002,"noun,other"
side features,1,0.002,"verb,noun"
curtains allowing,1,0.002,"noun,verb"
allowing a,1,0.002,"verb,other"
glimpse into,1,0.002,"adj,other"
into another,1,0.002,"other,other"
another room,1,0.002,"other,noun"
room to,1,0.002,"noun,other"
panel is,1,0.002,"noun,verb"
visible decorated,1,0.002,"adj,verb"
decorated with,1,0.002,"verb,other"
corner in,1,0.002,"noun,other"
genre s,1,0.002,"noun,noun"
s characteristic,1,0.002,"noun,adj"
characteristic simplicity,1,0.002,"adj,noun"
directness the,1,0.002,"noun,other"
nostalgia and,1,0.002,"adj,other"
and whimsy,1,0.002,"other,verb"
whimsy typical,1,0.002,"verb,adj"
genre and,1,0.002,"noun,other"
scene appears,1,0.002,"noun,verb"
be drawn,1,0.002,"verb,noun"
personal or,1,0.002,"adj,other"
or imagined,1,0.002,"other,verb"
imagined narrative,1,0.002,"verb,adj"
narrative rather,1,0.002,"adj,adv"
than depicting,1,0.002,"other,noun"
an objective,1,0.002,"other,adj"
objective reality,1,0.002,"adj,noun"
stylized equestrian,1,0.002,"verb,adj"
equestrian scene,1,0.002,"adj,noun"
been interpreted,1,0.002,"verb,verb"
and love,1,0.002,"other,verb"
red who,1,0.002,"adj,other"
be riding,1,0.002,"verb,verb"
riding a,1,0.002,"verb,other"
floral decorations,1,0.002,"adj,noun"
decorations on,1,0.002,"noun,other"
its head,1,0.002,"other,noun"
s left,1,0.002,"noun,verb"
raised high,1,0.002,"verb,adj"
high holding,1,0.002,"adj,verb"
apple or,1,0.002,"noun,other"
similar fruit,1,0.002,"adj,noun"
fruit which,1,0.002,"noun,other"
the temptation,1,0.002,"other,noun"
temptation of,1,0.002,"noun,other"
adam by,1,0.002,"noun,other"
by eve,1,0.002,"other,verb"
eve or,1,0.002,"verb,other"
or could,1,0.002,"other,other"
simple gift,1,0.002,"noun,noun"
gift of,1,0.002,"noun,other"
and companionship,1,0.002,"other,noun"
companionship in,1,0.002,"noun,other"
horse there,1,0.002,"noun,other"
gloves seemingly,1,0.002,"noun,adv"
seemingly guiding,1,0.002,"adv,verb"
guiding the,1,0.002,"verb,other"
horse by,1,0.002,"noun,other"
its reins,1,0.002,"other,noun"
reins the,1,0.002,"noun,other"
explicitly defined,1,0.002,"adv,adj"
but has,1,0.002,"other,verb"
quality reminiscent,1,0.002,"noun,adj"
landscape suggesting,1,0.002,"noun,verb"
or skyline,1,0.002,"other,noun"
skyline at,1,0.002,"noun,other"
is naïve,1,0.002,"verb,noun"
perspective that,1,0.002,"adj,other"
childlike simplicity,1,0.002,"verb,noun"
dress draws,1,0.002,"noun,verb"
composition has,1,0.002,"noun,verb"
an airy,1,0.002,"other,adj"
airy dream,1,0.002,"adj,noun"
with chagall,1,0.002,"other,verb"
interpreted from,1,0.002,"verb,other"
story of,1,0.002,"noun,other"
joseph and,1,0.002,"verb,other"
and potiphar,1,0.002,"other,noun"
wife in,1,0.002,"noun,other"
in genesis,1,0.002,"other,noun"
genesis the,1,0.002,"noun,other"
reclining and,1,0.002,"verb,other"
be male,1,0.002,"verb,noun"
male dressed,1,0.002,"noun,verb"
garment resembling,1,0.002,"noun,verb"
resembling classical,1,0.002,"verb,adj"
classical or,1,0.002,"adj,other"
biblical attire,1,0.002,"adj,noun"
he could,1,0.002,"other,other"
represent joseph,1,0.002,"verb,verb"
joseph on,1,0.002,"verb,other"
stands another,1,0.002,"verb,other"
figure presumably,1,0.002,"noun,adv"
presumably female,1,0.002,"adv,adj"
female dressed,1,0.002,"adj,verb"
long garment,1,0.002,"adj,noun"
might imply,1,0.002,"other,adj"
more modesty,1,0.002,"adv,verb"
modesty fitting,1,0.002,"verb,verb"
biblical setting,1,0.002,"adj,verb"
setting representing,1,0.002,"verb,verb"
representing potiphar,1,0.002,"verb,noun"
wife the,1,0.002,"noun,other"
primitivism with,1,0.002,"noun,other"
somewhat simplified,1,0.002,"adv,adj"
forms compared,1,0.002,"noun,verb"
traditional academic,1,0.002,"adj,adj"
academic art,1,0.002,"adj,noun"
not depicted,1,0.002,"adv,verb"
with highly,1,0.002,"other,adv"
rather in,1,0.002,"adv,other"
conveys emotion,1,0.002,"noun,noun"
narrative through,1,0.002,"adj,other"
through broad,1,0.002,"other,adj"
as textiles,1,0.002,"other,noun"
textiles or,1,0.002,"noun,other"
drapery suggesting,1,0.002,"noun,verb"
a space,1,0.002,"other,noun"
space where,1,0.002,"noun,other"
the events,1,0.002,"other,noun"
events of,1,0.002,"noun,other"
story are,1,0.002,"noun,verb"
are taking,1,0.002,"verb,verb"
taking place,1,0.002,"verb,noun"
narrative being,1,0.002,"adj,verb"
being portrayed,1,0.002,"verb,verb"
of genre,1,0.002,"other,noun"
falls into,1,0.002,"verb,other"
into religious,1,0.002,"other,adj"
religious or,1,0.002,"adj,other"
historical painting,1,0.002,"adj,verb"
painting due,1,0.002,"verb,adj"
known biblical,1,0.002,"verb,adj"
biblical narrative,1,0.002,"adj,adj"
artwork indicating,1,0.002,"noun,verb"
his authorship,1,0.002,"other,noun"
authorship and,1,0.002,"noun,other"
a pastoral,1,0.002,"other,adj"
figure known,1,0.002,"noun,verb"
as joseph,1,0.002,"other,verb"
joseph depicted,1,0.002,"verb,verb"
shepherd he,1,0.002,"noun,other"
a crook,1,0.002,"other,verb"
crook which,1,0.002,"verb,other"
traditional tool,1,0.002,"adj,noun"
tool used,1,0.002,"noun,adj"
by shepherds,1,0.002,"other,noun"
shepherds to,1,0.002,"noun,other"
to guide,1,0.002,"other,noun"
guide or,1,0.002,"noun,other"
or herd,1,0.002,"other,verb"
herd animals,1,0.002,"verb,noun"
animals joseph,1,0.002,"noun,verb"
joseph is,1,0.002,"verb,verb"
simple headband,1,0.002,"noun,noun"
headband and,1,0.002,"noun,other"
off into,1,0.002,"other,other"
distance beside,1,0.002,"noun,noun"
white goat,1,0.002,"adj,noun"
goat looking,1,0.002,"noun,verb"
looking calmly,1,0.002,"verb,adj"
calmly in,1,0.002,"adj,other"
his direction,1,0.002,"other,noun"
showcases a,1,0.002,"verb,other"
green hillside,1,0.002,"adj,adj"
hillside dotted,1,0.002,"adj,verb"
and bushes,1,0.002,"other,noun"
bushes suggesting,1,0.002,"noun,verb"
s daily,1,0.002,"noun,adv"
shepherd the,1,0.002,"noun,other"
typical features,1,0.002,"adj,noun"
genre focuses,1,0.002,"noun,noun"
pastoral scenes,1,0.002,"adj,noun"
everyday subjects,1,0.002,"adj,noun"
often with,1,0.002,"adv,other"
over intricate,1,0.002,"other,noun"
intricate detail,1,0.002,"noun,noun"
tranquil moment,1,0.002,"noun,noun"
in joseph,1,0.002,"other,verb"
shepherd surrounded,1,0.002,"noun,verb"
a surreal,1,0.002,"other,adj"
surreal scene,1,0.002,"adj,noun"
a flayed,1,0.002,"other,verb"
ox with,1,0.002,"adj,other"
skin removed,1,0.002,"noun,verb"
removed to,1,0.002,"verb,other"
reveal the,1,0.002,"verb,other"
the muscle,1,0.002,"other,verb"
muscle and,1,0.002,"verb,other"
and tissue,1,0.002,"other,verb"
tissue beneath,1,0.002,"verb,noun"
animal is,1,0.002,"adj,verb"
upright on,1,0.002,"adj,other"
its hind,1,0.002,"other,noun"
hind legs,1,0.002,"noun,noun"
almost human,1,0.002,"adv,adj"
like posture,1,0.002,"other,noun"
posture above,1,0.002,"noun,other"
the ox,1,0.002,"other,adj"
ox there,1,0.002,"adj,other"
with stars,1,0.002,"other,noun"
possibly celestial,1,0.002,"adv,adj"
bodies adding,1,0.002,"noun,verb"
environment is,1,0.002,"noun,verb"
is that,1,0.002,"verb,other"
village under,1,0.002,"verb,other"
under snow,1,0.002,"other,verb"
snow as,1,0.002,"verb,other"
the roofs,1,0.002,"other,noun"
roofs covered,1,0.002,"noun,verb"
architecture suggests,1,0.002,"noun,verb"
a european,1,0.002,"other,adj"
european setting,1,0.002,"adj,verb"
setting reminiscent,1,0.002,"verb,adj"
s native,1,0.002,"noun,adj"
native russia,1,0.002,"adj,noun"
russia there,1,0.002,"noun,other"
are human,1,0.002,"verb,adj"
figures scattered,1,0.002,"noun,verb"
image one,1,0.002,"noun,other"
one near,1,0.002,"other,other"
top appears,1,0.002,"adj,verb"
be floating,1,0.002,"verb,verb"
flying above,1,0.002,"verb,other"
scene while,1,0.002,"noun,other"
of surrealism,1,0.002,"other,noun"
surrealism with,1,0.002,"noun,other"
of symbolic,1,0.002,"other,adj"
symbolic and,1,0.002,"adj,other"
and dream,1,0.002,"other,noun"
like imagery,1,0.002,"other,noun"
imagery that,1,0.002,"noun,other"
challenges reality,1,0.002,"noun,noun"
reality as,1,0.002,"noun,other"
as we,1,0.002,"other,other"
we know,1,0.002,"other,adj"
know it,1,0.002,"adj,other"
the flayed,1,0.002,"other,verb"
ox standing,1,0.002,"adj,verb"
profile presented,1,0.002,"adj,verb"
realistic yet,1,0.002,"adj,adv"
yet stylized,1,0.002,"adv,verb"
primitivism style,1,0.002,"noun,noun"
style she,1,0.002,"noun,other"
red blouse,1,0.002,"adj,other"
and holds,1,0.002,"other,verb"
includes roses,1,0.002,"verb,verb"
and pansies,1,0.002,"other,noun"
pansies her,1,0.002,"noun,other"
side in,1,0.002,"verb,other"
bird with,1,0.002,"noun,other"
long neck,1,0.002,"adj,noun"
and tail,1,0.002,"other,noun"
tail feathers,1,0.002,"noun,noun"
feathers suggesting,1,0.002,"noun,verb"
an ostrich,1,0.002,"other,adj"
ostrich or,1,0.002,"adj,other"
another large,1,0.002,"other,adj"
bird given,1,0.002,"noun,verb"
elongated form,1,0.002,"verb,noun"
quite vibrant,1,0.002,"adv,adj"
greens creating,1,0.002,"noun,verb"
lively composition,1,0.002,"adv,noun"
s graceful,1,0.002,"noun,noun"
graceful posture,1,0.002,"noun,noun"
surrealistic scene,1,0.002,"adj,noun"
scene rich,1,0.002,"noun,adj"
elements as,1,0.002,"noun,other"
of marc,1,0.002,"other,verb"
has the,1,0.002,"verb,other"
human woman,1,0.002,"adj,noun"
flowing clothing,1,0.002,"verb,verb"
clothing adorned,1,0.002,"verb,verb"
horse s,1,0.002,"noun,noun"
head appears,1,0.002,"noun,verb"
be that,1,0.002,"verb,other"
actual horse,1,0.002,"adj,noun"
horse adding,1,0.002,"noun,verb"
scene 1,1,0.002,"noun,other"
1 there,1,0.002,"other,other"
two human,1,0.002,"other,adj"
horsewoman one,1,0.002,"verb,other"
one appears,1,0.002,"other,verb"
hat possibly,1,0.002,"other,adv"
a clergyman,1,0.002,"other,noun"
clergyman or,1,0.002,"noun,other"
another authority,1,0.002,"other,noun"
authority figure,1,0.002,"noun,noun"
from chagall,1,0.002,"other,verb"
s russian,1,0.002,"noun,adj"
russian heritage,1,0.002,"adj,noun"
heritage the,1,0.002,"noun,other"
less clear,1,0.002,"adj,adj"
but seems,1,0.002,"other,verb"
hair perhaps,1,0.002,"adj,adv"
purity 2,1,0.002,"noun,other"
2 various,1,0.002,"other,adj"
as birds,1,0.002,"other,noun"
birds and,1,0.002,"noun,other"
and fish,1,0.002,"other,adj"
fish are,1,0.002,"adj,verb"
suggesting themes,1,0.002,"verb,noun"
of flight,1,0.002,"other,noun"
flight and,1,0.002,"noun,other"
and aquatic,1,0.002,"other,adj"
aquatic life,1,0.002,"adj,noun"
often appear,1,0.002,"adv,verb"
appear in,1,0.002,"verb,other"
work representing,1,0.002,"verb,verb"
representing freedom,1,0.002,"verb,noun"
freedom and,1,0.002,"noun,other"
and spirituality,1,0.002,"other,adj"
spirituality 3,1,0.002,"adj,other"
3 there,1,0.002,"other,other"
a starry,1,0.002,"other,noun"
starry sky,1,0.002,"noun,adj"
above with,1,0.002,"other,other"
the moon,1,0.002,"other,noun"
moon visible,1,0.002,"noun,adj"
of stars,1,0.002,"other,noun"
and celestial,1,0.002,"other,adj"
bodies is,1,0.002,"noun,verb"
s art,1,0.002,"noun,noun"
art signifying,1,0.002,"noun,noun"
signifying hope,1,0.002,"noun,noun"
and inspiration,1,0.002,"other,noun"
inspiration 4,1,0.002,"noun,other"
4 other,1,0.002,"other,adj"
objects like,1,0.002,"noun,other"
like clocks,1,0.002,"other,verb"
clocks and,1,0.002,"verb,other"
and musical,1,0.002,"other,adj"
musical notes,1,0.002,"adj,noun"
notes can,1,0.002,"noun,other"
found which,1,0.002,"verb,other"
the passage,1,0.002,"other,noun"
passage of,1,0.002,"noun,other"
of time,1,0.002,"other,noun"
the harmony,1,0.002,"other,noun"
elements clocks,1,0.002,"noun,verb"
clocks are,1,0.002,"verb,verb"
a recurring,1,0.002,"other,verb"
recurring motif,1,0.002,"verb,noun"
work often,1,0.002,"verb,adv"
often implying,1,0.002,"adv,verb"
implying the,1,0.002,"verb,other"
fleeting nature,1,0.002,"verb,adj"
of existence,1,0.002,"other,noun"
existence or,1,0.002,"noun,other"
of living,1,0.002,"other,noun"
living in,1,0.002,"noun,other"
horsewoman and,1,0.002,"verb,other"
artwork and,1,0.002,"noun,other"
and draws,1,0.002,"other,verb"
to specific,1,0.002,"other,adj"
specific elements,1,0.002,"adj,noun"
energy throughout,1,0.002,"noun,other"
named doña,1,0.002,"verb,noun"
doña rosita,1,0.002,"noun,noun"
rosita morillo,1,0.002,"noun,noun"
morillo rendered,1,0.002,"noun,verb"
primitivism this,1,0.002,"noun,other"
by simplicity,1,0.002,"other,noun"
directness often,1,0.002,"noun,adv"
prominent with,1,0.002,"noun,other"
vivid tones,1,0.002,"other,noun"
expressive presence,1,0.002,"adj,noun"
presence she,1,0.002,"noun,other"
be older,1,0.002,"verb,adj"
older with,1,0.002,"adj,other"
face as,1,0.002,"verb,other"
gazes forward,1,0.002,"verb,adv"
forward the,1,0.002,"adv,other"
a task,1,0.002,"other,noun"
task that,1,0.002,"noun,other"
that involves,1,0.002,"other,verb"
involves thread,1,0.002,"verb,verb"
thread or,1,0.002,"verb,other"
or yarn,1,0.002,"other,adv"
yarn as,1,0.002,"adv,other"
the item,1,0.002,"other,noun"
wears is,1,0.002,"noun,verb"
yet distinct,1,0.002,"adv,adj"
distinct featuring,1,0.002,"adj,noun"
featuring earthy,1,0.002,"noun,noun"
earthy colors,1,0.002,"noun,noun"
way she,1,0.002,"noun,other"
object suggest,1,0.002,"adj,noun"
be working,1,0.002,"verb,verb"
something perhaps,1,0.002,"noun,adv"
perhaps related,1,0.002,"adv,adj"
to textile,1,0.002,"other,noun"
textile crafts,1,0.002,"noun,noun"
crafts given,1,0.002,"noun,verb"
thread the,1,0.002,"verb,other"
and cacti,1,0.002,"other,noun"
cacti adding,1,0.002,"noun,verb"
plants are,1,0.002,"noun,verb"
figure their,1,0.002,"noun,other"
colors echoing,1,0.002,"noun,verb"
also providing,1,0.002,"adv,verb"
contrast overall,1,0.002,"noun,adj"
and dignity,1,0.002,"other,noun"
dignity focusing,1,0.002,"noun,verb"
person rather,1,0.002,"noun,adv"
than any,1,0.002,"other,other"
any external,1,0.002,"other,adj"
external details,1,0.002,"adj,noun"
of folk,1,0.002,"other,verb"
on storytelling,1,0.002,"other,verb"
storytelling through,1,0.002,"verb,other"
through images,1,0.002,"other,noun"
s worth,1,0.002,"noun,adj"
worth noting,1,0.002,"adj,verb"
noting that,1,0.002,"verb,other"
by frida,1,0.002,"other,verb"
kahlo an,1,0.002,"adj,other"
her self,1,0.002,"other,other"
self portraits,1,0.002,"other,noun"
and works,1,0.002,"other,verb"
often reflect,1,0.002,"adv,verb"
reflect her,1,0.002,"verb,other"
her personal,1,0.002,"other,adj"
personal experiences,1,0.002,"adj,noun"
experiences and,1,0.002,"noun,other"
and mexican,1,0.002,"other,adj"
mexican culture,1,0.002,"adj,noun"
life composition,1,0.002,"noun,noun"
composition as,1,0.002,"noun,other"
with parrot,1,0.002,"other,noun"
parrot the,1,0.002,"noun,other"
and lack,1,0.002,"other,noun"
perspective or,1,0.002,"adj,other"
or proportion,1,0.002,"other,noun"
proportion typical,1,0.002,"noun,adj"
typical to,1,0.002,"adj,other"
to more,1,0.002,"other,adv"
more conventional,1,0.002,"adv,adj"
conventional art,1,0.002,"adj,noun"
fruits arranged,1,0.002,"noun,verb"
a tabletop,1,0.002,"other,noun"
tabletop there,1,0.002,"noun,other"
two halves,1,0.002,"other,noun"
halves of,1,0.002,"noun,other"
watermelon one,1,0.002,"adj,other"
other filled,1,0.002,"adj,verb"
with juicy,1,0.002,"other,noun"
juicy red,1,0.002,"noun,adj"
red flesh,1,0.002,"adj,adj"
flesh and,1,0.002,"adj,other"
and seeds,1,0.002,"other,noun"
seeds scattered,1,0.002,"noun,verb"
throughout a,1,0.002,"other,other"
single lemon,1,0.002,"adj,adj"
lemon round,1,0.002,"adj,noun"
round in,1,0.002,"noun,other"
in shape,1,0.002,"other,noun"
shape with,1,0.002,"noun,other"
yellow peel,1,0.002,"adj,noun"
peel sits,1,0.002,"noun,noun"
sits next,1,0.002,"noun,adj"
the watermelons,1,0.002,"other,noun"
watermelons in,1,0.002,"noun,other"
in addition,1,0.002,"other,noun"
addition there,1,0.002,"noun,other"
orange that,1,0.002,"noun,other"
split open,1,0.002,"noun,adj"
open revealing,1,0.002,"adj,verb"
revealing its,1,0.002,"verb,other"
rich colorful,1,0.002,"adj,adj"
colorful fruit,1,0.002,"adj,noun"
fruit inside,1,0.002,"noun,other"
inside on,1,0.002,"other,other"
the watermelon,1,0.002,"other,adj"
watermelon halves,1,0.002,"adj,noun"
halves there,1,0.002,"noun,other"
green parrot,1,0.002,"adj,noun"
parrot perched,1,0.002,"noun,verb"
perched adding,1,0.002,"verb,verb"
has bright,1,0.002,"verb,verb"
bright plumage,1,0.002,"verb,noun"
plumage with,1,0.002,"noun,other"
blue on,1,0.002,"noun,other"
its wings,1,0.002,"other,noun"
wings which,1,0.002,"noun,other"
its body,1,0.002,"other,noun"
fruit beneath,1,0.002,"noun,noun"
color providing,1,0.002,"noun,verb"
providing no,1,0.002,"verb,other"
no additional,1,0.002,"other,adj"
or distraction,1,0.002,"other,noun"
distraction from,1,0.002,"noun,other"
simplicity reinforces,1,0.002,"noun,noun"
reinforces the,1,0.002,"noun,other"
and parrot,1,0.002,"other,noun"
parrot emphasizing,1,0.002,"noun,verb"
shapes colors,1,0.002,"noun,noun"
textures the,1,0.002,"noun,other"
its unpolished,1,0.002,"other,verb"
unpolished and,1,0.002,"verb,other"
somewhat childlike,1,0.002,"adv,verb"
childlike quality,1,0.002,"verb,noun"
quality gives,1,0.002,"noun,verb"
unique charm,1,0.002,"adj,noun"
charm and,1,0.002,"noun,other"
innocence that,1,0.002,"noun,other"
various slices,1,0.002,"adj,noun"
slices and,1,0.002,"noun,other"
and sections,1,0.002,"other,noun"
watermelon with,1,0.002,"adj,other"
colorful palette,1,0.002,"adj,noun"
of frida,1,0.002,"other,verb"
s naive,1,0.002,"noun,adj"
naive art,1,0.002,"adj,noun"
primitivist style,1,0.002,"verb,noun"
vivid reds,1,0.002,"other,verb"
greens of,1,0.002,"noun,other"
fruit depicted,1,0.002,"noun,verb"
simple brush,1,0.002,"noun,noun"
art techniques,1,0.002,"noun,noun"
title viva,1,0.002,"noun,other"
viva la,1,0.002,"other,noun"
la vida,1,0.002,"noun,noun"
vida watermelons,1,0.002,"noun,noun"
watermelons is,1,0.002,"noun,verb"
cursive script,1,0.002,"adj,noun"
script on,1,0.002,"noun,other"
on two,1,0.002,"other,other"
two separate,1,0.002,"other,adj"
separate pieces,1,0.002,"adj,noun"
fruit emphasizing,1,0.002,"noun,verb"
life affirming,1,0.002,"noun,noun"
affirming theme,1,0.002,"noun,adj"
theme often,1,0.002,"adj,adv"
often found,1,0.002,"adv,verb"
in kahlo,1,0.002,"other,adj"
colors evoke,1,0.002,"noun,verb"
of celebration,1,0.002,"other,noun"
celebration and,1,0.002,"noun,other"
of edgar,1,0.002,"other,verb"
with ruffled,1,0.002,"other,verb"
ruffled details,1,0.002,"verb,noun"
details around,1,0.002,"noun,other"
neckline she,1,0.002,"adj,other"
collar or,1,0.002,"noun,other"
or ruffle,1,0.002,"other,noun"
ruffle on,1,0.002,"noun,other"
minimal but,1,0.002,"adj,other"
but suggests,1,0.002,"other,verb"
warm tone,1,0.002,"adj,noun"
both subtle,1,0.002,"other,adj"
and evocative,1,0.002,"other,adj"
evocative of,1,0.002,"adj,other"
of mood,1,0.002,"other,noun"
mood which,1,0.002,"noun,other"
for degas,1,0.002,"other,noun"
study for,1,0.002,"verb,other"
larger work,1,0.002,"adj,verb"
work that,1,0.002,"verb,other"
never completed,1,0.002,"adv,verb"
completed titled,1,0.002,"verb,verb"
titled semiramis,1,0.002,"verb,adj"
babylon it,1,0.002,"noun,other"
sketchy lines,1,0.002,"adj,noun"
suggest form,1,0.002,"noun,noun"
majestic horse,1,0.002,"adj,noun"
a riverbank,1,0.002,"other,noun"
riverbank or,1,0.002,"noun,other"
are partially,1,0.002,"verb,adv"
obscured and,1,0.002,"verb,other"
and not,1,0.002,"other,adv"
fully detailed,1,0.002,"adv,adj"
detailed which,1,0.002,"adj,other"
an unfinished,1,0.002,"other,verb"
unfinished quality,1,0.002,"verb,noun"
quality these,1,0.002,"noun,other"
figures seem,1,0.002,"noun,noun"
represent individuals,1,0.002,"verb,noun"
individuals from,1,0.002,"noun,other"
times the,1,0.002,"noun,other"
the inclusion,1,0.002,"other,noun"
inclusion of,1,0.002,"noun,other"
figures along,1,0.002,"noun,other"
title semiramis,1,0.002,"noun,adj"
babylon hints,1,0.002,"noun,noun"
hints at,1,0.002,"noun,other"
narrative involving,1,0.002,"adj,verb"
involving historical,1,0.002,"verb,adj"
mythological characters,1,0.002,"adj,noun"
distinctly degas,1,0.002,"adv,noun"
s known,1,0.002,"noun,verb"
his loose,1,0.002,"other,adj"
loose dynamic,1,0.002,"adj,adj"
dynamic line,1,0.002,"adj,noun"
line work,1,0.002,"noun,verb"
capture movement,1,0.002,"noun,noun"
subjects despite,1,0.002,"noun,other"
despite being,1,0.002,"other,verb"
being unfinished,1,0.002,"verb,verb"
unfinished the,1,0.002,"verb,other"
vitality with,1,0.002,"noun,other"
standing poised,1,0.002,"verb,adj"
poised and,1,0.002,"adj,other"
ready as,1,0.002,"adj,other"
if caught,1,0.002,"other,verb"
caught in,1,0.002,"verb,other"
mid stride,1,0.002,"verb,verb"
stride the,1,0.002,"verb,other"
study piece,1,0.002,"verb,noun"
piece intended,1,0.002,"noun,verb"
explore composition,1,0.002,"other,noun"
matter for,1,0.002,"noun,other"
more elaborate,1,0.002,"adv,noun"
elaborate painting,1,0.002,"noun,verb"
never realized,1,0.002,"adv,verb"
a singer,1,0.002,"other,adj"
singer on,1,0.002,"adj,other"
on stage,1,0.002,"other,noun"
stage captured,1,0.002,"noun,verb"
is passionately,1,0.002,"verb,adj"
passionately singing,1,0.002,"adj,verb"
singing into,1,0.002,"verb,other"
a microphone,1,0.002,"other,noun"
microphone which,1,0.002,"noun,other"
be performing,1,0.002,"verb,verb"
performing an,1,0.002,"verb,other"
an aria,1,0.002,"other,noun"
aria or,1,0.002,"noun,other"
a vocal,1,0.002,"other,adj"
vocal solo,1,0.002,"adj,noun"
solo her,1,0.002,"noun,other"
are extended,1,0.002,"verb,verb"
extended upwards,1,0.002,"verb,noun"
upwards emphasizing,1,0.002,"noun,verb"
the emotion,1,0.002,"other,noun"
drama of,1,0.002,"verb,other"
performance she,1,0.002,"noun,other"
a luxurious,1,0.002,"other,adj"
luxurious costume,1,0.002,"adj,noun"
with fur,1,0.002,"other,adj"
trim at,1,0.002,"verb,other"
suggesting opulence,1,0.002,"verb,noun"
opulence and,1,0.002,"noun,other"
softly focused,1,0.002,"adv,verb"
focused featuring,1,0.002,"verb,noun"
represent stage,1,0.002,"verb,noun"
stage lighting,1,0.002,"noun,verb"
another performer,1,0.002,"other,noun"
performer or,1,0.002,"noun,other"
character to,1,0.002,"noun,other"
it texture,1,0.002,"other,noun"
vibrant but,1,0.002,"adj,other"
not overly,1,0.002,"adv,adv"
overly saturated,1,0.002,"adv,verb"
saturated creating,1,0.002,"verb,verb"
atmosphere edgar,1,0.002,"adv,verb"
works depicting,1,0.002,"verb,noun"
depicting ballet,1,0.002,"noun,noun"
and performers,1,0.002,"other,noun"
performers and,1,0.002,"noun,other"
piece continues,1,0.002,"noun,verb"
continues that,1,0.002,"verb,other"
that theme,1,0.002,"other,adj"
theme focusing,1,0.002,"adj,verb"
motion within,1,0.002,"noun,other"
theatrical setting,1,0.002,"adj,verb"
a ballerina,1,0.002,"other,noun"
ballerina dancing,1,0.002,"noun,verb"
dancing with,1,0.002,"verb,other"
mid motion,1,0.002,"verb,noun"
motion with,1,0.002,"noun,other"
extended behind,1,0.002,"verb,other"
arms gracefully,1,0.002,"noun,adv"
gracefully positioned,1,0.002,"adv,verb"
positioned as,1,0.002,"verb,other"
s in,1,0.002,"noun,other"
the midst,1,0.002,"other,noun"
midst of,1,0.002,"noun,other"
of performing,1,0.002,"other,verb"
performing a,1,0.002,"verb,other"
a pirouette,1,0.002,"other,noun"
pirouette or,1,0.002,"noun,other"
or ballet,1,0.002,"other,noun"
ballet movement,1,0.002,"noun,noun"
ballerina s,1,0.002,"noun,noun"
of grace,1,0.002,"other,adj"
grace and,1,0.002,"adj,other"
her costume,1,0.002,"other,noun"
costume consists,1,0.002,"noun,verb"
tutu skirt,1,0.002,"noun,noun"
skirt that,1,0.002,"noun,other"
attire adding,1,0.002,"noun,verb"
in action,1,0.002,"other,noun"
action the,1,0.002,"noun,other"
features blurred,1,0.002,"noun,verb"
blurred figures,1,0.002,"verb,noun"
other dancers,1,0.002,"adj,noun"
dancers or,1,0.002,"noun,other"
perhaps members,1,0.002,"adv,noun"
audience in,1,0.002,"noun,other"
theater setting,1,0.002,"noun,verb"
which places,1,0.002,"other,noun"
in context,1,0.002,"other,adj"
fluid typical,1,0.002,"noun,adj"
of sharp,1,0.002,"other,adj"
sharp detail,1,0.002,"adj,noun"
star of,1,0.002,"noun,other"
ballet suggests,1,0.002,"noun,verb"
this ballerina,1,0.002,"other,noun"
ballerina might,1,0.002,"noun,other"
a principal,1,0.002,"other,adj"
principal performer,1,0.002,"adj,noun"
performer in,1,0.002,"noun,other"
her troupe,1,0.002,"other,verb"
troupe as,1,0.002,"verb,other"
the prominence,1,0.002,"other,noun"
prominence of,1,0.002,"noun,other"
often symbolize,1,0.002,"adv,verb"
symbolize an,1,0.002,"verb,other"
an award,1,0.002,"other,other"
award or,1,0.002,"other,other"
or recognition,1,0.002,"other,noun"
recognition for,1,0.002,"noun,other"
for excellence,1,0.002,"other,noun"
excellence in,1,0.002,"noun,other"
in performances,1,0.002,"other,noun"
performances the,1,0.002,"noun,other"
choice to,1,0.002,"noun,other"
portray her,1,0.002,"noun,other"
motion highlights,1,0.002,"noun,noun"
and athletic,1,0.002,"other,adj"
athletic nature,1,0.002,"adj,adj"
ballet dancing,1,0.002,"noun,verb"
dancing edgar,1,0.002,"verb,verb"
is renowned,1,0.002,"verb,verb"
his depictions,1,0.002,"other,noun"
dancers capturing,1,0.002,"noun,verb"
capturing them,1,0.002,"verb,other"
various stages,1,0.002,"adj,noun"
stages of,1,0.002,"noun,other"
of performance,1,0.002,"other,noun"
performance from,1,0.002,"noun,other"
from rehearsals,1,0.002,"other,noun"
rehearsals to,1,0.002,"noun,other"
to actual,1,0.002,"other,adj"
actual shows,1,0.002,"adj,verb"
shows his,1,0.002,"verb,other"
emphasizes movement,1,0.002,"verb,noun"
movement through,1,0.002,"noun,other"
a combination,1,0.002,"other,noun"
combination of,1,0.002,"noun,other"
and careful,1,0.002,"other,adj"
careful observation,1,0.002,"adj,noun"
observation of,1,0.002,"noun,other"
form this,1,0.002,"noun,other"
showcases both,1,0.002,"verb,other"
both these,1,0.002,"other,other"
these aspects,1,0.002,"other,verb"
aspects creating,1,0.002,"verb,verb"
captivating image,1,0.002,"verb,noun"
energy inherent,1,0.002,"noun,adj"
inherent in,1,0.002,"adj,other"
art of,1,0.002,"noun,other"
degas titled,1,0.002,"noun,verb"
titled ballet,1,0.002,"verb,noun"
ballet scene,1,0.002,"noun,noun"
scene it,1,0.002,"noun,other"
depicts three,1,0.002,"noun,other"
three ballet,1,0.002,"other,noun"
dancers in,1,0.002,"noun,other"
performance their,1,0.002,"noun,other"
their bodies,1,0.002,"other,noun"
bodies poised,1,0.002,"noun,adj"
poised in,1,0.002,"adj,other"
in classic,1,0.002,"other,adj"
classic dance,1,0.002,"adj,noun"
dance poses,1,0.002,"noun,verb"
poses the,1,0.002,"verb,other"
figure stands,1,0.002,"noun,verb"
prominently with,1,0.002,"adv,other"
two dancers,1,0.002,"other,noun"
dancers slightly,1,0.002,"noun,adv"
her creating,1,0.002,"other,verb"
dynamic sense,1,0.002,"adj,verb"
rhythm the,1,0.002,"noun,other"
audience watching,1,0.002,"noun,verb"
watching the,1,0.002,"verb,other"
the performance,1,0.002,"other,noun"
performance degas,1,0.002,"noun,noun"
s loose,1,0.002,"noun,adj"
and flowing,1,0.002,"other,verb"
flowing technique,1,0.002,"verb,noun"
the finer,1,0.002,"other,noun"
finer details,1,0.002,"noun,noun"
this gives,1,0.002,"other,verb"
dreamy almost,1,0.002,"adj,adv"
quality as,1,0.002,"noun,other"
if we,1,0.002,"other,other"
we are,1,0.002,"other,verb"
are seeing,1,0.002,"verb,verb"
seeing not,1,0.002,"verb,adv"
ballet dance,1,0.002,"noun,noun"
dance but,1,0.002,"noun,other"
of artistry,1,0.002,"other,adj"
artistry and,1,0.002,"adj,other"
single moment,1,0.002,"adj,noun"
young ballerina,1,0.002,"adj,noun"
a dance,1,0.002,"other,noun"
dance studio,1,0.002,"noun,noun"
studio or,1,0.002,"noun,other"
dressing room,1,0.002,"verb,noun"
fan suggests,1,0.002,"noun,verb"
there may,1,0.002,"other,other"
fan visible,1,0.002,"noun,adj"
although it,1,0.002,"other,other"
not immediately,1,0.002,"adv,adv"
immediately clear,1,0.002,"adv,adj"
description alone,1,0.002,"noun,adv"
alone edgar,1,0.002,"adv,verb"
degas was,1,0.002,"noun,verb"
paintings of,1,0.002,"noun,other"
their daily,1,0.002,"other,adv"
daily lives,1,0.002,"adv,verb"
lives so,1,0.002,"verb,adv"
artwork would,1,0.002,"noun,other"
likely fall,1,0.002,"adj,adv"
fall within,1,0.002,"adv,other"
his body,1,0.002,"other,noun"
work focused,1,0.002,"verb,verb"
on dancers,1,0.002,"other,noun"
dancers the,1,0.002,"noun,other"
colors contributes,1,0.002,"noun,noun"
atmospheric quality,1,0.002,"adj,noun"
matter would,1,0.002,"noun,other"
be expected,1,0.002,"verb,verb"
expected to,1,0.002,"verb,other"
life perhaps,1,0.002,"noun,adv"
perhaps during,1,0.002,"adv,other"
during a,1,0.002,"other,other"
a break,1,0.002,"other,noun"
break or,1,0.002,"noun,other"
or before,1,0.002,"other,other"
after performing,1,0.002,"other,verb"
performing providing,1,0.002,"verb,verb"
providing insight,1,0.002,"verb,adv"
insight into,1,0.002,"adv,other"
her world,1,0.002,"other,noun"
the environment,1,0.002,"other,noun"
environment of,1,0.002,"noun,other"
ballet troupe,1,0.002,"noun,verb"
in ironing,1,0.002,"other,verb"
ironing a,1,0.002,"verb,other"
s from,1,0.002,"noun,other"
color edgar,1,0.002,"noun,verb"
his skillful,1,0.002,"other,adj"
of line,1,0.002,"other,noun"
compositions which,1,0.002,"noun,other"
are evident,1,0.002,"verb,adj"
a courtyard,1,0.002,"other,adj"
courtyard the,1,0.002,"adj,other"
her activity,1,0.002,"other,noun"
activity she,1,0.002,"noun,other"
an ironing,1,0.002,"other,verb"
ironing board,1,0.002,"verb,noun"
it indicating,1,0.002,"other,verb"
the process,1,0.002,"other,noun"
process of,1,0.002,"noun,other"
of pressing,1,0.002,"other,verb"
pressing the,1,0.002,"verb,other"
fabric her,1,0.002,"adj,other"
simple surroundings,1,0.002,"noun,noun"
surroundings suggest,1,0.002,"noun,noun"
a modest,1,0.002,"other,adj"
modest lifestyle,1,0.002,"adj,noun"
lifestyle fitting,1,0.002,"noun,verb"
for many,1,0.002,"other,adj"
many subjects,1,0.002,"adj,noun"
subjects degas,1,0.002,"noun,noun"
degas chose,1,0.002,"noun,adj"
chose to,1,0.002,"adj,other"
portray the,1,0.002,"noun,other"
choice contributes,1,0.002,"noun,noun"
defined which,1,0.002,"adj,other"
task overall,1,0.002,"noun,adj"
overall woman,1,0.002,"adj,noun"
woman ironing,1,0.002,"noun,verb"
ironing captures,1,0.002,"verb,verb"
quiet everyday,1,0.002,"adj,adj"
everyday moment,1,0.002,"adj,noun"
that speaks,1,0.002,"other,noun"
speaks volumes,1,0.002,"noun,noun"
volumes about,1,0.002,"noun,other"
in degas,1,0.002,"other,noun"
degas time,1,0.002,"noun,noun"
time it,1,0.002,"noun,other"
style showcasing,1,0.002,"noun,verb"
his depiction,1,0.002,"other,noun"
life rendered,1,0.002,"noun,verb"
titled woman,1,0.002,"verb,noun"
woman having,1,0.002,"noun,verb"
having her,1,0.002,"verb,other"
hair combed,1,0.002,"adj,adj"
combed by,1,0.002,"adj,other"
degas which,1,0.002,"noun,other"
of personal,1,0.002,"other,adj"
personal grooming,1,0.002,"adj,verb"
grooming or,1,0.002,"verb,other"
or preparation,1,0.002,"other,noun"
preparation in,1,0.002,"noun,other"
women engaged,1,0.002,"noun,verb"
this activity,1,0.002,"other,noun"
activity one,1,0.002,"noun,other"
seated her,1,0.002,"verb,other"
her combing,1,0.002,"other,verb"
combing through,1,0.002,"verb,other"
hair with,1,0.002,"adj,other"
be attention,1,0.002,"verb,noun"
attention and,1,0.002,"noun,other"
care the,1,0.002,"noun,other"
is intimate,1,0.002,"verb,verb"
intimate likely,1,0.002,"verb,adj"
likely within,1,0.002,"adj,other"
a private,1,0.002,"other,adj"
private space,1,0.002,"adj,noun"
space such,1,0.002,"noun,adj"
dressing area,1,0.002,"verb,noun"
area indicated,1,0.002,"noun,verb"
the personal,1,0.002,"other,adj"
personal items,1,0.002,"adj,noun"
items scattered,1,0.002,"noun,verb"
is gentle,1,0.002,"verb,adj"
serene portraying,1,0.002,"adj,verb"
portraying a,1,0.002,"verb,other"
a candid,1,0.002,"other,noun"
candid moment,1,0.002,"noun,noun"
a composition,1,0.002,"other,noun"
composition that,1,0.002,"noun,other"
that uses,1,0.002,"other,noun"
uses a,1,0.002,"noun,other"
to arrange,1,0.002,"other,noun"
arrange geometric,1,0.002,"noun,adj"
the intersection,1,0.002,"other,noun"
intersection where,1,0.002,"noun,other"
where two,1,0.002,"other,other"
two lines,1,0.002,"other,noun"
lines cross,1,0.002,"noun,noun"
cross which,1,0.002,"noun,other"
harmony within,1,0.002,"noun,other"
of gray,1,0.002,"other,adj"
gray and,1,0.002,"adj,other"
light brown,1,0.002,"adj,noun"
brown with,1,0.002,"noun,other"
with accents,1,0.002,"other,noun"
accents of,1,0.002,"noun,other"
the form,1,0.002,"other,noun"
squares these,1,0.002,"noun,other"
these blocks,1,0.002,"other,noun"
are placed,1,0.002,"verb,verb"
larger grid,1,0.002,"adj,adj"
that spans,1,0.002,"other,noun"
canvas creating,1,0.002,"noun,verb"
a rhythmic,1,0.002,"other,verb"
rhythmic pattern,1,0.002,"verb,adj"
style aligns,1,0.002,"noun,noun"
with neoplasticism,1,0.002,"other,noun"
a reductionist,1,0.002,"other,adj"
reductionist approach,1,0.002,"adj,noun"
on simple,1,0.002,"other,noun"
range piet,1,0.002,"verb,adj"
piet mondrian,1,0.002,"adj,adj"
vertical and,1,0.002,"adj,other"
and horizontal,1,0.002,"other,adj"
horizontal lines,1,0.002,"adj,noun"
the division,1,0.002,"other,noun"
space into,1,0.002,"noun,other"
into rectilinear,1,0.002,"other,adj"
rectilinear forms,1,0.002,"adj,noun"
structure composed,1,0.002,"noun,verb"
squares in,1,0.002,"noun,other"
yellow black,1,0.002,"adj,adj"
black white,1,0.002,"adj,adj"
and pink,1,0.002,"other,adj"
pink the,1,0.002,"adj,other"
grid is,1,0.002,"adj,verb"
set within,1,0.002,"noun,other"
larger rectangle,1,0.002,"adj,adj"
rectangle with,1,0.002,"adj,other"
a border,1,0.002,"other,noun"
border that,1,0.002,"noun,other"
includes colored,1,0.002,"verb,adj"
colored areas,1,0.002,"adj,noun"
areas in,1,0.002,"noun,other"
some places,1,0.002,"other,noun"
distinctly neoplasticism,1,0.002,"adv,noun"
neoplasticism characterized,1,0.002,"noun,verb"
simplicity use,1,0.002,"noun,verb"
of non,1,0.002,"other,adj"
non representational,1,0.002,"adj,adj"
representational forms,1,0.002,"adj,noun"
or scene,1,0.002,"other,noun"
realistic depiction,1,0.002,"adj,noun"
clean geometric,1,0.002,"verb,adj"
geometric look,1,0.002,"adj,noun"
reflects mondrian,1,0.002,"verb,adj"
to reducing,1,0.002,"other,verb"
reducing visual,1,0.002,"verb,adj"
visual elements,1,0.002,"adj,noun"
most basic,1,0.002,"adv,adj"
basic form,1,0.002,"adj,noun"
a rectangular,1,0.002,"other,adj"
rectangular canvas,1,0.002,"adj,noun"
canvas divided,1,0.002,"noun,verb"
pattern consisting,1,0.002,"adj,verb"
consisting of,1,0.002,"verb,other"
and rectangles,1,0.002,"other,noun"
rectangles the,1,0.002,"noun,other"
predominantly yellow,1,0.002,"adv,adj"
blue red,1,0.002,"noun,adj"
gray arranged,1,0.002,"adj,verb"
symmetrical manner,1,0.002,"adj,adj"
manner across,1,0.002,"adj,other"
grid s,1,0.002,"adj,noun"
s horizontal,1,0.002,"noun,adj"
horizontal and,1,0.002,"adj,other"
and vertical,1,0.002,"other,adj"
vertical axes,1,0.002,"adj,noun"
axes the,1,0.002,"noun,other"
of neoplasticism,1,0.002,"other,noun"
emphasizes abstraction,1,0.002,"verb,noun"
abstraction simplicity,1,0.002,"noun,noun"
achieve a,1,0.002,"verb,other"
harmony the,1,0.002,"noun,other"
title composition,1,0.002,"noun,noun"
grid ix,1,0.002,"adj,adj"
ix suggests,1,0.002,"adj,verb"
series exploring,1,0.002,"noun,verb"
exploring similar,1,0.002,"verb,adj"
similar themes,1,0.002,"adj,noun"
themes and,1,0.002,"noun,other"
color schemes,1,0.002,"noun,noun"
schemes within,1,0.002,"noun,other"
grid format,1,0.002,"adj,noun"
figures dressed,1,0.002,"noun,verb"
as clowns,1,0.002,"other,verb"
clowns or,1,0.002,"verb,other"
or entertainers,1,0.002,"other,noun"
entertainers reminiscent,1,0.002,"noun,adj"
of acrobats,1,0.002,"other,noun"
acrobats and,1,0.002,"noun,other"
traditional circuses,1,0.002,"adj,noun"
circuses on,1,0.002,"noun,other"
side is,1,0.002,"verb,verb"
red clown,1,0.002,"adj,verb"
clown costume,1,0.002,"verb,noun"
white accents,1,0.002,"adj,noun"
accents including,1,0.002,"noun,verb"
big nose,1,0.002,"adj,verb"
nose exaggerated,1,0.002,"verb,adj"
exaggerated ears,1,0.002,"adj,verb"
ears and,1,0.002,"verb,other"
feather plume,1,0.002,"adv,adj"
plume this,1,0.002,"adj,other"
has one,1,0.002,"verb,other"
their hip,1,0.002,"other,noun"
other hanging,1,0.002,"adj,verb"
hanging straight,1,0.002,"verb,adj"
straight down,1,0.002,"adj,adv"
at their,1,0.002,"other,other"
their side,1,0.002,"other,verb"
side to,1,0.002,"verb,other"
harlequin dressed,1,0.002,"noun,verb"
a multicolored,1,0.002,"other,verb"
multicolored outfit,1,0.002,"verb,verb"
yellow green,1,0.002,"adj,adj"
blue patches,1,0.002,"noun,noun"
patches or,1,0.002,"noun,other"
or spots,1,0.002,"other,noun"
spots similar,1,0.002,"noun,adj"
a patchwork,1,0.002,"other,noun"
patchwork quilt,1,0.002,"noun,adj"
quilt the,1,0.002,"adj,other"
costume includes,1,0.002,"noun,verb"
includes white,1,0.002,"verb,adj"
white sleeves,1,0.002,"adj,noun"
the colored,1,0.002,"other,adj"
colored sections,1,0.002,"adj,noun"
outfit their,1,0.002,"verb,other"
have an,1,0.002,"verb,other"
or serious,1,0.002,"other,adj"
serious the,1,0.002,"adj,other"
sky at,1,0.002,"adj,other"
corner and,1,0.002,"noun,other"
or structure,1,0.002,"other,noun"
structure on,1,0.002,"noun,other"
a village,1,0.002,"other,verb"
or town,1,0.002,"other,noun"
town where,1,0.002,"noun,other"
where performances,1,0.002,"other,noun"
performances may,1,0.002,"noun,other"
may take,1,0.002,"other,verb"
take place,1,0.002,"verb,noun"
colors distinct,1,0.002,"noun,adj"
distinct outlines,1,0.002,"adj,verb"
movement suggested,1,0.002,"noun,verb"
the positioning,1,0.002,"other,verb"
positioning of,1,0.002,"verb,other"
figures pablo,1,0.002,"noun,adj"
distinctive handling,1,0.002,"adj,verb"
young person,1,0.002,"adj,noun"
person holding,1,0.002,"noun,verb"
boy or,1,0.002,"adj,other"
or girl,1,0.002,"other,noun"
girl based,1,0.002,"noun,verb"
their youthful,1,0.002,"other,adj"
youthful features,1,0.002,"adj,noun"
a scarf,1,0.002,"other,noun"
scarf or,1,0.002,"noun,other"
or shawl,1,0.002,"other,verb"
shawl draped,1,0.002,"verb,verb"
expressive brushwork,1,0.002,"adj,noun"
an unconventional,1,0.002,"other,adj"
unconventional manner,1,0.002,"adj,adj"
well defined,1,0.002,"adv,adj"
defined with,1,0.002,"adj,other"
with distinct,1,0.002,"other,adj"
distinct facial,1,0.002,"adj,adj"
as eyes,1,0.002,"other,noun"
eyes nose,1,0.002,"noun,verb"
and mouth,1,0.002,"other,adj"
mouth while,1,0.002,"adj,other"
the hands,1,0.002,"other,noun"
hands holding,1,0.002,"noun,verb"
also clearly,1,0.002,"adv,adv"
visible showing,1,0.002,"adj,verb"
showing detail,1,0.002,"verb,noun"
the fingers,1,0.002,"other,noun"
fingers and,1,0.002,"noun,other"
flowers themselves,1,0.002,"noun,other"
themselves the,1,0.002,"other,other"
painting depth,1,0.002,"verb,adj"
and vibrancy,1,0.002,"other,noun"
vibrancy in,1,0.002,"noun,other"
abstract suggestion,1,0.002,"adj,noun"
or plant,1,0.002,"other,noun"
imply an,1,0.002,"adj,other"
setting however,1,0.002,"verb,adv"
however due,1,0.002,"adv,adj"
the nature,1,0.002,"other,adj"
impressionism it,1,0.002,"noun,other"
while such,1,0.002,"other,adj"
such elements,1,0.002,"adj,noun"
are suggested,1,0.002,"verb,verb"
suggested in,1,0.002,"verb,other"
style they,1,0.002,"noun,other"
they often,1,0.002,"other,adv"
often take,1,0.002,"adv,verb"
more loose,1,0.002,"adv,adj"
and subjective,1,0.002,"other,adj"
subjective interpretation,1,0.002,"adj,noun"
interpretation overall,1,0.002,"noun,adj"
painting exudes,1,0.002,"verb,noun"
contemplation with,1,0.002,"noun,other"
subject gazing,1,0.002,"adj,verb"
gazing directly,1,0.002,"verb,adv"
depicted figure,1,0.002,"verb,noun"
observer of,1,0.002,"other,other"
stylized head,1,0.002,"verb,noun"
man rendered,1,0.002,"noun,verb"
abstracted manner,1,0.002,"verb,adj"
are simplified,1,0.002,"verb,adj"
yet expressive,1,0.002,"adv,adj"
expressive he,1,0.002,"adj,other"
a straight,1,0.002,"other,adj"
nose bridge,1,0.002,"verb,noun"
bridge full,1,0.002,"noun,adj"
lips and,1,0.002,"verb,other"
forehead with,1,0.002,"noun,other"
a pronounced,1,0.002,"other,verb"
pronounced hairline,1,0.002,"verb,noun"
hairline the,1,0.002,"noun,other"
to reds,1,0.002,"other,verb"
reds purples,1,0.002,"verb,verb"
purples and,1,0.002,"verb,other"
dramatic and,1,0.002,"adj,other"
sculptural effect,1,0.002,"adj,noun"
solid red,1,0.002,"adj,adj"
red that,1,0.002,"adj,other"
and head,1,0.002,"other,noun"
in cooler,1,0.002,"other,verb"
gray the,1,0.002,"adj,other"
dynamic application,1,0.002,"adj,noun"
strokes adding,1,0.002,"noun,verb"
of technique,1,0.002,"other,noun"
work during,1,0.002,"verb,other"
during certain,1,0.002,"other,adj"
certain periods,1,0.002,"adj,noun"
periods when,1,0.002,"noun,other"
was experimenting,1,0.002,"verb,verb"
experimenting with,1,0.002,"verb,other"
with forms,1,0.002,"other,noun"
that broke,1,0.002,"other,verb"
broke away,1,0.002,"verb,adv"
from naturalistic,1,0.002,"other,adj"
naturalistic representation,1,0.002,"adj,noun"
painting bears,1,0.002,"verb,verb"
corner along,1,0.002,"noun,other"
date 21,1,0.002,"noun,other"
21 fevr,1,0.002,"other,noun"
fevr 56,1,0.002,"noun,other"
56 indicating,1,0.002,"other,verb"
was completed,1,0.002,"verb,verb"
completed on,1,0.002,"verb,other"
on february,1,0.002,"other,adj"
february 21,1,0.002,"adj,other"
21 1956,1,0.002,"other,other"
1956 the,1,0.002,"other,other"
style are,1,0.002,"noun,verb"
to distill,1,0.002,"other,noun"
distill forms,1,0.002,"noun,noun"
into their,1,0.002,"other,other"
essential components,1,0.002,"adj,noun"
components while,1,0.002,"noun,other"
while conveying,1,0.002,"other,verb"
state or,1,0.002,"noun,other"
character of,1,0.002,"noun,other"
a jester,1,0.002,"other,noun"
jester or,1,0.002,"noun,other"
or clown,1,0.002,"other,verb"
clown seated,1,0.002,"verb,verb"
and leaning,1,0.002,"other,verb"
leaning forward,1,0.002,"verb,adv"
their thighs,1,0.002,"other,noun"
thighs the,1,0.002,"noun,other"
is drawn,1,0.002,"verb,noun"
style reminiscent,1,0.002,"noun,adj"
nouveau characterized,1,0.002,"noun,verb"
by flowing,1,0.002,"other,verb"
palette appears,1,0.002,"noun,verb"
clown s,1,0.002,"verb,noun"
costume rendered,1,0.002,"noun,verb"
of brown,1,0.002,"other,noun"
black while,1,0.002,"adj,other"
is mostly,1,0.002,"verb,adv"
mostly white,1,0.002,"adv,adj"
the jester,1,0.002,"other,noun"
jester s,1,0.002,"noun,noun"
face shows,1,0.002,"verb,verb"
shows pronounced,1,0.002,"verb,verb"
pronounced features,1,0.002,"verb,noun"
large nose,1,0.002,"adj,verb"
and eyes,1,0.002,"other,noun"
exaggerated for,1,0.002,"adj,other"
expressive effect,1,0.002,"adj,noun"
suggest motion,1,0.002,"noun,noun"
motion or,1,0.002,"noun,other"
or whimsy,1,0.002,"other,verb"
whimsy which,1,0.002,"verb,other"
nouveau motifs,1,0.002,"noun,noun"
motifs the,1,0.002,"noun,other"
be one,1,0.002,"verb,other"
playfulness accentuated,1,0.002,"noun,adj"
expression this,1,0.002,"noun,other"
picasso who,1,0.002,"noun,other"
his diverse,1,0.002,"other,verb"
diverse styles,1,0.002,"verb,noun"
styles and,1,0.002,"noun,other"
influence on,1,0.002,"noun,other"
on 20th,1,0.002,"other,other"
century art,1,0.002,"noun,noun"
while picasso,1,0.002,"other,noun"
picasso did,1,0.002,"noun,verb"
did create,1,0.002,"verb,noun"
wide range,1,0.002,"adj,verb"
works including,1,0.002,"verb,verb"
including those,1,0.002,"verb,other"
those with,1,0.002,"other,other"
nouveau elements,1,0.002,"noun,noun"
elements attributing,1,0.002,"noun,verb"
attributing this,1,0.002,"verb,other"
this specific,1,0.002,"other,adj"
specific image,1,0.002,"adj,noun"
to him,1,0.002,"other,other"
him without,1,0.002,"other,other"
or documentation,1,0.002,"other,noun"
documentation is,1,0.002,"noun,verb"
is speculative,1,0.002,"verb,adj"
speculative based,1,0.002,"adj,verb"
the provided,1,0.002,"other,verb"
provided details,1,0.002,"verb,noun"
historical appearance,1,0.002,"adj,noun"
appearance wearing,1,0.002,"noun,verb"
white headscarf,1,0.002,"adj,noun"
body she,1,0.002,"noun,other"
a loaf,1,0.002,"other,verb"
loaf of,1,0.002,"verb,other"
of bread,1,0.002,"other,noun"
bread on,1,0.002,"noun,other"
head perhaps,1,0.002,"noun,adv"
symbolizing the,1,0.002,"verb,other"
of carrying,1,0.002,"other,verb"
carrying food,1,0.002,"verb,noun"
food for,1,0.002,"noun,other"
for others,1,0.002,"other,noun"
others or,1,0.002,"noun,other"
or as,1,0.002,"other,other"
her daily,1,0.002,"other,adv"
daily chores,1,0.002,"adv,verb"
chores the,1,0.002,"verb,other"
quite plain,1,0.002,"adv,noun"
plain putting,1,0.002,"noun,verb"
putting the,1,0.002,"verb,other"
object she,1,0.002,"adj,other"
she carries,1,0.002,"other,verb"
artwork depicting,1,0.002,"noun,noun"
traditional catalan,1,0.002,"adj,noun"
catalan attire,1,0.002,"noun,noun"
waist up,1,0.002,"noun,other"
up and,1,0.002,"other,other"
a blouse,1,0.002,"other,other"
blouse with,1,0.002,"other,other"
headscarf wrapped,1,0.002,"noun,verb"
wrapped around,1,0.002,"verb,other"
small embellishment,1,0.002,"adj,adj"
embellishment at,1,0.002,"adj,other"
the front,1,0.002,"other,adj"
front her,1,0.002,"adj,other"
she looks,1,0.002,"other,noun"
looks away,1,0.002,"noun,adv"
away to,1,0.002,"adv,other"
side not,1,0.002,"verb,adv"
not directly,1,0.002,"adv,adv"
directly engaging,1,0.002,"adv,verb"
artwork can,1,0.002,"noun,other"
be identified,1,0.002,"verb,verb"
as naïve,1,0.002,"other,noun"
in technique,1,0.002,"other,noun"
technique use,1,0.002,"noun,verb"
often an,1,0.002,"adv,other"
an unpolished,1,0.002,"other,verb"
unpolished appearance,1,0.002,"verb,noun"
childlike or,1,0.002,"verb,other"
or folk,1,0.002,"other,verb"
art quality,1,0.002,"noun,noun"
the outlines,1,0.002,"other,verb"
shapes rather,1,0.002,"noun,adv"
is commonly,1,0.002,"verb,adv"
of pablo,1,0.002,"other,adj"
picasso during,1,0.002,"noun,other"
his early,1,0.002,"other,adj"
early years,1,0.002,"adj,noun"
years the,1,0.002,"noun,other"
includes soft,1,0.002,"verb,adj"
with no,1,0.002,"other,other"
no harsh,1,0.002,"other,noun"
harsh contrasts,1,0.002,"noun,noun"
contrasts giving,1,0.002,"noun,verb"
featuring just,1,0.002,"noun,adv"
just enough,1,0.002,"adv,adj"
enough detail,1,0.002,"adj,noun"
setting without,1,0.002,"verb,other"
detracting attention,1,0.002,"verb,noun"
attention from,1,0.002,"noun,other"
figure overall,1,0.002,"noun,adj"
of quietness,1,0.002,"other,noun"
quietness and,1,0.002,"noun,other"
introspection in,1,0.002,"noun,other"
a catalan,1,0.002,"other,noun"
catalan woman,1,0.002,"noun,noun"
woman rendered,1,0.002,"noun,verb"
emphasizes simplicity,1,0.002,"verb,noun"
over technical,1,0.002,"other,adj"
technical complexity,1,0.002,"adj,noun"
guitar depicted,1,0.002,"verb,verb"
multiple planes,1,0.002,"adj,noun"
planes and,1,0.002,"noun,other"
surfaces that,1,0.002,"noun,other"
that intersect,1,0.002,"other,adj"
intersect and,1,0.002,"adj,other"
and overlap,1,0.002,"other,verb"
overlap to,1,0.002,"verb,other"
principles where,1,0.002,"noun,other"
where objects,1,0.002,"other,noun"
are fragmented,1,0.002,"verb,verb"
fragmented into,1,0.002,"verb,other"
and then,1,0.002,"other,adv"
then reassembled,1,0.002,"adv,verb"
reassembled in,1,0.002,"verb,other"
a new,1,0.002,"other,adj"
new context,1,0.002,"adj,adj"
guitar such,1,0.002,"verb,adj"
body neck,1,0.002,"noun,noun"
and strings,1,0.002,"other,noun"
strings appear,1,0.002,"noun,verb"
appear fragmented,1,0.002,"verb,verb"
fragmented and,1,0.002,"verb,other"
and layered,1,0.002,"other,verb"
layered on,1,0.002,"verb,other"
of each,1,0.002,"other,other"
other creating,1,0.002,"adj,verb"
piece picasso,1,0.002,"noun,noun"
the overlapping,1,0.002,"other,verb"
overlapping planes,1,0.002,"verb,noun"
planes creates,1,0.002,"noun,noun"
a complex,1,0.002,"other,adj"
complex visual,1,0.002,"adj,adj"
experience where,1,0.002,"noun,other"
traditional form,1,0.002,"adj,noun"
is abstracted,1,0.002,"verb,verb"
abstracted into,1,0.002,"verb,other"
into angular,1,0.002,"other,adj"
flat surfaces,1,0.002,"adj,noun"
surfaces this,1,0.002,"noun,other"
was characteristic,1,0.002,"verb,adj"
the synthetic,1,0.002,"other,adj"
cubist movement,1,0.002,"noun,noun"
movement which,1,0.002,"noun,other"
which involved,1,0.002,"other,verb"
involved combining,1,0.002,"verb,verb"
combining elements,1,0.002,"verb,noun"
different sources,1,0.002,"adj,noun"
sources in,1,0.002,"noun,other"
create new,1,0.002,"noun,adj"
new forms,1,0.002,"adj,noun"
of expression,1,0.002,"other,noun"
titled violin,1,0.002,"verb,noun"
violin depicts,1,0.002,"noun,noun"
a violin,1,0.002,"other,noun"
violin and,1,0.002,"noun,other"
and bow,1,0.002,"other,noun"
bow in,1,0.002,"noun,other"
synthetic cubism,1,0.002,"adj,noun"
the angular,1,0.002,"other,adj"
angular shapes,1,0.002,"adj,noun"
and multiple,1,0.002,"other,adj"
multiple perspectives,1,0.002,"adj,verb"
perspectives the,1,0.002,"verb,other"
the violin,1,0.002,"other,noun"
violin is,1,0.002,"noun,verb"
is central,1,0.002,"verb,adj"
composition featuring,1,0.002,"noun,noun"
various geometric,1,0.002,"adj,adj"
suggest its,1,0.002,"noun,other"
its shape,1,0.002,"other,noun"
shape without,1,0.002,"noun,other"
without fully,1,0.002,"other,adv"
fully defining,1,0.002,"adv,verb"
defining it,1,0.002,"verb,other"
colors adds,1,0.002,"noun,verb"
adds vibrancy,1,0.002,"verb,noun"
vibrancy to,1,0.002,"noun,other"
also text,1,0.002,"adv,other"
in cubist,1,0.002,"other,noun"
works such,1,0.002,"verb,adj"
as sa,1,0.002,"other,noun"
sa near,1,0.002,"noun,other"
corner possibly,1,0.002,"noun,adv"
initials and,1,0.002,"noun,other"
there seems,1,0.002,"other,verb"
another word,1,0.002,"other,noun"
word or,1,0.002,"noun,other"
or phrase,1,0.002,"other,noun"
phrase at,1,0.002,"noun,other"
clear due,1,0.002,"adj,adj"
its size,1,0.002,"other,noun"
and orientation,1,0.002,"other,noun"
orientation within,1,0.002,"noun,other"
abstraction where,1,0.002,"noun,other"
viewer is,1,0.002,"noun,verb"
is encouraged,1,0.002,"verb,verb"
encouraged to,1,0.002,"verb,other"
matter beyond,1,0.002,"noun,other"
the literal,1,0.002,"other,adj"
literal representation,1,0.002,"adj,noun"
lithograph print,1,0.002,"verb,verb"
print titled,1,0.002,"verb,verb"
titled bathers,1,0.002,"verb,noun"
picasso rendered,1,0.002,"noun,verb"
depicts four,1,0.002,"noun,other"
four figures,1,0.002,"other,noun"
beach or,1,0.002,"noun,other"
and minimal,1,0.002,"other,adj"
shading giving,1,0.002,"verb,verb"
somewhat ethereal,1,0.002,"adv,noun"
quality they,1,0.002,"noun,other"
they appear,1,0.002,"other,verb"
activities one,1,0.002,"noun,other"
one is,1,0.002,"other,verb"
seated while,1,0.002,"verb,other"
lap another,1,0.002,"noun,other"
another is,1,0.002,"other,verb"
is reclined,1,0.002,"verb,verb"
reclined on,1,0.002,"verb,other"
if taking,1,0.002,"other,verb"
taking a,1,0.002,"verb,other"
a rest,1,0.002,"other,noun"
rest and,1,0.002,"noun,other"
two others,1,0.002,"other,noun"
are standing,1,0.002,"verb,verb"
standing one,1,0.002,"verb,other"
these seems,1,0.002,"other,verb"
up towards,1,0.002,"other,noun"
something above,1,0.002,"noun,other"
above while,1,0.002,"other,other"
turned away,1,0.002,"verb,adv"
us facing,1,0.002,"other,verb"
facing the,1,0.002,"verb,other"
other direction,1,0.002,"adj,noun"
scene has,1,0.002,"noun,verb"
emphasizes their,1,0.002,"verb,other"
their silhouettes,1,0.002,"other,verb"
silhouettes against,1,0.002,"verb,other"
against what,1,0.002,"other,other"
or ocean,1,0.002,"other,noun"
ocean in,1,0.002,"noun,other"
a drawing,1,0.002,"other,verb"
drawing in,1,0.002,"verb,other"
style attributed,1,0.002,"noun,verb"
picasso and,1,0.002,"noun,other"
titled seated,1,0.002,"verb,verb"
woman olga,1,0.002,"noun,adv"
olga it,1,0.002,"adv,other"
other she,1,0.002,"adj,other"
drawing emphasizes,1,0.002,"verb,verb"
precision and,1,0.002,"noun,other"
updo contributing,1,0.002,"adj,verb"
overall formal,1,0.002,"adj,adj"
formal and,1,0.002,"adj,other"
classical composition,1,0.002,"adj,noun"
traditional art,1,0.002,"adj,noun"
style painting,1,0.002,"noun,verb"
behind she,1,0.002,"other,other"
a ledge,1,0.002,"other,noun"
ledge or,1,0.002,"noun,other"
a draped,1,0.002,"other,verb"
draped garment,1,0.002,"verb,noun"
garment which,1,0.002,"noun,other"
falls over,1,0.002,"verb,other"
is bare,1,0.002,"verb,noun"
bare revealing,1,0.002,"noun,verb"
revealing her,1,0.002,"verb,other"
her full,1,0.002,"other,adj"
full figure,1,0.002,"adj,noun"
waist down,1,0.002,"noun,adv"
down the,1,0.002,"adv,other"
the neoclassicism,1,0.002,"other,noun"
neoclassicism style,1,0.002,"noun,noun"
lines sense,1,0.002,"noun,verb"
to historical,1,0.002,"other,adj"
mythological subjects,1,0.002,"adj,noun"
the technique,1,0.002,"other,noun"
piece includes,1,0.002,"noun,verb"
a smooth,1,0.002,"other,adj"
smooth application,1,0.002,"adj,noun"
muted enhancing,1,0.002,"verb,verb"
classical mood,1,0.002,"adj,noun"
title standing,1,0.002,"noun,verb"
standing nude,1,0.002,"verb,adj"
nude suggests,1,0.002,"adj,verb"
its aesthetic,1,0.002,"other,adj"
qualities which,1,0.002,"noun,other"
art history,1,0.002,"noun,noun"
history particularly,1,0.002,"noun,adv"
particularly during,1,0.002,"adv,other"
neoclassical period,1,0.002,"noun,noun"
period pablo,1,0.002,"noun,adj"
picasso being,1,0.002,"noun,verb"
artist associated,1,0.002,"noun,adj"
his versatility,1,0.002,"other,noun"
versatility and,1,0.002,"noun,other"
influence across,1,0.002,"noun,other"
different artistic,1,0.002,"adj,adj"
artistic movements,1,0.002,"adj,noun"
movements although,1,0.002,"noun,other"
although he,1,0.002,"other,other"
he s,1,0.002,"other,noun"
s more,1,0.002,"noun,adv"
more commonly,1,0.002,"adv,adv"
with cubism,1,0.002,"other,noun"
cubism he,1,0.002,"noun,other"
was also,1,0.002,"verb,adv"
also proficient,1,0.002,"adv,noun"
proficient in,1,0.002,"noun,other"
as seen,1,0.002,"other,verb"
titled two,1,0.002,"verb,other"
two nude,1,0.002,"other,adj"
nude women,1,0.002,"adj,noun"
of order,1,0.002,"other,noun"
order and,1,0.002,"noun,other"
symmetry there,1,0.002,"noun,other"
scene one,1,0.002,"noun,other"
hand on,1,0.002,"noun,other"
hip her,1,0.002,"noun,other"
viewer while,1,0.002,"noun,other"
comfortably also,1,0.002,"adv,adv"
viewer both,1,0.002,"noun,other"
are nude,1,0.002,"verb,adj"
nude showcasing,1,0.002,"adj,verb"
showcasing human,1,0.002,"verb,adj"
anatomy in,1,0.002,"noun,other"
and unselfconscious,1,0.002,"other,adj"
unselfconscious state,1,0.002,"adj,noun"
primarily muted,1,0.002,"adv,verb"
of browns,1,0.002,"other,noun"
classical ambiance,1,0.002,"adj,noun"
piece pablo,1,0.002,"noun,adj"
not associated,1,0.002,"adv,adj"
particular style,1,0.002,"adj,noun"
style or,1,0.002,"noun,other"
artwork therefore,1,0.002,"noun,other"
therefore this,1,0.002,"other,other"
description may,1,0.002,"noun,other"
not accurately,1,0.002,"adv,adv"
accurately reflect,1,0.002,"adv,verb"
reflect the,1,0.002,"verb,other"
image s,1,0.002,"noun,noun"
the seashore,1,0.002,"other,noun"
seashore a,1,0.002,"noun,other"
woman adorned,1,0.002,"noun,verb"
adorned in,1,0.002,"verb,other"
long white,1,0.002,"adj,adj"
flows around,1,0.002,"verb,other"
beach she,1,0.002,"noun,other"
baby in,1,0.002,"noun,other"
arms cradling,1,0.002,"noun,verb"
cradling it,1,0.002,"verb,other"
it gently,1,0.002,"other,adv"
gently with,1,0.002,"adv,other"
peaceful expression,1,0.002,"adj,noun"
man lies,1,0.002,"noun,noun"
lies supine,1,0.002,"noun,noun"
supine next,1,0.002,"noun,adj"
them seemingly,1,0.002,"other,adv"
seemingly relaxed,1,0.002,"adv,verb"
ease he,1,0.002,"noun,other"
dressed only,1,0.002,"verb,adv"
only in,1,0.002,"adv,other"
a pair,1,0.002,"other,verb"
pair of,1,0.002,"verb,other"
of shorts,1,0.002,"other,noun"
shorts suggesting,1,0.002,"noun,verb"
warm leisurely,1,0.002,"adj,adv"
leisurely day,1,0.002,"adv,noun"
reveals an,1,0.002,"verb,other"
expansive seascape,1,0.002,"adj,noun"
seascape with,1,0.002,"noun,other"
vast ocean,1,0.002,"adj,noun"
ocean stretching,1,0.002,"noun,verb"
stretching out,1,0.002,"verb,other"
out into,1,0.002,"other,other"
horizon a,1,0.002,"noun,other"
a few,1,0.002,"other,adj"
few birds,1,0.002,"adj,noun"
birds can,1,0.002,"noun,other"
seen flying,1,0.002,"verb,verb"
flying in,1,0.002,"verb,other"
harmony pablo,1,0.002,"noun,adj"
signature use,1,0.002,"noun,verb"
evident bringing,1,0.002,"adj,verb"
bringing depth,1,0.002,"verb,adj"
this serene,1,0.002,"other,adj"
serene family,1,0.002,"adj,noun"
child rendered,1,0.002,"noun,verb"
mother seated,1,0.002,"noun,verb"
bench cradles,1,0.002,"noun,noun"
cradles the,1,0.002,"noun,other"
arms her,1,0.002,"noun,other"
care as,1,0.002,"noun,other"
gazes down,1,0.002,"verb,adv"
infant the,1,0.002,"verb,other"
is nestled,1,0.002,"verb,verb"
nestled securely,1,0.002,"verb,adv"
securely in,1,0.002,"adv,other"
s embrace,1,0.002,"noun,noun"
embrace appearing,1,0.002,"noun,verb"
appearing peaceful,1,0.002,"verb,adj"
and content,1,0.002,"other,noun"
content the,1,0.002,"noun,other"
soft flowing,1,0.002,"adj,verb"
and tenderness,1,0.002,"other,adv"
tenderness color,1,0.002,"adv,noun"
and earthy,1,0.002,"other,noun"
color enhances,1,0.002,"noun,verb"
artwork making,1,0.002,"noun,verb"
it appear,1,0.002,"other,verb"
appear almost,1,0.002,"verb,adv"
sculptural in,1,0.002,"adj,other"
its depth,1,0.002,"other,adj"
minimalistic allowing,1,0.002,"adj,verb"
remain centered,1,0.002,"verb,verb"
child it,1,0.002,"noun,other"
it provides,1,0.002,"other,verb"
subjects of,1,0.002,"noun,other"
familial intimacy,1,0.002,"adj,noun"
intimacy with,1,0.002,"noun,other"
warmth characteristic,1,0.002,"noun,adj"
times or,1,0.002,"noun,other"
mythology the,1,0.002,"noun,other"
is running,1,0.002,"verb,verb"
running ahead,1,0.002,"verb,adv"
hair flowing,1,0.002,"adj,verb"
hand raised,1,0.002,"noun,verb"
raised as,1,0.002,"verb,other"
s reaching,1,0.002,"noun,verb"
reaching for,1,0.002,"verb,other"
for something,1,0.002,"other,noun"
or celebrating,1,0.002,"other,verb"
a victory,1,0.002,"other,noun"
victory the,1,0.002,"noun,other"
be trying,1,0.002,"verb,verb"
trying to,1,0.002,"verb,other"
to catch,1,0.002,"other,verb"
catch up,1,0.002,"verb,other"
up extending,1,0.002,"other,verb"
extending one,1,0.002,"verb,other"
arm towards,1,0.002,"noun,noun"
woman perhaps,1,0.002,"noun,adv"
a gesture,1,0.002,"other,noun"
gesture of,1,0.002,"noun,other"
of competition,1,0.002,"other,noun"
competition or,1,0.002,"noun,other"
or camaraderie,1,0.002,"other,noun"
camaraderie they,1,0.002,"noun,other"
dynamic movement,1,0.002,"adj,noun"
movement against,1,0.002,"noun,other"
to represent,1,0.002,"other,verb"
represent the,1,0.002,"verb,other"
sea under,1,0.002,"noun,other"
sky dotted,1,0.002,"adj,verb"
clouds the,1,0.002,"adj,other"
motion conveyed,1,0.002,"noun,adj"
of contrapposto,1,0.002,"other,noun"
contrapposto a,1,0.002,"noun,other"
a technique,1,0.002,"other,noun"
form s,1,0.002,"noun,noun"
s natural,1,0.002,"noun,adj"
natural balance,1,0.002,"adj,noun"
character harlequin,1,0.002,"noun,noun"
from italian,1,0.002,"other,adj"
italian renaissance,1,0.002,"adj,noun"
renaissance theater,1,0.002,"noun,noun"
theater the,1,0.002,"noun,other"
us creating,1,0.002,"other,verb"
intimate interaction,1,0.002,"verb,noun"
a pointed,1,0.002,"other,verb"
pointed hat,1,0.002,"verb,other"
hat reminiscent,1,0.002,"other,adj"
traditional representations,1,0.002,"adj,noun"
representations of,1,0.002,"noun,other"
of harlequin,1,0.002,"other,noun"
harlequin or,1,0.002,"noun,other"
other jester,1,0.002,"adj,noun"
jester characters,1,0.002,"noun,noun"
characters they,1,0.002,"noun,other"
a jacket,1,0.002,"other,noun"
vibrant array,1,0.002,"adj,noun"
colors including,1,0.002,"noun,verb"
including reds,1,0.002,"verb,verb"
s hands,1,0.002,"noun,noun"
crossed in,1,0.002,"verb,other"
of them,1,0.002,"other,other"
dynamic posture,1,0.002,"adj,noun"
posture pablo,1,0.002,"noun,adj"
picasso known,1,0.002,"noun,verb"
his revolutionary,1,0.002,"other,adj"
revolutionary artistic,1,0.002,"adj,adj"
vision often,1,0.002,"noun,adv"
often combined,1,0.002,"adv,verb"
combined elements,1,0.002,"verb,noun"
different time,1,0.002,"adj,noun"
time periods,1,0.002,"noun,noun"
periods and,1,0.002,"noun,other"
and cultures,1,0.002,"other,noun"
cultures to,1,0.002,"noun,other"
create unique,1,0.002,"noun,adj"
unique and,1,0.002,"adj,other"
and thought,1,0.002,"other,verb"
thought provoking,1,0.002,"verb,verb"
provoking works,1,0.002,"verb,verb"
works which,1,0.002,"verb,other"
artwork carries,1,0.002,"noun,verb"
carries a,1,0.002,"verb,other"
signature that,1,0.002,"noun,other"
reads picasso,1,0.002,"noun,noun"
affirming the,1,0.002,"noun,other"
identity the,1,0.002,"noun,other"
form here,1,0.002,"noun,adv"
here reflects,1,0.002,"adv,verb"
reflects picasso,1,0.002,"verb,noun"
break away,1,0.002,"noun,adv"
traditional forms,1,0.002,"adj,noun"
of representation,1,0.002,"other,noun"
representation while,1,0.002,"noun,other"
while still,1,0.002,"other,adv"
still paying,1,0.002,"adv,verb"
paying homage,1,0.002,"verb,noun"
homage to,1,0.002,"noun,other"
to classic,1,0.002,"other,adj"
classic iconography,1,0.002,"adj,noun"
classical time,1,0.002,"adj,noun"
period judging,1,0.002,"noun,noun"
a rock,1,0.002,"other,noun"
rock or,1,0.002,"noun,other"
resting over,1,0.002,"verb,other"
other extended,1,0.002,"adj,verb"
the rock,1,0.002,"other,noun"
rock her,1,0.002,"noun,other"
clothing suggests,1,0.002,"verb,verb"
ancient mythology,1,0.002,"adj,noun"
mythology or,1,0.002,"noun,other"
or history,1,0.002,"other,noun"
history possibly,1,0.002,"noun,adv"
possibly roman,1,0.002,"adv,adj"
roman given,1,0.002,"adj,verb"
calm body,1,0.002,"adj,noun"
a lake,1,0.002,"other,noun"
lake or,1,0.002,"noun,other"
still part,1,0.002,"adv,noun"
river suggesting,1,0.002,"noun,verb"
peaceful setting,1,0.002,"adj,verb"
setting there,1,0.002,"verb,other"
vegetation along,1,0.002,"noun,other"
and diffused,1,0.002,"other,verb"
diffused contributing,1,0.002,"verb,verb"
atmosphere neoclassicism,1,0.002,"adv,noun"
neoclassicism is,1,0.002,"noun,verb"
of clear,1,0.002,"other,adj"
on classic,1,0.002,"other,adj"
classic subjects,1,0.002,"adj,noun"
from history,1,0.002,"other,noun"
mythology pablo,1,0.002,"noun,adj"
picasso although,1,0.002,"noun,other"
although better,1,0.002,"other,adj"
better known,1,0.002,"adj,verb"
later cubist,1,0.002,"adv,noun"
works did,1,0.002,"verb,verb"
did produce,1,0.002,"verb,verb"
produce pieces,1,0.002,"verb,noun"
pieces in,1,0.002,"noun,other"
various styles,1,0.002,"adj,noun"
styles including,1,0.002,"noun,verb"
including neoclassical,1,0.002,"verb,noun"
neoclassical the,1,0.002,"noun,other"
by him,1,0.002,"other,other"
be lovers,1,0.002,"verb,noun"
lovers the,1,0.002,"noun,other"
neoclassicism with,1,0.002,"noun,other"
to symmetry,1,0.002,"other,noun"
classical aesthetics,1,0.002,"adj,noun"
be described,1,0.002,"verb,adj"
described as,1,0.002,"adj,other"
as classical,1,0.002,"other,adj"
context she,1,0.002,"adj,other"
extended towards,1,0.002,"verb,noun"
man beside,1,0.002,"noun,noun"
beside her,1,0.002,"noun,other"
her who,1,0.002,"other,other"
embracing her,1,0.002,"verb,other"
an outfit,1,0.002,"other,verb"
outfit that,1,0.002,"verb,other"
classical period,1,0.002,"adj,noun"
be ancient,1,0.002,"verb,adj"
ancient roman,1,0.002,"adj,adj"
roman clothing,1,0.002,"adj,verb"
clothing his,1,0.002,"verb,other"
of intensity,1,0.002,"other,noun"
gazes at,1,0.002,"verb,other"
woman the,1,0.002,"noun,other"
varied adding,1,0.002,"adj,verb"
figures without,1,0.002,"noun,other"
detracting from,1,0.002,"verb,other"
their prominence,1,0.002,"other,noun"
prominence there,1,0.002,"noun,other"
provide further,1,0.002,"verb,adv"
characters or,1,0.002,"noun,other"
story being,1,0.002,"noun,verb"
being depicted,1,0.002,"verb,verb"
painting suggest,1,0.002,"verb,noun"
narrative rooted,1,0.002,"adj,verb"
rooted in,1,0.002,"verb,other"
or romance,1,0.002,"other,noun"
romance which,1,0.002,"noun,other"
in neoclassic,1,0.002,"other,adj"
neoclassic artworks,1,0.002,"adj,noun"
the backrest,1,0.002,"other,adj"
its clarity,1,0.002,"other,noun"
clarity orderliness,1,0.002,"noun,noun"
orderliness balance,1,0.002,"noun,noun"
approach can,1,0.002,"noun,other"
meticulous rendering,1,0.002,"adj,verb"
attire as,1,0.002,"noun,other"
careful composition,1,0.002,"adj,noun"
a structured,1,0.002,"other,verb"
structured background,1,0.002,"verb,noun"
that frames,1,0.002,"other,verb"
frames the,1,0.002,"verb,other"
subject effectively,1,0.002,"adj,adv"
effectively the,1,0.002,"adv,other"
tones further,1,0.002,"noun,adv"
the classic,1,0.002,"other,adj"
classic aesthetic,1,0.002,"adj,adj"
child sitting,1,0.002,"noun,verb"
sitting atop,1,0.002,"verb,noun"
a donkey,1,0.002,"other,noun"
donkey the,1,0.002,"noun,other"
possibly historical,1,0.002,"adv,adj"
historical clothing,1,0.002,"adj,verb"
white robe,1,0.002,"adj,noun"
a turban,1,0.002,"other,adj"
turban the,1,0.002,"adj,other"
donkey has,1,0.002,"noun,verb"
harness and,1,0.002,"noun,other"
is being,1,0.002,"verb,verb"
being led,1,0.002,"verb,verb"
led by,1,0.002,"verb,other"
by someone,1,0.002,"other,noun"
someone who,1,0.002,"noun,other"
frame suggesting,1,0.002,"noun,verb"
adult guide,1,0.002,"noun,noun"
guide leading,1,0.002,"noun,verb"
s ride,1,0.002,"noun,verb"
ride both,1,0.002,"verb,other"
child and,1,0.002,"noun,other"
donkey are,1,0.002,"noun,verb"
of open,1,0.002,"other,adj"
open space,1,0.002,"adj,noun"
its clear,1,0.002,"other,adj"
lines balance,1,0.002,"noun,noun"
simplicity this,1,0.002,"noun,other"
description corresponds,1,0.002,"noun,verb"
corresponds to,1,0.002,"verb,other"
the information,1,0.002,"other,noun"
information provided,1,0.002,"noun,verb"
provided about,1,0.002,"verb,other"
titled paul,1,0.002,"verb,verb"
paul the,1,0.002,"verb,other"
son ten,1,0.002,"noun,adj"
ten years,1,0.002,"adj,noun"
years old,1,0.002,"noun,adj"
old by,1,0.002,"adj,other"
named paulo,1,0.002,"verb,adj"
paulo who,1,0.002,"adj,other"
son the,1,0.002,"noun,other"
expressive manner,1,0.002,"adj,adj"
colors highlighting,1,0.002,"noun,verb"
intensity often,1,0.002,"noun,adv"
not realistic,1,0.002,"adv,adj"
realistic it,1,0.002,"adj,other"
it serves,1,0.002,"other,noun"
emphasize certain,1,0.002,"verb,adj"
face such,1,0.002,"verb,adj"
and nose,1,0.002,"other,verb"
nose the,1,0.002,"verb,other"
attention back,1,0.002,"noun,adv"
portrait overall,1,0.002,"verb,adj"
and curiosity,1,0.002,"other,noun"
curiosity in,1,0.002,"noun,other"
seated figure,1,0.002,"verb,noun"
by classical,1,0.002,"other,adj"
styles which,1,0.002,"noun,other"
genre typically,1,0.002,"noun,adv"
with artists,1,0.002,"other,noun"
artists such,1,0.002,"noun,adj"
they seem,1,0.002,"other,noun"
gazing or,1,0.002,"verb,other"
around their,1,0.002,"other,other"
their form,1,0.002,"other,noun"
form suggesting,1,0.002,"noun,verb"
suggesting clothing,1,0.002,"verb,verb"
clothing from,1,0.002,"verb,other"
an earlier,1,0.002,"other,adv"
earlier historical,1,0.002,"adv,adj"
period that,1,0.002,"noun,other"
often serves,1,0.002,"adv,noun"
as inspiration,1,0.002,"other,noun"
inspiration for,1,0.002,"noun,other"
for neoclassical,1,0.002,"other,noun"
neoclassical works,1,0.002,"noun,verb"
shows loose,1,0.002,"verb,adj"
brushstrokes with,1,0.002,"noun,other"
visible textures,1,0.002,"adj,noun"
textures particularly,1,0.002,"noun,adv"
the handling,1,0.002,"other,verb"
fabric this,1,0.002,"adj,other"
technique contributes,1,0.002,"noun,noun"
many neoclassical,1,0.002,"adj,noun"
neoclassical portraits,1,0.002,"noun,noun"
picasso his,1,0.002,"noun,other"
his signature,1,0.002,"other,noun"
legible and,1,0.002,"adj,other"
and matches,1,0.002,"other,noun"
matches his,1,0.002,"noun,other"
of autograph,1,0.002,"other,other"
shoulders within,1,0.002,"noun,other"
an oval,1,0.002,"other,noun"
oval frame,1,0.002,"noun,noun"
it belongs,1,0.002,"other,noun"
the surrealist,1,0.002,"other,adj"
surrealist movement,1,0.002,"adj,noun"
large expressive,1,0.002,"adj,adj"
expressive eyes,1,0.002,"adj,noun"
eyes with,1,0.002,"noun,other"
with prominent,1,0.002,"other,noun"
prominent eyelashes,1,0.002,"noun,noun"
eyelashes a,1,0.002,"noun,other"
small straight,1,0.002,"adj,adj"
and pursed,1,0.002,"other,verb"
pursed lips,1,0.002,"verb,verb"
her cheek,1,0.002,"other,noun"
cheek features,1,0.002,"noun,noun"
are accentuated,1,0.002,"verb,adj"
by deep,1,0.002,"other,adj"
deep shadows,1,0.002,"adj,verb"
shadows she,1,0.002,"verb,other"
brim suggesting,1,0.002,"adj,verb"
or mystery,1,0.002,"other,noun"
mystery there,1,0.002,"noun,other"
that looks,1,0.002,"other,noun"
bow at,1,0.002,"noun,other"
the dreamy,1,0.002,"other,adj"
to textures,1,0.002,"other,noun"
boy likely,1,0.002,"adj,adj"
son depicted,1,0.002,"noun,verb"
is portraiture,1,0.002,"verb,verb"
portraiture focusing,1,0.002,"verb,verb"
human face,1,0.002,"adj,verb"
boy appears,1,0.002,"adj,verb"
have short,1,0.002,"verb,adj"
is facing,1,0.002,"verb,verb"
facing directly,1,0.002,"verb,adv"
focus background,1,0.002,"noun,noun"
contrast emphasizing,1,0.002,"noun,verb"
emphasizing his,1,0.002,"verb,other"
his features,1,0.002,"other,noun"
palette which,1,0.002,"noun,other"
intensity characteristic,1,0.002,"noun,adj"
style labeled,1,0.002,"noun,verb"
labeled as,1,0.002,"verb,other"
dream it,1,0.002,"noun,other"
couch with,1,0.002,"adj,other"
body oriented,1,0.002,"noun,verb"
oriented diagonally,1,0.002,"verb,adv"
diagonally across,1,0.002,"adv,other"
canvas the,1,0.002,"noun,other"
long strands,1,0.002,"adj,noun"
strands of,1,0.002,"noun,other"
of pearls,1,0.002,"other,noun"
pearls and,1,0.002,"noun,other"
distinctive cubist,1,0.002,"adj,noun"
objects within,1,0.002,"noun,other"
of pastel,1,0.002,"other,noun"
quality suggested,1,0.002,"noun,verb"
features textured,1,0.002,"noun,adj"
textured patterns,1,0.002,"adj,noun"
as curtains,1,0.002,"other,noun"
upholstery further,1,0.002,"adj,adv"
this dream,1,0.002,"other,noun"
like scenario,1,0.002,"other,noun"
scenario the,1,0.002,"noun,other"
s attribution,1,0.002,"noun,noun"
attribution to,1,0.002,"noun,other"
picasso a,1,0.002,"noun,other"
renowned proponent,1,0.002,"verb,noun"
proponent of,1,0.002,"noun,other"
cubism who,1,0.002,"noun,other"
his innovative,1,0.002,"other,adj"
innovative and,1,0.002,"adj,other"
often abstract,1,0.002,"adv,adj"
abstract interpretations,1,0.002,"adj,noun"
interpretations of,1,0.002,"noun,other"
crossed and,1,0.002,"verb,other"
arms resting,1,0.002,"noun,verb"
her knees,1,0.002,"other,noun"
knees she,1,0.002,"noun,other"
gazing downwards,1,0.002,"verb,noun"
red armchair,1,0.002,"adj,noun"
armchair providing,1,0.002,"noun,verb"
is cubist,1,0.002,"verb,noun"
cubist characterized,1,0.002,"noun,verb"
by geometric,1,0.002,"other,adj"
planes that,1,0.002,"noun,other"
representation rather,1,0.002,"noun,adv"
realistic one,1,0.002,"adj,other"
one there,1,0.002,"other,other"
visible lines,1,0.002,"adj,noun"
may seem,1,0.002,"other,noun"
seem disconnected,1,0.002,"noun,verb"
disconnected at,1,0.002,"verb,other"
at first,1,0.002,"other,adv"
first glance,1,0.002,"adv,noun"
glance but,1,0.002,"noun,other"
but contribute,1,0.002,"other,noun"
this abstract,1,0.002,"other,adj"
nature is,1,0.002,"adj,verb"
often challenges,1,0.002,"adv,noun"
challenges conventional,1,0.002,"noun,adj"
conventional perspectives,1,0.002,"adj,verb"
perspectives and,1,0.002,"verb,other"
and explores,1,0.002,"other,noun"
explores multiple,1,0.002,"noun,adj"
multiple views,1,0.002,"adj,noun"
views simultaneously,1,0.002,"noun,adv"
simultaneously the,1,0.002,"adv,other"
detail with,1,0.002,"noun,other"
with textures,1,0.002,"other,noun"
the armchair,1,0.002,"other,noun"
armchair has,1,0.002,"noun,verb"
decorative pattern,1,0.002,"adj,adj"
backrest and,1,0.002,"adj,other"
fabric seems,1,0.002,"adj,verb"
seems soft,1,0.002,"verb,adj"
and plush,1,0.002,"other,noun"
plush there,1,0.002,"noun,other"
image overall,1,0.002,"noun,adj"
depict human,1,0.002,"noun,adj"
of emotional,1,0.002,"other,adj"
emotional resonance,1,0.002,"adj,noun"
surrealistic representation,1,0.002,"adj,noun"
mirror the,1,0.002,"noun,other"
body are,1,0.002,"noun,verb"
loose abstract,1,0.002,"adj,adj"
that defy,1,0.002,"other,verb"
defy typical,1,0.002,"verb,adj"
typical anatomical,1,0.002,"adj,adj"
anatomical proportions,1,0.002,"adj,noun"
proportions she,1,0.002,"noun,other"
looking into,1,0.002,"verb,other"
the mirror,1,0.002,"other,noun"
mirror which,1,0.002,"noun,other"
visible behind,1,0.002,"adj,other"
are mostly,1,0.002,"verb,adv"
mostly pastel,1,0.002,"adv,noun"
pastel giving,1,0.002,"noun,verb"
subdued or,1,0.002,"verb,other"
or muted,1,0.002,"other,verb"
muted tone,1,0.002,"verb,noun"
tone the,1,0.002,"noun,other"
stylized with,1,0.002,"verb,other"
dress adding,1,0.002,"noun,verb"
person named,1,0.002,"noun,verb"
named d,1,0.002,"verb,verb"
d m,1,0.002,"verb,adj"
wearing some,1,0.002,"verb,other"
of headgear,1,0.002,"other,verb"
headgear or,1,0.002,"verb,other"
or hat,1,0.002,"other,other"
and stands,1,0.002,"other,verb"
this headgear,1,0.002,"other,verb"
headgear has,1,0.002,"verb,verb"
has what,1,0.002,"verb,other"
be tiers,1,0.002,"verb,noun"
tiers or,1,0.002,"noun,other"
or layers,1,0.002,"other,noun"
layers which,1,0.002,"noun,other"
or stylized,1,0.002,"other,verb"
stylized fashion,1,0.002,"verb,noun"
fashion choice,1,0.002,"noun,noun"
choice the,1,0.002,"noun,other"
on shades,1,0.002,"other,noun"
person portrayed,1,0.002,"noun,verb"
portrayed this,1,0.002,"verb,other"
this limited,1,0.002,"other,verb"
limited use,1,0.002,"verb,verb"
in naïve,1,0.002,"other,noun"
on expression,1,0.002,"other,noun"
than realism,1,0.002,"other,noun"
solid light,1,0.002,"adj,adj"
light green,1,0.002,"adj,adj"
figure making,1,0.002,"noun,verb"
initials p,1,0.002,"noun,adj"
p m,1,0.002,"adj,adj"
m are,1,0.002,"adj,verb"
corner suggesting,1,0.002,"noun,verb"
that these,1,0.002,"other,other"
these may,1,0.002,"other,other"
be those,1,0.002,"verb,other"
those of,1,0.002,"other,other"
artist although,1,0.002,"noun,other"
although they,1,0.002,"other,other"
they do,1,0.002,"other,verb"
not correspond,1,0.002,"adv,noun"
correspond with,1,0.002,"noun,other"
with pablo,1,0.002,"other,adj"
s typical,1,0.002,"noun,adj"
typical signature,1,0.002,"adj,noun"
signature the,1,0.002,"noun,other"
s earlier,1,0.002,"noun,adv"
earlier works,1,0.002,"adv,verb"
works when,1,0.002,"verb,other"
he experimented,1,0.002,"other,adj"
experimented with,1,0.002,"adj,other"
with naïve,1,0.002,"other,noun"
naïve or,1,0.002,"noun,other"
primitivist styles,1,0.002,"verb,noun"
styles characterized,1,0.002,"noun,verb"
by their,1,0.002,"other,other"
colors however,1,0.002,"noun,adv"
context it,1,0.002,"adj,other"
confirm the,1,0.002,"verb,other"
identity as,1,0.002,"noun,other"
picasso based,1,0.002,"noun,verb"
based solely,1,0.002,"verb,adv"
solely on,1,0.002,"adv,other"
geranium by,1,0.002,"noun,other"
matisse rendered,1,0.002,"adj,verb"
style we,1,0.002,"noun,other"
a geranium,1,0.002,"other,noun"
geranium plant,1,0.002,"noun,noun"
leaves housed,1,0.002,"verb,verb"
housed in,1,0.002,"verb,other"
a pot,1,0.002,"other,noun"
pot to,1,0.002,"noun,other"
geranium there,1,0.002,"noun,other"
an empty,1,0.002,"other,adj"
empty teapot,1,0.002,"adj,noun"
teapot while,1,0.002,"noun,other"
while to,1,0.002,"other,other"
fruit can,1,0.002,"noun,other"
seen on,1,0.002,"verb,other"
table scattered,1,0.002,"noun,verb"
around these,1,0.002,"other,other"
these objects,1,0.002,"other,noun"
some items,1,0.002,"other,noun"
items that,1,0.002,"noun,other"
resemble figurines,1,0.002,"adj,noun"
figurines or,1,0.002,"noun,other"
perhaps abstract,1,0.002,"adv,adj"
abstract sculptures,1,0.002,"adj,verb"
sculptures the,1,0.002,"verb,other"
wall which,1,0.002,"noun,other"
colorful composition,1,0.002,"adj,noun"
colorful painting,1,0.002,"adj,verb"
sea seen,1,0.002,"noun,verb"
seen from,1,0.002,"verb,other"
from collioure,1,0.002,"other,noun"
collioure by,1,0.002,"noun,other"
matisse who,1,0.002,"adj,other"
prominent figure,1,0.002,"noun,noun"
fauvism style,1,0.002,"noun,noun"
a tree,1,0.002,"other,verb"
tree with,1,0.002,"verb,other"
visible leaves,1,0.002,"adj,verb"
leaves adding,1,0.002,"verb,verb"
green to,1,0.002,"adj,other"
composition beyond,1,0.002,"noun,other"
tree one,1,0.002,"verb,other"
be buildings,1,0.002,"verb,noun"
buildings or,1,0.002,"noun,other"
or structures,1,0.002,"other,verb"
structures suggesting,1,0.002,"verb,verb"
a town,1,0.002,"other,noun"
village near,1,0.002,"verb,other"
the coast,1,0.002,"other,noun"
coast the,1,0.002,"noun,other"
sea itself,1,0.002,"noun,other"
shades possibly,1,0.002,"noun,adv"
possibly reflecting,1,0.002,"adv,verb"
reflecting different,1,0.002,"verb,adj"
different times,1,0.002,"adj,noun"
times of,1,0.002,"noun,other"
day or,1,0.002,"noun,other"
or weather,1,0.002,"other,noun"
weather conditions,1,0.002,"noun,noun"
conditions but,1,0.002,"noun,other"
but predominantly,1,0.002,"other,adv"
predominantly in,1,0.002,"adv,other"
in lighter,1,0.002,"other,noun"
suggest the,1,0.002,"noun,other"
clouds painted,1,0.002,"adj,verb"
in whites,1,0.002,"other,noun"
just for,1,0.002,"adv,other"
energy which,1,0.002,"noun,other"
another hallmark,1,0.002,"other,adj"
fauvism matisse,1,0.002,"noun,adj"
s painting,1,0.002,"noun,verb"
of collioure,1,0.002,"other,noun"
collioure a,1,0.002,"noun,other"
coastal town,1,0.002,"noun,noun"
town in,1,0.002,"noun,other"
france that,1,0.002,"noun,other"
was frequented,1,0.002,"verb,verb"
frequented by,1,0.002,"verb,other"
by many,1,0.002,"other,adj"
many artists,1,0.002,"adj,noun"
artists during,1,0.002,"noun,other"
time including,1,0.002,"noun,verb"
including himself,1,0.002,"verb,other"
sitting at,1,0.002,"verb,other"
the dominant,1,0.002,"other,verb"
dominant color,1,0.002,"verb,noun"
is red,1,0.002,"verb,adj"
red giving,1,0.002,"adj,verb"
vibrant feel,1,0.002,"adj,verb"
feel on,1,0.002,"verb,other"
table there,1,0.002,"noun,other"
are ripe,1,0.002,"verb,noun"
ripe fruits,1,0.002,"noun,noun"
fruits such,1,0.002,"noun,adj"
as oranges,1,0.002,"other,verb"
a lemon,1,0.002,"other,adj"
lemon along,1,0.002,"adj,other"
in vases,1,0.002,"other,noun"
vases and,1,0.002,"noun,other"
a potted,1,0.002,"other,verb"
potted plant,1,0.002,"verb,noun"
foliage there,1,0.002,"noun,other"
book on,1,0.002,"noun,other"
domestic and,1,0.002,"adj,other"
chair engrossed,1,0.002,"noun,verb"
perhaps reading,1,0.002,"adv,verb"
reading contributing,1,0.002,"verb,verb"
overall calmness,1,0.002,"adj,noun"
calmness of,1,0.002,"noun,other"
emphasize form,1,0.002,"verb,noun"
corner identifying,1,0.002,"noun,noun"
identifying this,1,0.002,"noun,other"
this as,1,0.002,"other,other"
extended and,1,0.002,"verb,other"
hip she,1,0.002,"noun,other"
tutu adorned,1,0.002,"noun,verb"
together creating,1,0.002,"adv,verb"
abstract backdrop,1,0.002,"adj,noun"
figure this,1,0.002,"noun,other"
colors brushwork,1,0.002,"noun,noun"
often decorative,1,0.002,"adv,adj"
dancer depicted,1,0.002,"noun,verb"
dancer is,1,0.002,"noun,verb"
behind and,1,0.002,"other,other"
s aware,1,0.002,"noun,adj"
aware of,1,0.002,"adj,other"
of our,1,0.002,"other,other"
our gaze,1,0.002,"other,noun"
gaze but,1,0.002,"noun,other"
not looking,1,0.002,"adv,verb"
at us,1,0.002,"other,other"
us she,1,0.002,"other,other"
traditional tutu,1,0.002,"adj,noun"
tutu that,1,0.002,"noun,other"
that fluffs,1,0.002,"other,noun"
fluffs out,1,0.002,"noun,other"
out around,1,0.002,"other,other"
her waist,1,0.002,"other,noun"
waist suggesting,1,0.002,"noun,verb"
the rhythmic,1,0.002,"other,verb"
rhythmic quality,1,0.002,"verb,noun"
dance her,1,0.002,"noun,other"
are held,1,0.002,"verb,verb"
held gracefully,1,0.002,"verb,adv"
gracefully in,1,0.002,"adv,other"
body possibly,1,0.002,"noun,adv"
possibly poised,1,0.002,"adv,adj"
poised for,1,0.002,"adj,other"
or gesture,1,0.002,"other,noun"
gesture the,1,0.002,"noun,other"
with grays,1,0.002,"other,noun"
grays whites,1,0.002,"noun,noun"
like green,1,0.002,"other,adj"
artwork its,1,0.002,"noun,other"
title harmony,1,0.002,"noun,noun"
in grey,1,0.002,"other,adj"
grey the,1,0.002,"adj,other"
background has,1,0.002,"noun,verb"
has some,1,0.002,"verb,other"
some indistinct,1,0.002,"other,adj"
indistinct shapes,1,0.002,"adj,noun"
an abstracted,1,0.002,"other,verb"
abstracted stage,1,0.002,"verb,noun"
stage setting,1,0.002,"noun,verb"
setting reinforcing,1,0.002,"verb,noun"
s context,1,0.002,"noun,adj"
a performer,1,0.002,"other,noun"
performer the,1,0.002,"noun,other"
by broad,1,0.002,"other,adj"
of fluidity,1,0.002,"other,noun"
fluidity that,1,0.002,"noun,other"
dance there,1,0.002,"noun,other"
on balance,1,0.002,"other,noun"
both in,1,0.002,"other,other"
the distribution,1,0.002,"other,noun"
distribution of,1,0.002,"noun,other"
form across,1,0.002,"noun,other"
sideboard the,1,0.002,"noun,other"
scene depicts,1,0.002,"noun,noun"
ripe fruit,1,0.002,"noun,noun"
fruit including,1,0.002,"noun,verb"
oranges these,1,0.002,"verb,other"
these are,1,0.002,"other,verb"
sideboard that,1,0.002,"noun,other"
blue patterned,1,0.002,"noun,verb"
patterned cloth,1,0.002,"verb,noun"
cloth draped,1,0.002,"noun,verb"
table setting,1,0.002,"noun,verb"
a teapot,1,0.002,"other,noun"
teapot and,1,0.002,"noun,other"
cup the,1,0.002,"noun,other"
is expressionist,1,0.002,"verb,verb"
expressionist characterized,1,0.002,"verb,verb"
bold vibrant,1,0.002,"verb,adj"
reds which,1,0.002,"verb,other"
lively and,1,0.002,"adv,other"
signed henri,1,0.002,"verb,adj"
this renowned,1,0.002,"other,verb"
large face,1,0.002,"adj,verb"
features painted,1,0.002,"noun,verb"
that dominate,1,0.002,"other,verb"
this face,1,0.002,"other,verb"
us from,1,0.002,"other,other"
behind a,1,0.002,"other,other"
red cloth,1,0.002,"adj,noun"
cloth on,1,0.002,"noun,other"
another face,1,0.002,"other,verb"
face depicted,1,0.002,"verb,verb"
depicted within,1,0.002,"verb,other"
a golden,1,0.002,"other,adj"
frame giving,1,0.002,"noun,verb"
mirror or,1,0.002,"noun,other"
painting on,1,0.002,"verb,other"
narrative to,1,0.002,"adj,other"
vase with,1,0.002,"noun,other"
setting a,1,0.002,"verb,other"
blue bowl,1,0.002,"noun,noun"
bowl rests,1,0.002,"noun,noun"
table providing,1,0.002,"noun,verb"
colors surrounding,1,0.002,"noun,verb"
mood as,1,0.002,"noun,other"
in expressionism,1,0.002,"other,noun"
hues creates,1,0.002,"noun,noun"
effect despite,1,0.002,"noun,other"
artwork there,1,0.002,"noun,other"
of storytelling,1,0.002,"other,verb"
storytelling that,1,0.002,"verb,other"
scene based,1,0.002,"noun,verb"
own perceptions,1,0.002,"adj,noun"
red jacket,1,0.002,"adj,noun"
hair parted,1,0.002,"adj,verb"
parted on,1,0.002,"verb,other"
large flower,1,0.002,"adj,verb"
flower shaped,1,0.002,"verb,verb"
shaped earring,1,0.002,"verb,verb"
earring the,1,0.002,"verb,other"
holding her,1,0.002,"verb,other"
thoughtfully with,1,0.002,"adv,other"
relaxed contemplative,1,0.002,"verb,adj"
colorful featuring,1,0.002,"adj,noun"
featuring elements,1,0.002,"noun,noun"
as purple,1,0.002,"other,noun"
purple flowers,1,0.002,"noun,noun"
yellow foliage,1,0.002,"adj,noun"
foliage that,1,0.002,"noun,other"
the feeling,1,0.002,"other,verb"
tropical setting,1,0.002,"adj,verb"
are bold,1,0.002,"verb,verb"
saturated which,1,0.002,"verb,other"
art there,1,0.002,"noun,other"
are abstract,1,0.002,"verb,adj"
abstract shapes,1,0.002,"adj,noun"
reflects henri,1,0.002,"verb,adj"
of fluid,1,0.002,"other,noun"
fluid drapery,1,0.002,"noun,noun"
planes of,1,0.002,"noun,other"
suggest volume,1,0.002,"noun,noun"
dimensionality without,1,0.002,"noun,other"
without resorting,1,0.002,"other,verb"
resorting to,1,0.002,"verb,other"
traditional shading,1,0.002,"adj,verb"
figure centrally,1,0.002,"noun,adv"
centrally placed,1,0.002,"adv,verb"
placed against,1,0.002,"verb,other"
dynamic background,1,0.002,"adj,noun"
a cozy,1,0.002,"other,noun"
cozy interior,1,0.002,"noun,adj"
interior scene,1,0.002,"adj,noun"
scene characterized,1,0.002,"noun,verb"
lines hallmarks,1,0.002,"noun,noun"
fauvism in,1,0.002,"noun,other"
large comfortable,1,0.002,"adj,adj"
comfortable looking,1,0.002,"adj,verb"
looking chair,1,0.002,"verb,noun"
with plush,1,0.002,"other,noun"
plush cushions,1,0.002,"noun,noun"
cushions inviting,1,0.002,"noun,verb"
inviting one,1,0.002,"verb,other"
one to,1,0.002,"other,other"
to sit,1,0.002,"other,noun"
sit the,1,0.002,"noun,other"
room is,1,0.002,"noun,verb"
well lit,1,0.002,"adv,adj"
lit suggesting,1,0.002,"adj,verb"
suggesting daylight,1,0.002,"verb,adj"
daylight streaming,1,0.002,"adj,verb"
streaming in,1,0.002,"verb,other"
which features,1,0.002,"other,noun"
features white,1,0.002,"noun,adj"
white panes,1,0.002,"adj,noun"
panes that,1,0.002,"noun,other"
a structural,1,0.002,"other,adj"
structural element,1,0.002,"adj,noun"
saturated with,1,0.002,"verb,other"
with deep,1,0.002,"other,adj"
deep reds,1,0.002,"adj,verb"
reds warm,1,0.002,"verb,adj"
warm yellows,1,0.002,"adj,noun"
and cool,1,0.002,"other,noun"
cool blues,1,0.002,"noun,noun"
blues creating,1,0.002,"noun,verb"
and liveliness,1,0.002,"other,adv"
liveliness a,1,0.002,"adv,other"
flowers sits,1,0.002,"noun,noun"
sits atop,1,0.002,"noun,noun"
or mantlepiece,1,0.002,"other,adv"
mantlepiece adding,1,0.002,"adv,verb"
wall adds,1,0.002,"noun,verb"
adds another,1,0.002,"verb,other"
layer of,1,0.002,"adj,other"
of texture,1,0.002,"other,noun"
color enhancing,1,0.002,"noun,verb"
overall richness,1,0.002,"adj,adj"
richness of,1,0.002,"adj,other"
an original,1,0.002,"other,adj"
original work,1,0.002,"adj,verb"
draughtsmanship the,1,0.002,"adj,other"
to fauvism,1,0.002,"other,noun"
fauvism which,1,0.002,"noun,other"
digital rendering,1,0.002,"adj,verb"
rendering or,1,0.002,"verb,other"
or photograph,1,0.002,"other,noun"
photograph of,1,0.002,"noun,other"
piece depicting,1,0.002,"noun,noun"
traditional romanian,1,0.002,"adj,adj"
romanian attire,1,0.002,"adj,noun"
primarily red,1,0.002,"adv,adj"
red with,1,0.002,"adj,other"
some white,1,0.002,"other,adj"
white elements,1,0.002,"adj,noun"
richly decorated,1,0.002,"adj,verb"
decorated blouse,1,0.002,"verb,other"
which seems,1,0.002,"other,verb"
the romanian,1,0.002,"other,adj"
romanian blouse,1,0.002,"adj,other"
blouse this,1,0.002,"other,other"
this garment,1,0.002,"other,noun"
garment has,1,0.002,"noun,verb"
area and,1,0.002,"noun,other"
and puffy,1,0.002,"other,adj"
or cultural,1,0.002,"other,adj"
significance the,1,0.002,"noun,other"
the patterns,1,0.002,"other,noun"
patterns include,1,0.002,"noun,verb"
include geometric,1,0.002,"verb,adj"
floral motifs,1,0.002,"adj,noun"
motifs which,1,0.002,"noun,other"
traditional textiles,1,0.002,"adj,noun"
textiles in,1,0.002,"noun,other"
many cultures,1,0.002,"adj,noun"
cultures including,1,0.002,"noun,verb"
including romania,1,0.002,"verb,verb"
romania her,1,0.002,"verb,other"
resting together,1,0.002,"verb,adv"
together at,1,0.002,"adv,other"
at waist,1,0.002,"other,noun"
waist level,1,0.002,"noun,noun"
level her,1,0.002,"noun,other"
viewer but,1,0.002,"noun,other"
seems directed,1,0.002,"verb,verb"
dignified capturing,1,0.002,"verb,verb"
painting emphasizes,1,0.002,"verb,verb"
emphasizes certain,1,0.002,"verb,adj"
certain features,1,0.002,"adj,noun"
the patterned,1,0.002,"other,verb"
patterned details,1,0.002,"verb,noun"
the blouse,1,0.002,"other,other"
which stand,1,0.002,"other,noun"
the solid,1,0.002,"other,adj"
his cutouts,1,0.002,"other,noun"
cutouts and,1,0.002,"noun,other"
bold simplified,1,0.002,"verb,adj"
titled ochre,1,0.002,"verb,adv"
ochre head,1,0.002,"adv,noun"
head lozenge,1,0.002,"noun,noun"
lozenge background,1,0.002,"noun,noun"
background by,1,0.002,"noun,other"
matisse depicts,1,0.002,"adj,noun"
stylized features,1,0.002,"verb,noun"
has vibrant,1,0.002,"verb,adj"
yellow hair,1,0.002,"adj,adj"
her pinkish,1,0.002,"other,adj"
pinkish face,1,0.002,"adj,verb"
and peach,1,0.002,"other,verb"
peach colored,1,0.002,"verb,adj"
colored attire,1,0.002,"adj,noun"
dark lines,1,0.002,"adj,noun"
a diamond,1,0.002,"other,noun"
diamond pattern,1,0.002,"noun,adj"
abstract lozenge,1,0.002,"adj,noun"
lozenge shape,1,0.002,"noun,noun"
shape behind,1,0.002,"noun,other"
simple forms,1,0.002,"noun,noun"
forms is,1,0.002,"noun,verb"
fauvism an,1,0.002,"noun,other"
its expressive,1,0.002,"other,adj"
expressive use,1,0.002,"adj,verb"
the representational,1,0.002,"other,adj"
titled lemons,1,0.002,"verb,noun"
lemons and,1,0.002,"noun,other"
and saxifrages,1,0.002,"other,verb"
saxifrages by,1,0.002,"verb,other"
forms in,1,0.002,"noun,other"
two large,1,0.002,"other,adj"
large lemons,1,0.002,"adj,noun"
lemons that,1,0.002,"noun,other"
that take,1,0.002,"other,verb"
take up,1,0.002,"verb,other"
up most,1,0.002,"other,adv"
space they,1,0.002,"noun,other"
are accompanied,1,0.002,"verb,verb"
by green,1,0.002,"other,adj"
and stems,1,0.002,"other,verb"
stems which,1,0.002,"verb,other"
of freshness,1,0.002,"other,noun"
freshness to,1,0.002,"noun,other"
small vase,1,0.002,"adj,noun"
vase holding,1,0.002,"noun,verb"
bouquet possibly,1,0.002,"verb,adv"
possibly of,1,0.002,"adv,other"
of saxifrages,1,0.002,"other,verb"
saxifrages or,1,0.002,"verb,other"
similar flowers,1,0.002,"adj,noun"
bouquet adds,1,0.002,"verb,verb"
a focal,1,0.002,"other,adj"
point amidst,1,0.002,"noun,noun"
amidst the,1,0.002,"noun,other"
the lemons,1,0.002,"other,noun"
lemons the,1,0.002,"noun,other"
a tablecloth,1,0.002,"other,other"
tablecloth with,1,0.002,"other,other"
like patterns,1,0.002,"other,noun"
contrasting backdrop,1,0.002,"verb,noun"
backdrop to,1,0.002,"noun,other"
its bright,1,0.002,"other,verb"
s fauvism,1,0.002,"noun,noun"
fauvism period,1,0.002,"noun,noun"
joy and,1,0.002,"noun,other"
energy through,1,0.002,"noun,other"
dynamic forms,1,0.002,"adj,noun"
a reproduction,1,0.002,"other,noun"
the destiny,1,0.002,"other,adj"
destiny by,1,0.002,"adj,other"
s rendered,1,0.002,"noun,verb"
creation and,1,0.002,"noun,other"
dynamic brushstrokes,1,0.002,"adj,noun"
an energetic,1,0.002,"other,adj"
energetic composition,1,0.002,"adj,noun"
three distinct,1,0.002,"other,adj"
distinct sections,1,0.002,"adj,noun"
sections on,1,0.002,"noun,other"
dark silhouette,1,0.002,"adj,noun"
silhouette like,1,0.002,"noun,other"
another shape,1,0.002,"other,noun"
being and,1,0.002,"verb,other"
and on,1,0.002,"other,other"
green area,1,0.002,"adj,noun"
area with,1,0.002,"noun,other"
yellow at,1,0.002,"adj,other"
bottom that,1,0.002,"noun,other"
environment like,1,0.002,"noun,other"
like sea,1,0.002,"other,noun"
sea waves,1,0.002,"noun,noun"
waves the,1,0.002,"noun,other"
between dark,1,0.002,"other,adj"
dark tones,1,0.002,"adj,noun"
bright areas,1,0.002,"verb,noun"
areas which,1,0.002,"noun,other"
emotional impact,1,0.002,"adj,noun"
artwork evokes,1,0.002,"noun,noun"
ways depending,1,0.002,"noun,verb"
depending on,1,0.002,"verb,other"
a cut,1,0.002,"other,noun"
out style,1,0.002,"other,noun"
style piece,1,0.002,"noun,noun"
piece commonly,1,0.002,"noun,adv"
late works,1,0.002,"adj,verb"
often evoke,1,0.002,"adv,verb"
evoke organic,1,0.002,"verb,adj"
particular work,1,0.002,"adj,verb"
work seems,1,0.002,"verb,verb"
include abstract,1,0.002,"verb,adj"
abstract designs,1,0.002,"adj,noun"
designs resembling,1,0.002,"noun,verb"
resembling plant,1,0.002,"verb,noun"
or marine,1,0.002,"other,noun"
fish or,1,0.002,"adj,other"
seaweed the,1,0.002,"noun,other"
varied with,1,0.002,"adj,other"
a mix,1,0.002,"other,adj"
pinks greens,1,0.002,"noun,noun"
greens yellows,1,0.002,"noun,noun"
blacks creating,1,0.002,"noun,verb"
shapes are,1,0.002,"noun,verb"
often curved,1,0.002,"adv,verb"
curved and,1,0.002,"verb,other"
fluid giving,1,0.002,"noun,verb"
rhythm matisse,1,0.002,"noun,adj"
s cut,1,0.002,"noun,noun"
technique involves,1,0.002,"noun,verb"
involves using,1,0.002,"verb,verb"
using paper,1,0.002,"verb,noun"
paper painted,1,0.002,"noun,verb"
in solid,1,0.002,"other,adj"
create designs,1,0.002,"noun,noun"
he would,1,0.002,"other,other"
would then,1,0.002,"other,adv"
then assemble,1,0.002,"adv,adj"
assemble into,1,0.002,"adj,other"
into larger,1,0.002,"other,adj"
larger compositions,1,0.002,"adj,noun"
compositions this,1,0.002,"noun,other"
this method,1,0.002,"other,verb"
method allows,1,0.002,"verb,verb"
unique blend,1,0.002,"adj,verb"
of spontaneity,1,0.002,"other,noun"
spontaneity and,1,0.002,"noun,other"
and control,1,0.002,"other,noun"
control which,1,0.002,"noun,other"
the lagoon,1,0.002,"other,noun"
lagoon 1,1,0.002,"noun,other"
1 suggests,1,0.002,"other,verb"
artwork might,1,0.002,"noun,other"
series or,1,0.002,"noun,other"
or inspired,1,0.002,"other,verb"
by themes,1,0.002,"other,noun"
themes related,1,0.002,"noun,adj"
to natural,1,0.002,"other,adj"
natural environments,1,0.002,"adj,noun"
environments like,1,0.002,"noun,other"
like lagoon,1,0.002,"other,noun"
lagoon ecosystems,1,0.002,"noun,verb"
ecosystems however,1,0.002,"verb,adv"
specific piece,1,0.002,"adj,noun"
piece s,1,0.002,"noun,noun"
s history,1,0.002,"noun,noun"
and significance,1,0.002,"other,noun"
within matisse,1,0.002,"other,adj"
oeuvre it,1,0.002,"noun,other"
detailed analysis,1,0.002,"adj,noun"
colorful abstract,1,0.002,"adj,adj"
piece with,1,0.002,"noun,other"
patterns it,1,0.002,"noun,other"
it has,1,0.002,"other,verb"
lively mix,1,0.002,"adv,adj"
forms such,1,0.002,"noun,adj"
as squares,1,0.002,"other,noun"
squares rectangles,1,0.002,"noun,noun"
as floral,1,0.002,"other,adj"
floral or,1,0.002,"adj,other"
or organic,1,0.002,"other,adj"
greens overlapping,1,0.002,"noun,verb"
overlapping each,1,0.002,"verb,other"
other in,1,0.002,"adj,other"
an irregular,1,0.002,"other,adj"
irregular fashion,1,0.002,"adj,noun"
fashion creating,1,0.002,"noun,verb"
dynamic composition,1,0.002,"adj,noun"
expressionism known,1,0.002,"noun,verb"
creation this,1,0.002,"noun,other"
piece exhibits,1,0.002,"noun,noun"
exhibits bold,1,0.002,"noun,verb"
color areas,1,0.002,"noun,noun"
areas that,1,0.002,"noun,other"
later cut,1,0.002,"adv,noun"
out works,1,0.002,"other,verb"
works please,1,0.002,"verb,noun"
without a,1,0.002,"other,other"
clear image,1,0.002,"adj,noun"
image title,1,0.002,"noun,noun"
title or,1,0.002,"noun,other"
context from,1,0.002,"adj,other"
from you,1,0.002,"other,other"
you i,1,0.002,"other,adj"
can only,1,0.002,"other,adv"
only describe,1,0.002,"adv,adj"
artwork based,1,0.002,"noun,verb"
this photo,1,0.002,"other,noun"
the lute,1,0.002,"other,adj"
lute a,1,0.002,"adj,other"
floral patterned,1,0.002,"adj,verb"
patterned dress,1,0.002,"verb,noun"
sleeves is,1,0.002,"noun,verb"
depicted playing,1,0.002,"verb,noun"
a lute,1,0.002,"other,adj"
a dining,1,0.002,"other,verb"
dining table,1,0.002,"verb,noun"
features intricate,1,0.002,"noun,noun"
on red,1,0.002,"other,adj"
red walls,1,0.002,"adj,noun"
walls contributing,1,0.002,"noun,verb"
rich vibrant,1,0.002,"adj,adj"
the toboggan,1,0.002,"other,adj"
toboggan it,1,0.002,"adj,other"
matisse and,1,0.002,"adj,other"
features his,1,0.002,"noun,other"
distinctive cut,1,0.002,"adj,noun"
various figures,1,0.002,"adj,noun"
shapes on,1,0.002,"noun,other"
the pages,1,0.002,"other,noun"
pages which,1,0.002,"noun,other"
flat style,1,0.002,"adj,noun"
style typical,1,0.002,"noun,adj"
genre at,1,0.002,"noun,other"
dark band,1,0.002,"adj,verb"
band that,1,0.002,"verb,other"
a title,1,0.002,"other,noun"
title page,1,0.002,"noun,noun"
page or,1,0.002,"noun,other"
or cover,1,0.002,"other,verb"
cover for,1,0.002,"verb,other"
story within,1,0.002,"noun,other"
book below,1,0.002,"noun,other"
below this,1,0.002,"other,other"
this the,1,0.002,"other,other"
its arms,1,0.002,"other,noun"
raised in,1,0.002,"verb,other"
the air,1,0.002,"other,noun"
air possibly,1,0.002,"noun,adv"
joy or,1,0.002,"noun,other"
or freedom,1,0.002,"other,noun"
freedom to,1,0.002,"noun,other"
figure there,1,0.002,"noun,other"
orange shape,1,0.002,"noun,noun"
represent another,1,0.002,"verb,other"
another character,1,0.002,"other,noun"
character or,1,0.002,"noun,other"
or element,1,0.002,"other,noun"
story below,1,0.002,"noun,other"
below these,1,0.002,"other,other"
are smaller,1,0.002,"verb,adj"
patterns including,1,0.002,"noun,verb"
including lines,1,0.002,"verb,noun"
or water,1,0.002,"other,noun"
water as,1,0.002,"noun,other"
large f,1,0.002,"adj,adj"
f shaped,1,0.002,"adj,verb"
shaped form,1,0.002,"verb,noun"
abstract narrative,1,0.002,"adj,adj"
and intense,1,0.002,"other,verb"
strong contrasts,1,0.002,"adj,noun"
contrasts between,1,0.002,"noun,other"
between blue,1,0.002,"other,noun"
blue orange,1,0.002,"noun,noun"
helps create,1,0.002,"verb,noun"
yet full,1,0.002,"adv,adj"
of energy,1,0.002,"other,noun"
energy reflecting,1,0.002,"noun,verb"
reflecting matisse,1,0.002,"verb,adj"
unique cut,1,0.002,"adj,noun"
out artworks,1,0.002,"other,noun"
graphic illustration,1,0.002,"adj,noun"
illustration with,1,0.002,"noun,other"
lines typical,1,0.002,"noun,adj"
the illustration,1,0.002,"other,noun"
illustration depicts,1,0.002,"noun,noun"
a clown,1,0.002,"other,verb"
clown characterized,1,0.002,"verb,verb"
traditional red,1,0.002,"adj,adj"
red nose,1,0.002,"adj,verb"
nose which,1,0.002,"verb,other"
present here,1,0.002,"adj,adv"
here as,1,0.002,"adv,other"
well the,1,0.002,"adv,other"
features geometric,1,0.002,"noun,adj"
yellow with,1,0.002,"adj,other"
suggests curtains,1,0.002,"verb,noun"
drapery there,1,0.002,"noun,other"
also vertical,1,0.002,"adv,adj"
vertical lines,1,0.002,"adj,noun"
lines framing,1,0.002,"noun,verb"
framing the,1,0.002,"verb,other"
uses flat,1,0.002,"noun,adj"
much shading,1,0.002,"adj,verb"
shading or,1,0.002,"verb,other"
or perspective,1,0.002,"other,adj"
often employed,1,0.002,"adv,verb"
employed by,1,0.002,"verb,other"
by matisse,1,0.002,"other,adj"
years to,1,0.002,"noun,other"
to simplify,1,0.002,"other,verb"
simplify forms,1,0.002,"verb,noun"
use high,1,0.002,"verb,adj"
contrast colors,1,0.002,"noun,noun"
for bold,1,0.002,"other,verb"
bold statements,1,0.002,"verb,noun"
titled asia,1,0.002,"verb,noun"
asia is,1,0.002,"noun,verb"
expressionist piece,1,0.002,"verb,noun"
piece created,1,0.002,"noun,verb"
necklace adding,1,0.002,"noun,verb"
looking downwards,1,0.002,"verb,noun"
image consists,1,0.002,"noun,verb"
yellow backdrop,1,0.002,"adj,noun"
backdrop providing,1,0.002,"noun,verb"
scene characteristic,1,0.002,"noun,adj"
colorful representation,1,0.002,"adj,noun"
space likely,1,0.002,"noun,adj"
a section,1,0.002,"other,noun"
larger room,1,0.002,"adj,noun"
titled interior,1,0.002,"verb,adj"
interior in,1,0.002,"adj,other"
yellow is,1,0.002,"adj,verb"
distinctive expressionist,1,0.002,"adj,verb"
loose forms,1,0.002,"adj,noun"
over physical,1,0.002,"other,adj"
reality in,1,0.002,"noun,other"
objects including,1,0.002,"noun,verb"
vase a,1,0.002,"noun,other"
fruit possibly,1,0.002,"noun,adv"
possibly oranges,1,0.002,"adv,verb"
some cutlery,1,0.002,"other,noun"
cutlery on,1,0.002,"noun,other"
on another,1,0.002,"other,other"
another surface,1,0.002,"other,noun"
surface next,1,0.002,"noun,adj"
bowl behind,1,0.002,"noun,other"
behind this,1,0.002,"other,other"
central scene,1,0.002,"adj,noun"
large plant,1,0.002,"adj,noun"
broad leaves,1,0.002,"adj,verb"
that fills,1,0.002,"other,noun"
fills most,1,0.002,"noun,adv"
wall space,1,0.002,"noun,noun"
space suggesting,1,0.002,"noun,verb"
nature despite,1,0.002,"adj,other"
strong yellows,1,0.002,"adj,noun"
yellows dominating,1,0.002,"noun,adj"
interior contrasting,1,0.002,"adj,verb"
blues used,1,0.002,"noun,adj"
some objects,1,0.002,"other,noun"
surfaces such,1,0.002,"noun,adj"
additional plate,1,0.002,"adj,noun"
plate of,1,0.002,"noun,other"
of food,1,0.002,"other,noun"
food or,1,0.002,"noun,other"
another bowl,1,0.002,"other,noun"
bowl in,1,0.002,"noun,other"
background these,1,0.002,"noun,other"
colors create,1,0.002,"noun,noun"
interplay that,1,0.002,"noun,other"
that draws,1,0.002,"other,verb"
the eye,1,0.002,"other,noun"
organic contributing,1,0.002,"adj,verb"
signature matisse,1,0.002,"noun,adj"
work indicating,1,0.002,"verb,verb"
its creation,1,0.002,"other,noun"
creation by,1,0.002,"noun,other"
prominent french,1,0.002,"noun,adj"
french expressionist,1,0.002,"adj,verb"
expressionist painter,1,0.002,"verb,noun"
titled polynesia,1,0.002,"verb,verb"
polynesia la,1,0.002,"verb,noun"
la mer,1,0.002,"noun,noun"
mer by,1,0.002,"noun,other"
matisse features,1,0.002,"adj,noun"
and rhythmic,1,0.002,"other,verb"
rhythmic depiction,1,0.002,"verb,noun"
are shades,1,0.002,"verb,noun"
purple which,1,0.002,"noun,other"
dynamic underwater,1,0.002,"adj,adj"
underwater palette,1,0.002,"adj,noun"
palette fish,1,0.002,"noun,adj"
fish in,1,0.002,"adj,other"
and sizes,1,0.002,"other,noun"
sizes swim,1,0.002,"noun,verb"
swim across,1,0.002,"verb,other"
canvas their,1,0.002,"noun,other"
forms often,1,0.002,"noun,adv"
often abstracted,1,0.002,"adv,verb"
outlines coral,1,0.002,"verb,adj"
coral like,1,0.002,"adj,other"
like structures,1,0.002,"other,verb"
structures possibly,1,0.002,"verb,adv"
representing seaweed,1,0.002,"verb,noun"
seaweed or,1,0.002,"noun,other"
other aquatic,1,0.002,"adj,adj"
aquatic flora,1,0.002,"adj,verb"
flora add,1,0.002,"verb,adj"
scene matisse,1,0.002,"noun,adj"
s cutouts,1,0.002,"noun,noun"
cutouts a,1,0.002,"noun,other"
distinctive technique,1,0.002,"adj,noun"
technique he,1,0.002,"noun,other"
he developed,1,0.002,"other,verb"
developed are,1,0.002,"verb,verb"
are employed,1,0.002,"verb,verb"
employed here,1,0.002,"verb,adv"
here to,1,0.002,"adv,other"
create flat,1,0.002,"noun,adj"
flat silhouettes,1,0.002,"adj,verb"
life against,1,0.002,"noun,other"
textured background,1,0.002,"adj,noun"
vitality capturing,1,0.002,"noun,verb"
of oceanic,1,0.002,"other,adj"
oceanic life,1,0.002,"adj,noun"
a textile,1,0.002,"other,noun"
textile or,1,0.002,"noun,other"
resembles sea,1,0.002,"noun,noun"
creatures and,1,0.002,"noun,other"
and plants,1,0.002,"other,noun"
plants rendered,1,0.002,"noun,verb"
of cutouts,1,0.002,"other,noun"
cutouts the,1,0.002,"noun,other"
blue white,1,0.002,"noun,adj"
some hints,1,0.002,"other,noun"
of underwater,1,0.002,"other,adj"
underwater life,1,0.002,"adj,noun"
as there,1,0.002,"other,other"
no clear,1,0.002,"other,adj"
clear distinct,1,0.002,"adj,adj"
distinct forms,1,0.002,"adj,noun"
that represent,1,0.002,"other,verb"
represent specific,1,0.002,"verb,adj"
specific objects,1,0.002,"adj,noun"
objects but,1,0.002,"noun,other"
rather suggestive,1,0.002,"adv,adj"
suggestive shapes,1,0.002,"adj,noun"
evoke marine,1,0.002,"verb,noun"
marine motifs,1,0.002,"noun,noun"
motifs this,1,0.002,"noun,other"
s paper,1,0.002,"noun,noun"
paper cutouts,1,0.002,"noun,noun"
cutouts from,1,0.002,"noun,other"
from his,1,0.002,"other,other"
years where,1,0.002,"noun,other"
he created,1,0.002,"other,verb"
created a,1,0.002,"verb,other"
graphic look,1,0.002,"adj,noun"
look by,1,0.002,"noun,other"
by using,1,0.002,"other,verb"
subjects he,1,0.002,"noun,other"
he depicted,1,0.002,"other,verb"
title polynesia,1,0.002,"noun,verb"
polynesia the,1,0.002,"verb,other"
sky could,1,0.002,"adj,other"
the underwater,1,0.002,"other,adj"
underwater scene,1,0.002,"adj,noun"
ocean is,1,0.002,"noun,verb"
another world,1,0.002,"other,noun"
world similar,1,0.002,"noun,adj"
similar in,1,0.002,"adj,other"
its vastness,1,0.002,"other,noun"
vastness and,1,0.002,"noun,other"
and mysterious,1,0.002,"other,adj"
mysterious life,1,0.002,"adj,noun"
life forms,1,0.002,"noun,noun"
the expanse,1,0.002,"other,adj"
this theme,1,0.002,"other,adj"
theme is,1,0.002,"adj,verb"
with matisse,1,0.002,"other,adj"
to transform,1,0.002,"other,noun"
transform everyday,1,0.002,"noun,adj"
everyday elements,1,0.002,"adj,noun"
elements into,1,0.002,"noun,other"
into works,1,0.002,"other,verb"
art full,1,0.002,"noun,adj"
subject through,1,0.002,"adj,other"
through abstract,1,0.002,"other,adj"
a poster,1,0.002,"other,noun"
poster for,1,0.002,"noun,other"
for henri,1,0.002,"other,adj"
s bather,1,0.002,"noun,adv"
reeds exhibition,1,0.002,"noun,noun"
exhibition the,1,0.002,"noun,other"
the poster,1,0.002,"other,noun"
poster features,1,0.002,"noun,noun"
figure likely,1,0.002,"noun,adj"
are blue,1,0.002,"verb,noun"
light or,1,0.002,"adj,other"
or ethereal,1,0.002,"other,noun"
water suggested,1,0.002,"noun,verb"
reeds that,1,0.002,"noun,other"
that surround,1,0.002,"other,adj"
surround her,1,0.002,"adj,other"
her thigh,1,0.002,"other,noun"
thigh and,1,0.002,"noun,other"
other extending,1,0.002,"adj,verb"
extending towards,1,0.002,"verb,noun"
s touching,1,0.002,"noun,verb"
touching the,1,0.002,"verb,other"
the grass,1,0.002,"other,noun"
grass the,1,0.002,"noun,other"
of negative,1,0.002,"other,adj"
negative space,1,0.002,"adj,noun"
space contribute,1,0.002,"noun,noun"
overall elegance,1,0.002,"adj,noun"
title bather,1,0.002,"noun,adv"
reeds implies,1,0.002,"noun,noun"
implies a,1,0.002,"noun,other"
nature which,1,0.002,"adj,other"
is reflected,1,0.002,"verb,verb"
reflected in,1,0.002,"verb,other"
expressionism style,1,0.002,"noun,noun"
creation matisse,1,0.002,"noun,adj"
draughtsmanship and,1,0.002,"adj,other"
most prominent,1,0.002,"adv,noun"
prominent figures,1,0.002,"noun,noun"
this movement,1,0.002,"other,noun"
this poster,1,0.002,"other,noun"
poster serves,1,0.002,"noun,noun"
a promotional,1,0.002,"other,adj"
promotional piece,1,0.002,"adj,noun"
piece inviting,1,0.002,"noun,verb"
appreciate the,1,0.002,"noun,other"
the exhibit,1,0.002,"other,verb"
exhibit and,1,0.002,"verb,other"
a print,1,0.002,"other,verb"
or reproduction,1,0.002,"other,noun"
famous cut,1,0.002,"adj,noun"
out piece,1,0.002,"other,noun"
piece nu,1,0.002,"noun,adj"
nu bleu,1,0.002,"adj,noun"
bleu iv,1,0.002,"noun,adj"
iv blue,1,0.002,"adj,noun"
blue nude,1,0.002,"noun,adj"
nude iv,1,0.002,"adj,adj"
iv from,1,0.002,"adj,other"
from 1952,1,0.002,"other,other"
1952 it,1,0.002,"other,other"
form rendered,1,0.002,"noun,verb"
in flat,1,0.002,"other,adj"
color without,1,0.002,"noun,other"
any attempt,1,0.002,"other,verb"
at three,1,0.002,"other,other"
dimensional shading,1,0.002,"adj,verb"
shading the,1,0.002,"verb,other"
shapes with,1,0.002,"noun,other"
smooth outlines,1,0.002,"adj,verb"
outlines reflecting,1,0.002,"verb,verb"
the principles,1,0.002,"other,noun"
that matisse,1,0.002,"other,adj"
matisse used,1,0.002,"adj,adj"
used later,1,0.002,"adj,adv"
later in,1,0.002,"adv,other"
his career,1,0.002,"other,noun"
career the,1,0.002,"noun,other"
a stool,1,0.002,"other,adj"
stool with,1,0.002,"adj,other"
arm draped,1,0.002,"noun,verb"
the reduction,1,0.002,"other,noun"
reduction of,1,0.002,"noun,other"
essential elements,1,0.002,"adj,noun"
fauvism movement,1,0.002,"noun,noun"
which matisse,1,0.002,"other,adj"
matisse was,1,0.002,"adj,verb"
an influential,1,0.002,"other,noun"
influential artist,1,0.002,"noun,noun"
series and,1,0.002,"noun,other"
and reflects,1,0.002,"other,verb"
s exploration,1,0.002,"noun,noun"
body in,1,0.002,"noun,other"
in space,1,0.002,"other,noun"
space using,1,0.002,"noun,verb"
using color,1,0.002,"verb,noun"
both shape,1,0.002,"other,noun"
the manipulation,1,0.002,"other,noun"
manipulation of,1,0.002,"noun,other"
suggest depth,1,0.002,"noun,adj"
also retaining,1,0.002,"adv,verb"
retaining a,1,0.002,"verb,other"
playfulness and,1,0.002,"noun,other"
spontaneity that,1,0.002,"noun,other"
of much,1,0.002,"other,adj"
much of,1,0.002,"adj,other"
the flowing,1,0.002,"other,verb"
hair created,1,0.002,"adj,verb"
expressionism by,1,0.002,"noun,other"
artist henri,1,0.002,"noun,adj"
shapes rendered,1,0.002,"noun,verb"
hue with,1,0.002,"verb,other"
white background,1,0.002,"adj,noun"
background creating,1,0.002,"noun,verb"
and gestural,1,0.002,"other,adj"
gestural typical,1,0.002,"adj,adj"
expressionist genre,1,0.002,"verb,noun"
emphasizes spontaneity,1,0.002,"verb,noun"
spontaneity freedom,1,0.002,"noun,noun"
freedom from,1,0.002,"noun,other"
from conventional,1,0.002,"other,adj"
conventional artistic,1,0.002,"adj,adj"
artistic practices,1,0.002,"adj,noun"
practices and,1,0.002,"noun,other"
over representational,1,0.002,"other,adj"
various vegetables,1,0.002,"adj,noun"
vegetables and,1,0.002,"noun,other"
and marine,1,0.002,"other,noun"
creatures it,1,0.002,"noun,other"
abstract arrangement,1,0.002,"adj,noun"
of shapes,1,0.002,"other,noun"
as fruits,1,0.002,"other,noun"
vegetables like,1,0.002,"noun,other"
like bananas,1,0.002,"other,noun"
and peppers,1,0.002,"other,noun"
peppers along,1,0.002,"noun,other"
with sea,1,0.002,"other,noun"
fish the,1,0.002,"adj,other"
fauvism art,1,0.002,"noun,noun"
to which,1,0.002,"other,other"
which henri,1,0.002,"other,adj"
is associated,1,0.002,"verb,adj"
associated in,1,0.002,"adj,other"
balance with,1,0.002,"noun,other"
element carefully,1,0.002,"noun,adv"
carefully placed,1,0.002,"adv,verb"
in relation,1,0.002,"other,noun"
relation to,1,0.002,"noun,other"
to others,1,0.002,"other,noun"
others the,1,0.002,"noun,other"
colors enhances,1,0.002,"noun,verb"
appeal of,1,0.002,"noun,other"
piece making,1,0.002,"noun,verb"
it both,1,0.002,"other,other"
and aesthetically,1,0.002,"other,adv"
aesthetically pleasing,1,0.002,"adv,noun"
pleasing despite,1,0.002,"noun,other"
its abstract,1,0.002,"other,adj"
artwork effectively,1,0.002,"noun,adv"
effectively conveys,1,0.002,"adv,noun"
the theme,1,0.002,"other,adj"
theme suggested,1,0.002,"adj,verb"
title vegetables,1,0.002,"noun,noun"
art featuring,1,0.002,"noun,noun"
as pink,1,0.002,"other,adj"
pink yellow,1,0.002,"adj,adj"
purple the,1,0.002,"noun,other"
yourself flowers,1,0.002,"other,noun"
and images,1,0.002,"other,noun"
images from,1,0.002,"noun,other"
from popular,1,0.002,"other,adj"
that isolate,1,0.002,"other,verb"
isolate the,1,0.002,"verb,other"
flat space,1,0.002,"adj,noun"
space there,1,0.002,"noun,other"
also elements,1,0.002,"adv,noun"
of text,1,0.002,"other,other"
text integrated,1,0.002,"other,verb"
integrated into,1,0.002,"verb,other"
flowers like,1,0.002,"noun,other"
like many,1,0.002,"other,adj"
s subjects,1,0.002,"noun,noun"
subjects are,1,0.002,"noun,verb"
almost commercial,1,0.002,"adv,adj"
commercial or,1,0.002,"adj,other"
illustrative manner,1,0.002,"adj,adj"
and diverse,1,0.002,"other,verb"
diverse with,1,0.002,"verb,other"
flower having,1,0.002,"verb,verb"
having its,1,0.002,"verb,other"
distinct hue,1,0.002,"adj,verb"
overall energy,1,0.002,"adj,noun"
energy and,1,0.002,"noun,other"
and dynamism,1,0.002,"other,noun"
dynamism typical,1,0.002,"noun,adj"
yourself could,1,0.002,"other,other"
was designed,1,0.002,"verb,verb"
designed for,1,0.002,"verb,other"
for someone,1,0.002,"other,noun"
someone to,1,0.002,"noun,other"
to customize,1,0.002,"other,noun"
customize or,1,0.002,"noun,other"
or complete,1,0.002,"other,adj"
complete themselves,1,0.002,"adj,other"
themselves perhaps,1,0.002,"other,adv"
perhaps reflecting,1,0.002,"adv,verb"
the do,1,0.002,"other,verb"
yourself aesthetic,1,0.002,"other,adj"
of certain,1,0.002,"other,adj"
of popular,1,0.002,"other,adj"
culture during,1,0.002,"noun,other"
during warhol,1,0.002,"other,noun"
seascape features,1,0.002,"noun,noun"
stylized scene,1,0.002,"verb,noun"
scene reminiscent,1,0.002,"noun,adj"
of beachside,1,0.002,"other,adv"
beachside docks,1,0.002,"adv,noun"
docks in,1,0.002,"noun,other"
boat painted,1,0.002,"verb,verb"
red colors,1,0.002,"adj,noun"
white stripes,1,0.002,"adj,noun"
stripes moored,1,0.002,"noun,verb"
moored on,1,0.002,"verb,other"
beach area,1,0.002,"noun,noun"
area that,1,0.002,"noun,other"
extends into,1,0.002,"verb,other"
fluffy clouds,1,0.002,"adj,adj"
calm sea,1,0.002,"adj,noun"
sea surface,1,0.002,"noun,noun"
ground there,1,0.002,"noun,other"
two more,1,0.002,"other,adv"
more boats,1,0.002,"adv,noun"
boats one,1,0.002,"noun,other"
another further,1,0.002,"other,adv"
further away,1,0.002,"adv,adv"
away both,1,0.002,"adv,other"
both rendered,1,0.002,"other,verb"
in similar,1,0.002,"other,adj"
similar bold,1,0.002,"adj,verb"
colors these,1,0.002,"noun,other"
are in,1,0.002,"verb,other"
motion on,1,0.002,"noun,other"
water adding,1,0.002,"noun,verb"
adding dynamism,1,0.002,"verb,noun"
image partially,1,0.002,"noun,adv"
orange building,1,0.002,"noun,noun"
building with,1,0.002,"noun,other"
white trim,1,0.002,"adj,verb"
a boathouse,1,0.002,"other,noun"
boathouse or,1,0.002,"noun,other"
or beachfront,1,0.002,"other,verb"
beachfront property,1,0.002,"verb,noun"
property due,1,0.002,"noun,adj"
location next,1,0.002,"noun,adj"
s roof,1,0.002,"noun,noun"
roof has,1,0.002,"noun,verb"
hue that,1,0.002,"verb,other"
the yellow,1,0.002,"other,adj"
yellow windows,1,0.002,"adj,noun"
seascape suggests,1,0.002,"noun,verb"
an invitation,1,0.002,"other,adj"
invitation for,1,0.002,"adj,other"
for viewers,1,0.002,"other,noun"
to complete,1,0.002,"other,adj"
complete the,1,0.002,"adj,other"
artwork possibly,1,0.002,"noun,adv"
by adding,1,0.002,"other,verb"
adding their,1,0.002,"verb,other"
own details,1,0.002,"adj,noun"
or interpretations,1,0.002,"other,noun"
interpretations within,1,0.002,"noun,other"
seascape theme,1,0.002,"noun,adj"
theme presented,1,0.002,"adj,verb"
presented here,1,0.002,"verb,adv"
here this,1,0.002,"adv,other"
used simple,1,0.002,"adj,noun"
simple flat,1,0.002,"noun,adj"
and repetitive,1,0.002,"other,adj"
repetitive motifs,1,0.002,"adj,noun"
motifs to,1,0.002,"noun,other"
mass produced,1,0.002,"noun,verb"
produced commercial,1,0.002,"verb,adj"
sailboat on,1,0.002,"noun,other"
water under,1,0.002,"noun,other"
and stars,1,0.002,"other,noun"
stars the,1,0.002,"noun,other"
the sailboat,1,0.002,"other,noun"
sailboat is,1,0.002,"noun,verb"
simplified manner,1,0.002,"adj,adj"
manner with,1,0.002,"adj,other"
two masts,1,0.002,"other,noun"
masts and,1,0.002,"noun,other"
and sails,1,0.002,"other,verb"
sails there,1,0.002,"verb,other"
several black,1,0.002,"adj,adj"
black dots,1,0.002,"adj,noun"
dots scattered,1,0.002,"noun,verb"
representing distant,1,0.002,"verb,adj"
distant boats,1,0.002,"adj,noun"
other nautical,1,0.002,"adj,adj"
nautical objects,1,0.002,"adj,noun"
two distinct,1,0.002,"other,adj"
distinct halves,1,0.002,"adj,noun"
blue night,1,0.002,"noun,noun"
another that,1,0.002,"other,other"
deep dark,1,0.002,"adj,adj"
dark sea,1,0.002,"adj,noun"
graphic simplicity,1,0.002,"adj,noun"
simplicity while,1,0.002,"noun,other"
also hinting,1,0.002,"adv,verb"
at conceptual,1,0.002,"other,adj"
conceptual art,1,0.002,"adj,noun"
art through,1,0.002,"noun,other"
abstract elements,1,0.002,"adj,noun"
and symbols,1,0.002,"other,noun"
symbols the,1,0.002,"noun,other"
yourself sailboats,1,0.002,"other,noun"
sailboats by,1,0.002,"noun,other"
warhol reflects,1,0.002,"noun,verb"
his penchant,1,0.002,"other,adj"
penchant for,1,0.002,"adj,other"
for creating,1,0.002,"other,verb"
creating art,1,0.002,"verb,noun"
that engages,1,0.002,"other,noun"
engages with,1,0.002,"noun,other"
with everyday,1,0.002,"other,adj"
and activities,1,0.002,"other,noun"
activities inviting,1,0.002,"noun,verb"
to participate,1,0.002,"other,adj"
participate in,1,0.002,"adj,other"
the creation,1,0.002,"other,noun"
creation of,1,0.002,"noun,other"
of meaning,1,0.002,"other,verb"
meaning within,1,0.002,"verb,other"
vibrant depiction,1,0.002,"adj,noun"
a can,1,0.002,"other,other"
can of,1,0.002,"other,other"
of campbell,1,0.002,"other,noun"
campbell s,1,0.002,"noun,noun"
s condensed,1,0.002,"noun,verb"
condensed beef,1,0.002,"verb,noun"
beef noodle,1,0.002,"noun,adj"
noodle soup,1,0.002,"adj,noun"
soup with,1,0.002,"noun,other"
the lid,1,0.002,"other,adj"
lid slightly,1,0.002,"adj,adv"
slightly open,1,0.002,"adv,adj"
the label,1,0.002,"other,noun"
label on,1,0.002,"noun,other"
the can,1,0.002,"other,other"
displayed showing,1,0.002,"adj,verb"
showing the,1,0.002,"verb,other"
brand name,1,0.002,"noun,noun"
name and,1,0.002,"noun,other"
and product,1,0.002,"other,noun"
product type,1,0.002,"noun,noun"
type in,1,0.002,"noun,other"
bold capitalized,1,0.002,"verb,adj"
capitalized letters,1,0.002,"adj,noun"
letters the,1,0.002,"noun,other"
the soup,1,0.002,"other,noun"
soup can,1,0.002,"noun,other"
an illustrative,1,0.002,"other,adj"
illustrative style,1,0.002,"adj,noun"
upper right,1,0.002,"adj,adj"
a handwritten,1,0.002,"other,adv"
handwritten note,1,0.002,"adv,noun"
note with,1,0.002,"noun,other"
the number,1,0.002,"other,noun"
number 19,1,0.002,"noun,other"
19 and,1,0.002,"other,other"
a dollar,1,0.002,"other,noun"
dollar sign,1,0.002,"noun,noun"
sign possibly,1,0.002,"noun,adv"
the price,1,0.002,"other,noun"
price or,1,0.002,"noun,other"
or sale,1,0.002,"other,noun"
sale value,1,0.002,"noun,noun"
value of,1,0.002,"noun,other"
scheme are,1,0.002,"adj,verb"
iconic works,1,0.002,"adj,verb"
works featuring,1,0.002,"verb,noun"
featuring everyday,1,0.002,"noun,adj"
everyday consumer,1,0.002,"adj,noun"
consumer products,1,0.002,"noun,noun"
products like,1,0.002,"noun,other"
like soup,1,0.002,"other,noun"
soup cans,1,0.002,"noun,noun"
representation or,1,0.002,"noun,other"
or interpretation,1,0.002,"other,noun"
titled 3,1,0.002,"verb,other"
3 coke,1,0.002,"other,noun"
coke bottles,1,0.002,"noun,noun"
bottles this,1,0.002,"noun,other"
shapes based,1,0.002,"noun,verb"
culture subjects,1,0.002,"noun,noun"
case the,1,0.002,"noun,other"
is three,1,0.002,"verb,other"
three coca,1,0.002,"other,noun"
cola bottles,1,0.002,"adj,noun"
bottles with,1,0.002,"noun,other"
their distinctive,1,0.002,"other,adj"
distinctive glass,1,0.002,"adj,noun"
glass design,1,0.002,"noun,noun"
design that,1,0.002,"noun,other"
in past,1,0.002,"other,adj"
past decades,1,0.002,"adj,noun"
decades the,1,0.002,"noun,other"
the labels,1,0.002,"other,noun"
labels are,1,0.002,"noun,verb"
are clearly,1,0.002,"verb,adv"
and feature,1,0.002,"other,noun"
feature the,1,0.002,"noun,other"
iconic coca,1,0.002,"adj,noun"
cola script,1,0.002,"adj,noun"
script in,1,0.002,"noun,other"
cursive font,1,0.002,"adj,adj"
font above,1,0.002,"adj,other"
the bottles,1,0.002,"other,noun"
bottles the,1,0.002,"noun,other"
the word,1,0.002,"other,noun"
word coke,1,0.002,"noun,noun"
coke is,1,0.002,"noun,verb"
also written,1,0.002,"adv,verb"
script to,1,0.002,"noun,other"
brand s,1,0.002,"noun,noun"
s logo,1,0.002,"noun,adj"
logo the,1,0.002,"adj,other"
or simplified,1,0.002,"other,adj"
simplified compared,1,0.002,"adj,verb"
to warhol,1,0.002,"other,noun"
s original,1,0.002,"noun,adj"
original pieces,1,0.002,"adj,noun"
pieces it,1,0.002,"noun,other"
lacks the,1,0.002,"noun,other"
an authentic,1,0.002,"other,adj"
authentic painting,1,0.002,"adj,verb"
warhol this,1,0.002,"noun,other"
this could,1,0.002,"other,other"
could indicate,1,0.002,"other,noun"
indicate that,1,0.002,"noun,other"
image provided,1,0.002,"noun,verb"
not an,1,0.002,"adv,other"
actual artwork,1,0.002,"adj,noun"
artwork but,1,0.002,"noun,other"
rather a,1,0.002,"adv,other"
representation possibly,1,0.002,"noun,adv"
possibly for,1,0.002,"adv,other"
for educational,1,0.002,"other,adj"
educational or,1,0.002,"adj,other"
illustrative purposes,1,0.002,"adj,noun"
are vividly,1,0.002,"verb,adv"
colored with,1,0.002,"adj,other"
bright pinks,1,0.002,"verb,noun"
reds set,1,0.002,"verb,noun"
be greenish,1,0.002,"verb,adj"
greenish suggesting,1,0.002,"adj,verb"
suggesting foliage,1,0.002,"verb,noun"
flower motif,1,0.002,"verb,noun"
motif contribute,1,0.002,"noun,noun"
s graphic,1,0.002,"noun,adj"
clean almost,1,0.002,"verb,adv"
almost cartoon,1,0.002,"adv,noun"
cartoon like,1,0.002,"noun,other"
like aesthetic,1,0.002,"other,adj"
aesthetic typical,1,0.002,"adj,adj"
art works,1,0.002,"noun,verb"
taylor presented,1,0.002,"noun,verb"
and limited,1,0.002,"other,verb"
to bright,1,0.002,"other,verb"
hues like,1,0.002,"noun,other"
figure itself,1,0.002,"noun,other"
without gradients,1,0.002,"other,noun"
gradients or,1,0.002,"noun,other"
or shading,1,0.002,"other,verb"
art prints,1,0.002,"noun,noun"
wide eyed,1,0.002,"adj,verb"
eyed expression,1,0.002,"verb,noun"
dramatic makeup,1,0.002,"adj,noun"
makeup including,1,0.002,"noun,verb"
including bold,1,0.002,"verb,verb"
bold eyeliner,1,0.002,"verb,adv"
eyeliner and,1,0.002,"adv,other"
bright red,1,0.002,"verb,adj"
lipstick this,1,0.002,"adj,other"
this stylization,1,0.002,"other,noun"
stylization emphasizes,1,0.002,"noun,verb"
of taylor,1,0.002,"other,noun"
taylor s,1,0.002,"noun,noun"
beauty within,1,0.002,"noun,other"
her era,1,0.002,"other,verb"
era warhol,1,0.002,"verb,noun"
warhol often,1,0.002,"noun,adv"
used this,1,0.002,"adj,other"
of simplified,1,0.002,"other,adj"
simplified representation,1,0.002,"adj,noun"
representation in,1,0.002,"noun,other"
paintings focusing,1,0.002,"noun,verb"
the coloration,1,0.002,"other,noun"
coloration and,1,0.002,"noun,other"
the public,1,0.002,"other,adj"
public persona,1,0.002,"adj,noun"
persona of,1,0.002,"noun,other"
taylor as,1,0.002,"noun,other"
a glamorous,1,0.002,"other,adj"
glamorous and,1,0.002,"adj,other"
and instantly,1,0.002,"other,adv"
instantly recognizable,1,0.002,"adv,adj"
recognizable figure,1,0.002,"adj,noun"
figure transformed,1,0.002,"noun,verb"
transformed into,1,0.002,"verb,other"
into an,1,0.002,"other,other"
abstract expression,1,0.002,"adj,noun"
expression through,1,0.002,"noun,other"
lines the,1,0.002,"noun,other"
artwork does,1,0.002,"noun,verb"
not attempt,1,0.002,"adv,verb"
attempt to,1,0.002,"verb,other"
to mimic,1,0.002,"other,adj"
mimic realistic,1,0.002,"adj,adj"
proportions or,1,0.002,"noun,other"
or textures,1,0.002,"other,noun"
textures but,1,0.002,"noun,other"
instead creates,1,0.002,"adv,noun"
visual statement,1,0.002,"adj,noun"
statement that,1,0.002,"noun,other"
that relies,1,0.002,"other,verb"
relies on,1,0.002,"verb,other"
s recognition,1,0.002,"noun,noun"
recognition of,1,0.002,"noun,other"
of marilyn,1,0.002,"other,verb"
marilyn monroe,1,0.002,"verb,verb"
monroe s,1,0.002,"verb,noun"
highly stylized,1,0.002,"adv,verb"
contrasting textures,1,0.002,"verb,noun"
textures gives,1,0.002,"noun,verb"
somewhat surreal,1,0.002,"adv,adj"
surreal appearance,1,0.002,"adj,noun"
appearance marilyn,1,0.002,"noun,verb"
marilyn s,1,0.002,"verb,noun"
exaggerated with,1,0.002,"adj,other"
bright solid,1,0.002,"verb,adj"
that lack,1,0.002,"other,noun"
lack depth,1,0.002,"noun,adj"
depth creating,1,0.002,"adj,verb"
almost flat,1,0.002,"adv,adj"
flat representation,1,0.002,"adj,noun"
representation her,1,0.002,"noun,other"
yellow her,1,0.002,"adj,other"
skin in,1,0.002,"noun,other"
in pink,1,0.002,"other,adj"
lips in,1,0.002,"verb,other"
blue the,1,0.002,"noun,other"
iconic image,1,0.002,"adj,noun"
image of,1,0.002,"noun,other"
famous women,1,0.002,"adj,noun"
in cinema,1,0.002,"other,noun"
cinema history,1,0.002,"noun,noun"
history presented,1,0.002,"noun,verb"
in andy,1,0.002,"other,noun"
stylized tree,1,0.002,"verb,verb"
frog characterized,1,0.002,"adj,verb"
and prominent,1,0.002,"other,noun"
prominent back,1,0.002,"noun,adv"
back legs,1,0.002,"adv,noun"
legs the,1,0.002,"noun,other"
titled pine,1,0.002,"verb,verb"
pine barren,1,0.002,"verb,noun"
barren tree,1,0.002,"noun,verb"
frog ii,1,0.002,"adj,adj"
ii 294,1,0.002,"adj,other"
294 from,1,0.002,"other,other"
from endangered,1,0.002,"other,verb"
endangered species,1,0.002,"verb,noun"
species suite,1,0.002,"noun,adj"
suite and,1,0.002,"adj,other"
style andy,1,0.002,"noun,noun"
his iconic,1,0.002,"other,adj"
iconic prints,1,0.002,"adj,noun"
prints of,1,0.002,"noun,other"
of celebrities,1,0.002,"other,noun"
celebrities also,1,0.002,"noun,adv"
also turned,1,0.002,"adv,verb"
turned his,1,0.002,"verb,other"
nature as,1,0.002,"adj,other"
frog is,1,0.002,"adj,verb"
highlights its,1,0.002,"noun,other"
its features,1,0.002,"other,noun"
outlines which,1,0.002,"verb,other"
appears dark,1,0.002,"verb,adj"
frog s,1,0.002,"adj,noun"
are particularly,1,0.002,"verb,adv"
their contrasting,1,0.002,"other,verb"
contrasting black,1,0.002,"verb,adj"
black details,1,0.002,"adj,noun"
details standing,1,0.002,"noun,verb"
lighter areas,1,0.002,"noun,noun"
lithograph or,1,0.002,"verb,other"
or screen,1,0.002,"other,adj"
screen print,1,0.002,"adj,verb"
print given,1,0.002,"verb,verb"
its flat,1,0.002,"other,adj"
appearance and,1,0.002,"noun,other"
the clean,1,0.002,"other,verb"
lines separating,1,0.002,"noun,verb"
separating colors,1,0.002,"verb,noun"
popular in,1,0.002,"adj,other"
mid 20th,1,0.002,"verb,other"
century and,1,0.002,"noun,other"
on everyday,1,0.002,"other,adj"
or subjects,1,0.002,"other,noun"
subjects using,1,0.002,"noun,verb"
bright saturated,1,0.002,"verb,verb"
saturated hues,1,0.002,"verb,noun"
iconic look,1,0.002,"adj,noun"
be easily,1,0.002,"verb,adv"
easily recognizable,1,0.002,"adv,adj"
recognizable to,1,0.002,"adj,other"
to viewers,1,0.002,"other,noun"
bergman who,1,0.002,"adj,other"
a leading,1,0.002,"other,verb"
leading actress,1,0.002,"verb,adj"
actress the,1,0.002,"adj,other"
blue purple,1,0.002,"noun,noun"
red bergman,1,0.002,"adj,adj"
shoulders are,1,0.002,"noun,verb"
are prominently,1,0.002,"verb,adv"
prominently featured,1,0.002,"adv,verb"
featured in,1,0.002,"verb,other"
is deep,1,0.002,"verb,adj"
title ingrid,1,0.002,"noun,adj"
as herself,1,0.002,"other,other"
herself suggests,1,0.002,"other,verb"
a dual,1,0.002,"other,adj"
dual identity,1,0.002,"adj,noun"
identity where,1,0.002,"noun,other"
where ingrid,1,0.002,"other,adj"
an actor,1,0.002,"other,verb"
actor and,1,0.002,"verb,other"
and persona,1,0.002,"other,noun"
persona plays,1,0.002,"noun,verb"
plays herself,1,0.002,"verb,other"
herself which,1,0.002,"other,other"
artworks the,1,0.002,"noun,other"
lines adds,1,0.002,"noun,verb"
image emphasizing,1,0.002,"noun,verb"
star quality,1,0.002,"noun,noun"
bergman andy,1,0.002,"adj,noun"
warhol was,1,0.002,"noun,verb"
that celebrated,1,0.002,"other,verb"
celebrated popular,1,0.002,"verb,adj"
and consumerism,1,0.002,"other,noun"
consumerism often,1,0.002,"noun,adv"
using celebrities,1,0.002,"verb,noun"
celebrities as,1,0.002,"noun,other"
that blurred,1,0.002,"other,verb"
blurred the,1,0.002,"verb,other"
the line,1,0.002,"other,noun"
line between,1,0.002,"noun,other"
between fine,1,0.002,"other,verb"
fine art,1,0.002,"verb,noun"
and commercial,1,0.002,"other,adj"
commercial illustration,1,0.002,"adj,noun"
illustration this,1,0.002,"noun,other"
how he,1,0.002,"other,other"
he used,1,0.002,"other,adj"
used pop,1,0.002,"adj,noun"
pop culture,1,0.002,"noun,noun"
culture figures,1,0.002,"noun,noun"
to comment,1,0.002,"other,noun"
comment on,1,0.002,"noun,other"
on society,1,0.002,"other,noun"
society s,1,0.002,"noun,noun"
with celebrity,1,0.002,"other,noun"
bergman executed,1,0.002,"adj,verb"
with blonde,1,0.002,"other,noun"
skin wearing,1,0.002,"noun,verb"
features prominently,1,0.002,"noun,adv"
prominently at,1,0.002,"adv,other"
canvas she,1,0.002,"noun,other"
head slightly,1,0.002,"noun,adv"
slightly tilted,1,0.002,"adv,verb"
tilted to,1,0.002,"verb,other"
introspection her,1,0.002,"noun,other"
serious almost,1,0.002,"adj,adv"
almost solemn,1,0.002,"adv,noun"
solemn with,1,0.002,"noun,other"
her lips,1,0.002,"other,verb"
lips closed,1,0.002,"verb,verb"
and eyebrows,1,0.002,"other,noun"
eyebrows gently,1,0.002,"noun,adv"
gently raised,1,0.002,"adv,verb"
raised the,1,0.002,"verb,other"
vivid red,1,0.002,"other,adj"
art technique,1,0.002,"noun,noun"
technique to,1,0.002,"noun,other"
depict bergman,1,0.002,"noun,adj"
s profile,1,0.002,"noun,adj"
bunny the,1,0.002,"noun,other"
artwork consists,1,0.002,"noun,verb"
four squares,1,0.002,"other,noun"
squares arranged,1,0.002,"noun,verb"
pattern each,1,0.002,"adj,other"
each containing,1,0.002,"other,verb"
containing an,1,0.002,"verb,other"
an illustration,1,0.002,"other,noun"
illustration of,1,0.002,"noun,other"
bunny s,1,0.002,"noun,noun"
the bunnies,1,0.002,"other,noun"
bunnies are,1,0.002,"noun,verb"
different colors,1,0.002,"adj,noun"
colors pink,1,0.002,"noun,adj"
green respectively,1,0.002,"adj,adv"
respectively from,1,0.002,"adv,other"
left to,1,0.002,"verb,other"
right each,1,0.002,"adj,other"
square also,1,0.002,"verb,adv"
also contains,1,0.002,"adv,noun"
contains the,1,0.002,"noun,other"
text playboy,1,0.002,"other,noun"
playboy in,1,0.002,"noun,other"
bold stylized,1,0.002,"verb,verb"
stylized font,1,0.002,"verb,adj"
font that,1,0.002,"adj,other"
consistent across,1,0.002,"adj,other"
across all,1,0.002,"other,other"
all squares,1,0.002,"other,noun"
squares the,1,0.002,"noun,other"
the corners,1,0.002,"other,noun"
corners which,1,0.002,"noun,other"
be andy,1,0.002,"verb,noun"
s name,1,0.002,"noun,noun"
name confirming,1,0.002,"noun,verb"
graphic typical,1,0.002,"adj,adj"
where bold,1,0.002,"other,verb"
iconic imagery,1,0.002,"adj,noun"
imagery are,1,0.002,"noun,verb"
are central,1,0.002,"verb,adj"
central themes,1,0.002,"adj,noun"
netherlands done,1,0.002,"noun,verb"
distinct style,1,0.002,"adj,noun"
genre in,1,0.002,"noun,other"
particular representation,1,0.002,"adj,noun"
wearing her,1,0.002,"verb,other"
her crown,1,0.002,"other,adj"
crown suggesting,1,0.002,"adj,verb"
suggesting regal,1,0.002,"verb,adj"
regal attire,1,0.002,"adj,noun"
attire typical,1,0.002,"noun,adj"
for heads,1,0.002,"other,noun"
heads of,1,0.002,"noun,other"
of state,1,0.002,"other,noun"
common feature,1,0.002,"adj,noun"
in portraits,1,0.002,"other,noun"
portraits focused,1,0.002,"noun,verb"
on royalty,1,0.002,"other,noun"
royalty or,1,0.002,"noun,other"
significant figures,1,0.002,"adj,noun"
confirming that,1,0.002,"verb,other"
title queen,1,0.002,"noun,noun"
netherlands from,1,0.002,"noun,other"
from reigning,1,0.002,"other,verb"
reigning queens,1,0.002,"verb,noun"
queens the,1,0.002,"noun,other"
shapes aligns,1,0.002,"noun,noun"
culture icons,1,0.002,"noun,noun"
icons and,1,0.002,"noun,other"
and portrays,1,0.002,"other,verb"
portrays them,1,0.002,"verb,other"
striking manner,1,0.002,"verb,adj"
a truck,1,0.002,"other,noun"
iconic pop,1,0.002,"adj,noun"
truck itself,1,0.002,"noun,other"
is vividly,1,0.002,"verb,adv"
colored featuring,1,0.002,"adj,noun"
green cab,1,0.002,"adj,adj"
cab and,1,0.002,"adj,other"
red trailer,1,0.002,"adj,adj"
trailer the,1,0.002,"adj,other"
is simplistic,1,0.002,"verb,adj"
simplistic yet,1,0.002,"adj,adv"
genre there,1,0.002,"noun,other"
a row,1,0.002,"other,noun"
row of,1,0.002,"noun,other"
vertical windows,1,0.002,"adj,noun"
windows on,1,0.002,"noun,other"
the trailer,1,0.002,"other,adj"
trailer likely,1,0.002,"adj,adj"
likely indicating,1,0.002,"adj,verb"
a passenger,1,0.002,"other,noun"
passenger or,1,0.002,"noun,other"
or tour,1,0.002,"other,adj"
tour bus,1,0.002,"adj,other"
bus type,1,0.002,"other,noun"
is yellowish,1,0.002,"verb,adj"
yellowish in,1,0.002,"adj,other"
in tone,1,0.002,"other,noun"
tone providing,1,0.002,"noun,verb"
small figure,1,0.002,"adj,noun"
figure or,1,0.002,"noun,other"
person but,1,0.002,"noun,other"
s too,1,0.002,"noun,adv"
too minimalistic,1,0.002,"adv,adj"
minimalistic to,1,0.002,"adj,other"
specific features,1,0.002,"adj,noun"
title truck,1,0.002,"noun,noun"
truck announcement,1,0.002,"noun,noun"
announcement suggests,1,0.002,"noun,verb"
could have,1,0.002,"other,verb"
been created,1,0.002,"verb,verb"
created for,1,0.002,"verb,other"
for promotional,1,0.002,"other,adj"
promotional purposes,1,0.002,"adj,noun"
purposes possibly,1,0.002,"noun,adv"
possibly in,1,0.002,"adv,other"
an event,1,0.002,"other,noun"
event or,1,0.002,"noun,other"
or show,1,0.002,"other,noun"
show related,1,0.002,"noun,adj"
to transportation,1,0.002,"other,noun"
transportation or,1,0.002,"noun,other"
or vehicles,1,0.002,"other,noun"
vehicles the,1,0.002,"noun,other"
s commercial,1,0.002,"noun,adj"
art work,1,0.002,"noun,verb"
his fascination,1,0.002,"other,noun"
with consumer,1,0.002,"other,noun"
margrethe ii,1,0.002,"noun,adj"
ii of,1,0.002,"adj,other"
of denmark,1,0.002,"other,noun"
denmark in,1,0.002,"noun,other"
portrait features,1,0.002,"verb,noun"
outlines with,1,0.002,"verb,other"
includes reds,1,0.002,"verb,verb"
pinks yellows,1,0.002,"noun,noun"
blacks the,1,0.002,"noun,other"
shown facing,1,0.002,"verb,verb"
a composed,1,0.002,"other,verb"
composed expression,1,0.002,"verb,noun"
a tiara,1,0.002,"other,adj"
tiara and,1,0.002,"adj,other"
pearls around,1,0.002,"noun,other"
regal nature,1,0.002,"adj,adj"
of large,1,0.002,"other,adj"
large blocks,1,0.002,"adj,noun"
without providing,1,0.002,"other,verb"
providing detail,1,0.002,"verb,noun"
detail about,1,0.002,"noun,other"
vibrant graphic,1,0.002,"adj,adj"
includes text,1,0.002,"verb,other"
or mark,1,0.002,"other,verb"
mark in,1,0.002,"verb,other"
corner but,1,0.002,"noun,other"
read definitively,1,0.002,"verb,adv"
definitively overall,1,0.002,"adv,adj"
margrethe while,1,0.002,"noun,other"
while incorporating,1,0.002,"other,verb"
incorporating warhol,1,0.002,"verb,noun"
iconic visual,1,0.002,"adj,adj"
visual language,1,0.002,"adj,noun"
of sitting,1,0.002,"other,verb"
bull rendered,1,0.002,"adj,verb"
colorful style,1,0.002,"adj,noun"
with pop,1,0.002,"other,noun"
up against,1,0.002,"other,other"
subject sitting,1,0.002,"adj,verb"
bull is,1,0.002,"adj,verb"
traditional indian,1,0.002,"adj,adj"
indian clothing,1,0.002,"adj,verb"
red headdress,1,0.002,"adj,noun"
headdress with,1,0.002,"noun,other"
a shirt,1,0.002,"other,adj"
shirt with,1,0.002,"adj,other"
collar his,1,0.002,"noun,other"
is stern,1,0.002,"verb,adj"
stern with,1,0.002,"adj,other"
his eyes,1,0.002,"other,noun"
eyes looking,1,0.002,"noun,verb"
quality warhol,1,0.002,"noun,noun"
of repetition,1,0.002,"other,noun"
repetition in,1,0.002,"noun,other"
case might,1,0.002,"noun,other"
be implied,1,0.002,"verb,verb"
implied through,1,0.002,"verb,other"
of similar,1,0.002,"other,adj"
similar elements,1,0.002,"adj,noun"
or patterns,1,0.002,"other,noun"
patterns within,1,0.002,"noun,other"
although not,1,0.002,"other,adv"
explicitly visible,1,0.002,"adv,adj"
of iconic,1,0.002,"other,adj"
representation where,1,0.002,"noun,other"
is treated,1,0.002,"verb,adj"
treated as,1,0.002,"adj,other"
symbol rather,1,0.002,"verb,adv"
a real,1,0.002,"other,adj"
real person,1,0.002,"adj,noun"
the cuffs,1,0.002,"other,noun"
cuffs and,1,0.002,"noun,other"
and collar,1,0.002,"other,noun"
ranking or,1,0.002,"noun,other"
or wealthy,1,0.002,"other,adj"
wealthy status,1,0.002,"adj,noun"
status which,1,0.002,"noun,other"
her being,1,0.002,"other,verb"
being titled,1,0.002,"verb,verb"
titled dona,1,0.002,"verb,noun"
dona antonia,1,0.002,"noun,noun"
antonia de,1,0.002,"noun,other"
de ipenarrieta,1,0.002,"other,noun"
ipenarrieta y,1,0.002,"noun,adj"
y galdos,1,0.002,"adj,verb"
galdos she,1,0.002,"verb,other"
black head,1,0.002,"adj,noun"
head covering,1,0.002,"noun,verb"
covering adorned,1,0.002,"verb,verb"
with pearls,1,0.002,"other,noun"
pearls indicating,1,0.002,"noun,verb"
indicating religious,1,0.002,"verb,adj"
religious devotion,1,0.002,"adj,noun"
devotion or,1,0.002,"noun,other"
or mourning,1,0.002,"other,verb"
mourning attire,1,0.002,"verb,noun"
attire in,1,0.002,"noun,other"
child accompanying,1,0.002,"noun,verb"
dressed similarly,1,0.002,"verb,adv"
similarly to,1,0.002,"adv,other"
her wearing,1,0.002,"other,verb"
lace trim,1,0.002,"noun,verb"
trim on,1,0.002,"verb,other"
his sleeves,1,0.002,"other,noun"
implies he,1,0.002,"noun,other"
he also,1,0.002,"other,adv"
also holds,1,0.002,"adv,verb"
of importance,1,0.002,"other,noun"
importance or,1,0.002,"noun,other"
or comes,1,0.002,"other,verb"
prominent family,1,0.002,"noun,noun"
family the,1,0.002,"noun,other"
outfit also,1,0.002,"verb,adv"
includes pearls,1,0.002,"verb,noun"
pearls echoing,1,0.002,"noun,verb"
and reinforcing,1,0.002,"other,noun"
reinforcing their,1,0.002,"noun,other"
status both,1,0.002,"noun,other"
are facing,1,0.002,"verb,verb"
viewer looking,1,0.002,"noun,verb"
something to,1,0.002,"noun,other"
their left,1,0.002,"other,verb"
left that,1,0.002,"verb,other"
frame their,1,0.002,"noun,other"
their postures,1,0.002,"other,noun"
postures are,1,0.002,"noun,verb"
are upright,1,0.002,"verb,adj"
woman holding,1,0.002,"noun,verb"
onto what,1,0.002,"other,other"
or piece,1,0.002,"other,noun"
furniture adding,1,0.002,"noun,verb"
her dignified,1,0.002,"other,verb"
that makes,1,0.002,"other,verb"
subjects stand,1,0.002,"noun,noun"
out more,1,0.002,"other,adv"
more prominently,1,0.002,"adv,adv"
painting highlights,1,0.002,"verb,noun"
highlights their,1,0.002,"noun,other"
clothing are,1,0.002,"verb,verb"
rendered showcasing,1,0.002,"verb,verb"
skill at,1,0.002,"noun,other"
capturing intricate,1,0.002,"verb,noun"
intricate textures,1,0.002,"noun,noun"
likely commissioned,1,0.002,"adj,verb"
commissioned to,1,0.002,"verb,other"
portray an,1,0.002,"noun,other"
important moment,1,0.002,"adj,noun"
moment or,1,0.002,"noun,other"
subjects stature,1,0.002,"noun,noun"
stature during,1,0.002,"noun,other"
during diego,1,0.002,"other,noun"
velazquez s,1,0.002,"noun,noun"
painting portrays,1,0.002,"verb,verb"
detailed military,1,0.002,"adj,adj"
military outfit,1,0.002,"adj,verb"
outfit complete,1,0.002,"verb,adj"
with armor,1,0.002,"other,noun"
armor indicating,1,0.002,"noun,verb"
his status,1,0.002,"other,noun"
status as,1,0.002,"noun,other"
nobleman he,1,0.002,"adj,other"
confident expression,1,0.002,"adj,noun"
hand he,1,0.002,"noun,other"
long gun,1,0.002,"adj,adj"
gun which,1,0.002,"adj,other"
combat or,1,0.002,"noun,other"
or hunting,1,0.002,"other,verb"
hunting his,1,0.002,"verb,other"
slightly perhaps,1,0.002,"adv,adv"
perhaps pointing,1,0.002,"adv,verb"
pointing towards,1,0.002,"verb,noun"
frame beside,1,0.002,"noun,noun"
large brown,1,0.002,"adj,noun"
brown dog,1,0.002,"noun,noun"
dog appearing,1,0.002,"noun,verb"
appearing loyal,1,0.002,"verb,adj"
loyal and,1,0.002,"adj,other"
and attentive,1,0.002,"other,adj"
attentive the,1,0.002,"adj,other"
environment that,1,0.002,"noun,other"
his estate,1,0.002,"other,noun"
estate or,1,0.002,"noun,other"
a hunting,1,0.002,"other,verb"
hunting ground,1,0.002,"verb,noun"
rich detail,1,0.002,"adj,noun"
textures diego,1,0.002,"noun,noun"
a spanish,1,0.002,"other,adj"
spanish painter,1,0.002,"adj,noun"
with remarkable,1,0.002,"other,adj"
remarkable skill,1,0.002,"adj,noun"
showcases that,1,0.002,"verb,other"
that talent,1,0.002,"other,noun"
talent beautifully,1,0.002,"noun,adv"
other gently,1,0.002,"adj,adv"
gently holding,1,0.002,"adv,verb"
onto her,1,0.002,"other,other"
elaborate ornate,1,0.002,"noun,verb"
ornate clothing,1,0.002,"verb,verb"
suggests regal,1,0.002,"verb,adj"
regal status,1,0.002,"adj,noun"
status she,1,0.002,"noun,other"
a ruff,1,0.002,"other,adj"
ruff collar,1,0.002,"adj,noun"
is large,1,0.002,"verb,adj"
large and,1,0.002,"adj,other"
and embellishments,1,0.002,"other,noun"
embellishments her,1,0.002,"noun,other"
focus curtain,1,0.002,"noun,noun"
curtain that,1,0.002,"noun,other"
drama to,1,0.002,"verb,other"
the surroundings,1,0.002,"other,noun"
surroundings are,1,0.002,"noun,verb"
subdued in,1,0.002,"verb,other"
s text,1,0.002,"noun,other"
text identifying,1,0.002,"other,noun"
painting as,1,0.002,"verb,other"
as queen,1,0.002,"other,noun"
queen isabel,1,0.002,"noun,noun"
isabel standing,1,0.002,"noun,verb"
by diego,1,0.002,"other,noun"
velazquez suggesting,1,0.002,"noun,verb"
portrays queen,1,0.002,"verb,noun"
queen isabella,1,0.002,"noun,noun"
isabella from,1,0.002,"noun,other"
art known,1,0.002,"noun,verb"
shadow its,1,0.002,"verb,other"
quality it,1,0.002,"noun,other"
it imparts,1,0.002,"other,noun"
imparts to,1,0.002,"noun,other"
a lady,1,0.002,"other,adj"
lady and,1,0.002,"adj,other"
to diego,1,0.002,"other,noun"
velázquez the,1,0.002,"noun,other"
lady depicted,1,0.002,"adj,verb"
elaborate dress,1,0.002,"noun,noun"
rich details,1,0.002,"adj,noun"
ranking status,1,0.002,"noun,noun"
or royalty,1,0.002,"other,noun"
royalty her,1,0.002,"noun,other"
bodice puffy,1,0.002,"adj,adj"
be fur,1,0.002,"verb,adj"
fashion from,1,0.002,"noun,other"
century a,1,0.002,"noun,other"
period during,1,0.002,"noun,other"
during which,1,0.002,"other,other"
which velázquez,1,0.002,"other,noun"
velázquez was,1,0.002,"noun,verb"
active the,1,0.002,"adj,other"
is confident,1,0.002,"verb,adj"
confident and,1,0.002,"adj,other"
gaze direct,1,0.002,"noun,adj"
direct engaging,1,0.002,"adj,verb"
small piece,1,0.002,"adj,noun"
of paper,1,0.002,"other,noun"
paper in,1,0.002,"noun,other"
be reading,1,0.002,"verb,verb"
read the,1,0.002,"verb,other"
any significant,1,0.002,"other,adj"
significant distraction,1,0.002,"adj,noun"
distraction this,1,0.002,"noun,other"
choice allows,1,0.002,"noun,verb"
clear view,1,0.002,"adj,noun"
strong highlights,1,0.002,"adj,noun"
highlights on,1,0.002,"noun,other"
dimension overall,1,0.002,"noun,adj"
baroque portraiture,1,0.002,"noun,verb"
portraiture which,1,0.002,"verb,other"
often aimed,1,0.002,"adv,verb"
aimed at,1,0.002,"verb,other"
at showcasing,1,0.002,"other,verb"
s status,1,0.002,"noun,noun"
or personality,1,0.002,"other,noun"
personality through,1,0.002,"noun,other"
through detailed,1,0.002,"other,adj"
detailed depiction,1,0.002,"adj,noun"
depiction and,1,0.002,"noun,other"
and symbolic,1,0.002,"other,adj"
realistic painting,1,0.002,"adj,verb"
a stag,1,0.002,"other,noun"
stag s,1,0.002,"noun,noun"
with antlers,1,0.002,"other,noun"
antlers the,1,0.002,"noun,other"
the deer,1,0.002,"other,noun"
deer has,1,0.002,"noun,verb"
sky like,1,0.002,"adj,other"
blue expanse,1,0.002,"noun,adj"
expanse with,1,0.002,"adj,other"
with wispy,1,0.002,"other,noun"
wispy white,1,0.002,"noun,adj"
clouds providing,1,0.002,"adj,verb"
animal s,1,0.002,"adj,noun"
s brown,1,0.002,"noun,noun"
brown tones,1,0.002,"noun,noun"
rendered to,1,0.002,"verb,other"
give depth,1,0.002,"verb,adj"
the stag,1,0.002,"other,noun"
stag the,1,0.002,"noun,other"
baroque period,1,0.002,"noun,noun"
shadow fine,1,0.002,"verb,verb"
majestic white,1,0.002,"adj,adj"
white horse,1,0.002,"adj,noun"
rocky terrain,1,0.002,"adj,adj"
terrain that,1,0.002,"adj,other"
be wet,1,0.002,"verb,adj"
wet or,1,0.002,"adj,other"
or reflecting,1,0.002,"other,verb"
reflecting light,1,0.002,"verb,adj"
be near,1,0.002,"verb,other"
near water,1,0.002,"other,noun"
positioned with,1,0.002,"verb,other"
leg lifted,1,0.002,"verb,verb"
lifted as,1,0.002,"verb,other"
if in,1,0.002,"other,other"
its mane,1,0.002,"other,noun"
mane is,1,0.002,"noun,verb"
is blowing,1,0.002,"verb,verb"
blowing slightly,1,0.002,"verb,adv"
right indicating,1,0.002,"adj,verb"
indicating movement,1,0.002,"verb,noun"
or wind,1,0.002,"other,noun"
wind it,1,0.002,"noun,other"
harness with,1,0.002,"noun,other"
a saddle,1,0.002,"other,noun"
saddle cloth,1,0.002,"noun,noun"
cloth hinting,1,0.002,"noun,verb"
possibility of,1,0.002,"noun,other"
of riding,1,0.002,"other,verb"
riding or,1,0.002,"verb,other"
being used,1,0.002,"verb,adj"
for work,1,0.002,"other,verb"
dark emphasizing,1,0.002,"adj,verb"
attention through,1,0.002,"noun,other"
through dynamic,1,0.002,"other,adj"
compositions and,1,0.002,"noun,other"
century as,1,0.002,"noun,other"
as diego,1,0.002,"other,noun"
active during,1,0.002,"adj,other"
period and,1,0.002,"noun,other"
works are,1,0.002,"verb,verb"
are known,1,0.002,"verb,verb"
their realism,1,0.002,"other,noun"
horse but,1,0.002,"noun,other"
of power,1,0.002,"other,noun"
power and,1,0.002,"noun,other"
grace that,1,0.002,"adj,other"
with horses,1,0.002,"other,verb"
horses in,1,0.002,"verb,other"
and particularly,1,0.002,"other,adv"
baroque genre,1,0.002,"noun,noun"
genre where,1,0.002,"noun,other"
where these,1,0.002,"other,other"
these themes,1,0.002,"other,noun"
themes were,1,0.002,"noun,verb"
were frequently,1,0.002,"verb,adv"
frequently explored,1,0.002,"adv,adj"
explored to,1,0.002,"adj,other"
create emotionally,1,0.002,"noun,adv"
emotionally charged,1,0.002,"adv,verb"
charged scenes,1,0.002,"verb,noun"
painting known,1,0.002,"verb,verb"
venus created,1,0.002,"verb,verb"
artist diego,1,0.002,"noun,noun"
velázquez it,1,0.002,"noun,other"
a naked,1,0.002,"other,adj"
naked woman,1,0.002,"adj,noun"
drapery she,1,0.002,"noun,other"
mirror in,1,0.002,"noun,other"
which her,1,0.002,"other,other"
her reflection,1,0.002,"other,noun"
reflection is,1,0.002,"noun,verb"
visible she,1,0.002,"adj,other"
be admiring,1,0.002,"verb,verb"
admiring herself,1,0.002,"verb,other"
herself above,1,0.002,"other,other"
head there,1,0.002,"noun,other"
wings holding,1,0.002,"noun,verb"
a ribbon,1,0.002,"other,noun"
ribbon or,1,0.002,"noun,other"
item near,1,0.002,"noun,other"
angel adds,1,0.002,"other,verb"
classical element,1,0.002,"adj,noun"
scene often,1,0.002,"noun,adv"
the mythological,1,0.002,"other,adj"
mythological and,1,0.002,"adj,other"
and religious,1,0.002,"other,adj"
religious themes,1,0.002,"adj,noun"
themes common,1,0.002,"noun,adj"
in baroque,1,0.002,"other,noun"
features this,1,0.002,"noun,other"
dimensionality that,1,0.002,"noun,other"
vibrant especially,1,0.002,"adj,adv"
drapery which,1,0.002,"noun,other"
angel s,1,0.002,"other,noun"
s robes,1,0.002,"noun,noun"
robes the,1,0.002,"noun,other"
unmistakably baroque,1,0.002,"adv,noun"
baroque with,1,0.002,"noun,other"
light realistic,1,0.002,"adj,adj"
realistic figure,1,0.002,"adj,noun"
figure rendering,1,0.002,"noun,verb"
on movement,1,0.002,"other,noun"
portrait or,1,0.002,"verb,other"
perhaps more,1,0.002,"adv,adv"
more accurately,1,0.002,"adv,adv"
accurately a,1,0.002,"adv,other"
a fancy,1,0.002,"other,adj"
fancy or,1,0.002,"adj,other"
or idealized,1,0.002,"other,adj"
idealized portrayal,1,0.002,"adj,adj"
portrayal as,1,0.002,"adj,other"
it combines,1,0.002,"other,verb"
realism with,1,0.002,"noun,other"
with classical,1,0.002,"other,adj"
classical motifs,1,0.002,"adj,noun"
motifs and,1,0.002,"noun,other"
and mythological,1,0.002,"other,adj"
mythological allusions,1,0.002,"adj,noun"
allusions the,1,0.002,"noun,other"
venus is,1,0.002,"verb,verb"
is celebrated,1,0.002,"verb,verb"
celebrated for,1,0.002,"verb,other"
mastery as,1,0.002,"noun,other"
as for,1,0.002,"other,other"
the sensual,1,0.002,"other,adj"
sensual quality,1,0.002,"adj,noun"
has made,1,0.002,"verb,verb"
made it,1,0.002,"verb,other"
it one,1,0.002,"other,other"
famous works,1,0.002,"adj,verb"
painting belongs,1,0.002,"verb,noun"
a collection,1,0.002,"other,noun"
collection in,1,0.002,"noun,other"
the national,1,0.002,"other,adj"
national gallery,1,0.002,"adj,noun"
gallery in,1,0.002,"noun,other"
in london,1,0.002,"other,noun"
chair seemingly,1,0.002,"noun,adv"
seemingly engrossed,1,0.002,"adv,verb"
perhaps looking,1,0.002,"adv,verb"
frame she,1,0.002,"noun,other"
ruffles around,1,0.002,"noun,other"
a level,1,0.002,"other,noun"
formality or,1,0.002,"noun,other"
was commonplace,1,0.002,"verb,noun"
commonplace the,1,0.002,"noun,other"
setting seems,1,0.002,"verb,verb"
seems simple,1,0.002,"verb,noun"
and domestic,1,0.002,"other,adj"
domestic with,1,0.002,"adj,other"
fabric possibly,1,0.002,"adj,adv"
possibly curtains,1,0.002,"adv,noun"
upholstery the,1,0.002,"adj,other"
realistic capturing,1,0.002,"adj,verb"
capturing fine,1,0.002,"verb,verb"
features it,1,0.002,"noun,other"
it falls,1,0.002,"other,verb"
the new,1,0.002,"other,adj"
realism category,1,0.002,"noun,noun"
category which,1,0.002,"noun,other"
on ordinary,1,0.002,"other,adj"
ordinary life,1,0.002,"adj,noun"
a dominance,1,0.002,"other,noun"
of earth,1,0.002,"other,noun"
tones giving,1,0.002,"noun,verb"
a subdued,1,0.002,"other,verb"
somewhat somber,1,0.002,"adv,noun"
composition along,1,0.002,"noun,other"
skillful handling,1,0.002,"adj,verb"
subject a,1,0.002,"adj,other"
dimensional appearance,1,0.002,"adj,noun"
seems almost,1,0.002,"verb,adv"
almost lifelike,1,0.002,"adv,other"
lifelike the,1,0.002,"other,other"
striking conveying,1,0.002,"verb,verb"
conveying a,1,0.002,"verb,other"
perhaps waiting,1,0.002,"adv,verb"
from cape,1,0.002,"other,noun"
after a,1,0.002,"other,other"
a rainstorm,1,0.002,"other,verb"
rainstorm the,1,0.002,"verb,other"
title cape,1,0.002,"noun,noun"
cod afternoon,1,0.002,"noun,noun"
afternoon suggests,1,0.002,"noun,verb"
suggests the,1,0.002,"verb,other"
day and,1,0.002,"noun,other"
location where,1,0.002,"noun,other"
where this,1,0.002,"other,other"
set the,1,0.002,"noun,other"
style seems,1,0.002,"noun,verb"
to lean,1,0.002,"other,adj"
lean towards,1,0.002,"adj,noun"
towards new,1,0.002,"noun,adj"
realism which,1,0.002,"noun,other"
portrayal while,1,0.002,"adj,other"
artistic interpretation,1,0.002,"adj,noun"
interpretation in,1,0.002,"noun,other"
see an,1,0.002,"noun,other"
old house,1,0.002,"adj,noun"
has seen,1,0.002,"verb,verb"
seen better,1,0.002,"verb,adj"
better days,1,0.002,"adj,noun"
days its,1,0.002,"noun,other"
color appears,1,0.002,"noun,verb"
appears faded,1,0.002,"verb,verb"
faded indicating,1,0.002,"verb,verb"
indicating age,1,0.002,"verb,noun"
age or,1,0.002,"noun,other"
perhaps weathering,1,0.002,"adv,verb"
weathering from,1,0.002,"verb,other"
elements there,1,0.002,"noun,other"
main building,1,0.002,"adj,noun"
building both,1,0.002,"noun,other"
situated in,1,0.002,"verb,other"
lush green,1,0.002,"noun,adj"
green lawn,1,0.002,"adj,noun"
lawn that,1,0.002,"noun,other"
the muted,1,0.002,"other,verb"
houses the,1,0.002,"noun,other"
gentle mist,1,0.002,"adj,verb"
mist or,1,0.002,"verb,other"
or fog,1,0.002,"other,noun"
fog hanging,1,0.002,"noun,verb"
hanging over,1,0.002,"verb,other"
was recently,1,0.002,"verb,adv"
recently rained,1,0.002,"adv,verb"
rained on,1,0.002,"verb,other"
the wetness,1,0.002,"other,noun"
wetness on,1,0.002,"noun,other"
ground which,1,0.002,"noun,other"
reflects some,1,0.002,"verb,other"
in such,1,0.002,"other,adj"
such a,1,0.002,"adj,other"
that one,1,0.002,"other,other"
can almost,1,0.002,"other,adv"
almost hear,1,0.002,"adv,verb"
hear the,1,0.002,"verb,other"
the splashes,1,0.002,"other,noun"
of raindrops,1,0.002,"other,verb"
raindrops falling,1,0.002,"verb,verb"
falling into,1,0.002,"verb,other"
into puddles,1,0.002,"other,noun"
puddles the,1,0.002,"noun,other"
is detailed,1,0.002,"verb,adj"
and evokes,1,0.002,"other,noun"
tranquility mixed,1,0.002,"noun,adj"
mixed with,1,0.002,"adj,other"
with nostalgia,1,0.002,"other,adj"
nostalgia edward,1,0.002,"adj,adv"
hopper was,1,0.002,"adj,verb"
capture solitude,1,0.002,"noun,noun"
quiet moments,1,0.002,"adj,noun"
moments and,1,0.002,"noun,other"
to carry,1,0.002,"other,verb"
carry on,1,0.002,"verb,other"
that tradition,1,0.002,"other,noun"
tradition the,1,0.002,"noun,other"
work invites,1,0.002,"verb,noun"
the stories,1,0.002,"other,noun"
stories these,1,0.002,"noun,other"
these old,1,0.002,"other,adj"
old houses,1,0.002,"adj,noun"
houses might,1,0.002,"noun,other"
might hold,1,0.002,"other,verb"
hold within,1,0.002,"verb,other"
within their,1,0.002,"other,other"
their weathered,1,0.002,"other,verb"
weathered walls,1,0.002,"verb,noun"
walls and,1,0.002,"noun,other"
imagine the,1,0.002,"adj,other"
the sounds,1,0.002,"other,verb"
sounds and,1,0.002,"verb,other"
and smells,1,0.002,"other,noun"
smells of,1,0.002,"noun,other"
of cape,1,0.002,"other,noun"
after an,1,0.002,"other,other"
afternoon rain,1,0.002,"noun,noun"
titled summer,1,0.002,"verb,noun"
evening by,1,0.002,"verb,other"
artist edward,1,0.002,"noun,adv"
hopper the,1,0.002,"adj,other"
characterized as,1,0.002,"verb,other"
as social,1,0.002,"other,adj"
social realism,1,0.002,"adj,noun"
realism in,1,0.002,"noun,other"
scene we,1,0.002,"noun,other"
a porch,1,0.002,"other,noun"
porch at,1,0.002,"noun,other"
at dusk,1,0.002,"other,noun"
dusk the,1,0.002,"noun,other"
house they,1,0.002,"noun,other"
they re,1,0.002,"other,verb"
re sitting,1,0.002,"verb,verb"
on has,1,0.002,"other,verb"
old fashioned,1,0.002,"adj,verb"
fashioned look,1,0.002,"verb,noun"
look with,1,0.002,"noun,other"
visible front,1,0.002,"adj,adj"
front door,1,0.002,"adj,noun"
door that,1,0.002,"noun,other"
comfortably next,1,0.002,"adv,adj"
woman their,1,0.002,"noun,other"
their figures,1,0.002,"other,noun"
figures silhouetted,1,0.002,"noun,verb"
silhouetted against,1,0.002,"verb,other"
a streetlamp,1,0.002,"other,noun"
streetlamp or,1,0.002,"noun,other"
sun the,1,0.002,"adj,other"
moment perhaps,1,0.002,"noun,adv"
perhaps indicative,1,0.002,"adv,adj"
or suburb,1,0.002,"other,noun"
suburb during,1,0.002,"noun,other"
the summer,1,0.002,"other,noun"
are warm,1,0.002,"verb,adj"
sky transitioning,1,0.002,"adj,verb"
transitioning from,1,0.002,"verb,other"
from day,1,0.002,"other,noun"
day into,1,0.002,"noun,other"
into night,1,0.002,"other,noun"
night and,1,0.002,"noun,other"
the porch,1,0.002,"other,noun"
porch painted,1,0.002,"noun,verb"
in hues,1,0.002,"other,noun"
long warm,1,0.002,"adj,adj"
warm evening,1,0.002,"adj,verb"
evening the,1,0.002,"verb,other"
detail evident,1,0.002,"noun,adj"
the wood,1,0.002,"other,noun"
wood on,1,0.002,"noun,other"
characters clothing,1,0.002,"noun,verb"
light reflected,1,0.002,"adj,verb"
reflected off,1,0.002,"verb,other"
off their,1,0.002,"other,other"
faces the,1,0.002,"verb,other"
this summer,1,0.002,"other,noun"
evening rather,1,0.002,"verb,adv"
than relying,1,0.002,"other,verb"
relying on,1,0.002,"verb,other"
on dramatic,1,0.002,"other,adj"
dramatic action,1,0.002,"adj,noun"
action or,1,0.002,"noun,other"
or vibrant,1,0.002,"other,adj"
a snapshot,1,0.002,"other,adj"
snapshot of,1,0.002,"adj,other"
an eye,1,0.002,"other,noun"
eye for,1,0.002,"noun,other"
for authenticity,1,0.002,"other,noun"
door open,1,0.002,"noun,adj"
reveal a,1,0.002,"verb,other"
a seascape,1,0.002,"other,noun"
room appears,1,0.002,"noun,verb"
larger building,1,0.002,"adj,noun"
or house,1,0.002,"other,noun"
visible architectural,1,0.002,"adj,adj"
as trim,1,0.002,"other,verb"
trim around,1,0.002,"verb,other"
walls a,1,0.002,"noun,other"
carpet and,1,0.002,"noun,other"
some furniture,1,0.002,"other,noun"
furniture including,1,0.002,"noun,verb"
or dresser,1,0.002,"other,noun"
dresser in,1,0.002,"noun,other"
the corner,1,0.002,"other,noun"
or solitude,1,0.002,"other,noun"
solitude the,1,0.002,"noun,other"
coming through,1,0.002,"verb,other"
door casts,1,0.002,"noun,noun"
casts shadows,1,0.002,"noun,verb"
interior giving,1,0.002,"adj,verb"
giving depth,1,0.002,"verb,adj"
and enhancing,1,0.002,"other,verb"
interior and,1,0.002,"adj,other"
and exterior,1,0.002,"other,adj"
exterior scenes,1,0.002,"adj,noun"
outside shows,1,0.002,"adj,verb"
an ocean,1,0.002,"other,noun"
large lake,1,0.002,"adj,noun"
lake due,1,0.002,"noun,adj"
its calm,1,0.002,"other,adj"
calm surface,1,0.002,"adj,noun"
surface and,1,0.002,"noun,other"
and distant,1,0.002,"other,adj"
distant horizon,1,0.002,"adj,noun"
line there,1,0.002,"noun,other"
no sign,1,0.002,"other,noun"
sign of,1,0.002,"noun,other"
human activity,1,0.002,"adj,noun"
activity in,1,0.002,"noun,other"
this outdoor,1,0.002,"other,adj"
outdoor scene,1,0.002,"adj,noun"
of solitude,1,0.002,"other,noun"
solitude overall,1,0.002,"noun,adj"
of stillness,1,0.002,"other,noun"
stillness where,1,0.002,"noun,other"
where one,1,0.002,"other,other"
might find,1,0.002,"other,verb"
find both,1,0.002,"verb,other"
both comfort,1,0.002,"other,noun"
comfort in,1,0.002,"noun,other"
the familiar,1,0.002,"other,adj"
familiar space,1,0.002,"adj,noun"
space within,1,0.002,"noun,other"
within and,1,0.002,"other,other"
of longing,1,0.002,"other,verb"
longing for,1,0.002,"verb,other"
the vastness,1,0.002,"other,noun"
vastness beyond,1,0.002,"noun,other"
title rooms,1,0.002,"noun,noun"
rooms by,1,0.002,"noun,other"
sea suggests,1,0.002,"noun,verb"
an exploration,1,0.002,"other,noun"
of themes,1,0.002,"other,noun"
themes like,1,0.002,"noun,other"
like introspection,1,0.002,"other,noun"
introspection nature,1,0.002,"noun,adj"
in our,1,0.002,"other,other"
our lives,1,0.002,"other,verb"
lives and,1,0.002,"verb,other"
perhaps the,1,0.002,"adv,other"
the coexistence,1,0.002,"other,noun"
coexistence of,1,0.002,"noun,other"
tranquility with,1,0.002,"noun,other"
certain melancholic,1,0.002,"adj,adj"
melancholic or,1,0.002,"adj,other"
theatrical portrayal,1,0.002,"adj,adj"
of lady,1,0.002,"other,adj"
macbeth a,1,0.002,"noun,other"
character from,1,0.002,"noun,other"
from william,1,0.002,"other,adj"
william shakespeare,1,0.002,"adj,verb"
s play,1,0.002,"noun,noun"
play macbeth,1,0.002,"noun,noun"
macbeth actress,1,0.002,"noun,adj"
actress ellen,1,0.002,"adj,verb"
macbeth holding,1,0.002,"noun,verb"
a crown,1,0.002,"other,adj"
crown above,1,0.002,"adj,other"
hip embodying,1,0.002,"noun,verb"
regal aspect,1,0.002,"adj,verb"
character she,1,0.002,"noun,other"
be fully,1,0.002,"verb,adv"
fully immersed,1,0.002,"adv,verb"
performance conveying,1,0.002,"noun,verb"
and ambition,1,0.002,"other,noun"
ambition that,1,0.002,"noun,other"
that defines,1,0.002,"other,noun"
defines lady,1,0.002,"noun,adj"
macbeth s,1,0.002,"noun,noun"
s character,1,0.002,"noun,noun"
character terry,1,0.002,"noun,adj"
is costumed,1,0.002,"verb,verb"
costumed elaborately,1,0.002,"verb,adv"
elaborately wearing,1,0.002,"adv,verb"
ornate dress,1,0.002,"verb,noun"
royal context,1,0.002,"noun,adj"
features detailed,1,0.002,"noun,adj"
and fabrics,1,0.002,"other,noun"
fabrics adding,1,0.002,"noun,verb"
image her,1,0.002,"noun,other"
dark eyeshadow,1,0.002,"adj,adj"
eyeshadow and,1,0.002,"adj,other"
and lipstick,1,0.002,"other,adj"
lipstick enhancing,1,0.002,"adj,verb"
enhancing her,1,0.002,"verb,other"
her intense,1,0.002,"other,verb"
gaze her,1,0.002,"noun,other"
waves contributing,1,0.002,"noun,verb"
overall opulence,1,0.002,"adj,noun"
opulence of,1,0.002,"noun,other"
is realism,1,0.002,"verb,noun"
realism as,1,0.002,"noun,other"
attire facial,1,0.002,"noun,adj"
facial expressions,1,0.002,"adj,noun"
expressions and,1,0.002,"noun,other"
lifelike portrayal,1,0.002,"other,adj"
s emotions,1,0.002,"noun,noun"
emotions the,1,0.002,"noun,other"
artist john,1,0.002,"noun,noun"
subtle nuances,1,0.002,"adj,noun"
human expression,1,0.002,"adj,noun"
emotion which,1,0.002,"noun,other"
terry as,1,0.002,"adj,other"
macbeth the,1,0.002,"noun,other"
dark allowing,1,0.002,"adj,verb"
remain focused,1,0.002,"verb,verb"
on ellen,1,0.002,"other,verb"
terry and,1,0.002,"adj,other"
body further,1,0.002,"noun,adv"
role overall,1,0.002,"noun,adj"
famous actor,1,0.002,"adj,verb"
actor in,1,0.002,"verb,other"
of shakespeare,1,0.002,"other,verb"
most powerful,1,0.002,"adv,adj"
powerful female,1,0.002,"adj,adj"
female roles,1,0.002,"adj,noun"
woman identified,1,0.002,"noun,verb"
as flora,1,0.002,"other,verb"
flora priestley,1,0.002,"verb,noun"
priestley the,1,0.002,"noun,other"
light rather,1,0.002,"adj,adv"
portrait flora,1,0.002,"verb,verb"
flora s,1,0.002,"verb,noun"
loose curls,1,0.002,"adj,noun"
curls around,1,0.002,"noun,other"
head suggesting,1,0.002,"noun,verb"
relaxed or,1,0.002,"verb,other"
setting she,1,0.002,"verb,other"
dark dress,1,0.002,"adj,noun"
be lace,1,0.002,"verb,noun"
neckline adding,1,0.002,"adj,verb"
elegance to,1,0.002,"noun,other"
particularly noteworthy,1,0.002,"adv,adj"
noteworthy it,1,0.002,"adj,other"
is referred,1,0.002,"verb,verb"
as lamplight,1,0.002,"other,verb"
lamplight study,1,0.002,"verb,verb"
implies that,1,0.002,"noun,other"
the illumination,1,0.002,"other,noun"
illumination comes,1,0.002,"noun,verb"
a source,1,0.002,"other,noun"
source not,1,0.002,"noun,adv"
frame this,1,0.002,"noun,other"
this soft,1,0.002,"other,adj"
light casts,1,0.002,"adj,noun"
casts gentle,1,0.002,"noun,adj"
shadows across,1,0.002,"verb,other"
across her,1,0.002,"other,other"
shoulders contributing,1,0.002,"noun,verb"
that singer,1,0.002,"other,adj"
was skilled,1,0.002,"verb,verb"
skilled at,1,0.002,"verb,other"
capturing atmospheric,1,0.002,"verb,adj"
atmospheric effects,1,0.002,"adj,noun"
effects a,1,0.002,"noun,other"
of impressionistic,1,0.002,"other,adj"
minimal focusing,1,0.002,"adj,verb"
on flora,1,0.002,"other,verb"
flora herself,1,0.002,"verb,other"
herself it,1,0.002,"other,other"
tones but,1,0.002,"noun,other"
are kept,1,0.002,"verb,other"
kept to,1,0.002,"other,other"
a minimum,1,0.002,"other,adj"
minimum in,1,0.002,"adj,other"
maintain focus,1,0.002,"verb,noun"
is peaceful,1,0.002,"verb,adj"
and introspective,1,0.002,"other,adj"
introspective capturing,1,0.002,"adj,verb"
glass vase,1,0.002,"noun,noun"
yellow daffodils,1,0.002,"adj,noun"
daffodils which,1,0.002,"noun,other"
cloth there,1,0.002,"noun,other"
also two,1,0.002,"adv,other"
oranges visible,1,0.002,"verb,adj"
is to,1,0.002,"verb,other"
and closer,1,0.002,"other,adv"
dark drape,1,0.002,"adj,noun"
drape adding,1,0.002,"noun,verb"
fluid capturing,1,0.002,"noun,verb"
impressionistic manner,1,0.002,"adj,adj"
yellow of,1,0.002,"adj,other"
the daffodils,1,0.002,"other,noun"
daffodils contrasting,1,0.002,"noun,verb"
background creates,1,0.002,"noun,noun"
striking image,1,0.002,"verb,noun"
manipulation or,1,0.002,"noun,other"
or composite,1,0.002,"other,adj"
composite rather,1,0.002,"adj,adv"
than an,1,0.002,"other,other"
actual piece,1,0.002,"adj,noun"
shows what,1,0.002,"verb,other"
classical architecture,1,0.002,"adj,noun"
architecture specifically,1,0.002,"noun,adv"
specifically the,1,0.002,"adv,other"
base and,1,0.002,"adj,other"
column from,1,0.002,"noun,other"
palace facade,1,0.002,"noun,noun"
facade the,1,0.002,"noun,other"
titled base,1,0.002,"verb,adj"
palace and,1,0.002,"noun,other"
is credited,1,0.002,"verb,verb"
credited to,1,0.002,"verb,other"
to john,1,0.002,"other,noun"
sargent who,1,0.002,"adj,other"
indeed known,1,0.002,"adv,verb"
his impressionist,1,0.002,"other,adj"
or edited,1,0.002,"other,verb"
edited to,1,0.002,"verb,other"
include various,1,0.002,"verb,adj"
that do,1,0.002,"other,verb"
not align,1,0.002,"adv,noun"
with typical,1,0.002,"other,adj"
typical impressionist,1,0.002,"adj,adj"
techniques 1,1,0.002,"noun,other"
1 the,1,0.002,"other,other"
are unnatural,1,0.002,"verb,adj"
unnatural and,1,0.002,"adj,other"
and inconsistent,1,0.002,"other,noun"
inconsistent which,1,0.002,"noun,other"
suggest digital,1,0.002,"noun,adj"
manipulation 2,1,0.002,"noun,other"
2 the,1,0.002,"other,other"
textures appear,1,0.002,"noun,verb"
appear artificial,1,0.002,"verb,adj"
artificial as,1,0.002,"adj,other"
they were,1,0.002,"other,verb"
were painted,1,0.002,"verb,verb"
painted over,1,0.002,"verb,other"
over a,1,0.002,"other,other"
different background,1,0.002,"adj,noun"
background 3,1,0.002,"noun,other"
the proportions,1,0.002,"other,noun"
and details,1,0.002,"other,noun"
details do,1,0.002,"noun,verb"
not match,1,0.002,"adv,verb"
match classical,1,0.002,"verb,adj"
architectural standards,1,0.002,"adj,noun"
standards giving,1,0.002,"noun,verb"
an edited,1,0.002,"other,verb"
edited photo,1,0.002,"verb,noun"
photo or,1,0.002,"noun,other"
or collage,1,0.002,"other,noun"
collage rather,1,0.002,"noun,adv"
a carefully,1,0.002,"other,adv"
carefully rendered,1,0.002,"adv,verb"
rendered painting,1,0.002,"verb,verb"
painting 4,1,0.002,"verb,other"
4 there,1,0.002,"other,other"
visible brushwork,1,0.002,"adj,noun"
brushwork or,1,0.002,"noun,other"
or texture,1,0.002,"other,noun"
paintings by,1,0.002,"noun,other"
sargent overall,1,0.002,"adj,adj"
overall while,1,0.002,"adj,other"
artwork bears,1,0.002,"noun,verb"
bears some,1,0.002,"verb,other"
some resemblance,1,0.002,"other,noun"
resemblance to,1,0.002,"noun,other"
what one,1,0.002,"other,other"
might expect,1,0.002,"other,verb"
expect from,1,0.002,"verb,other"
sargent it,1,0.002,"adj,other"
lacks authenticity,1,0.002,"noun,noun"
and fails,1,0.002,"other,verb"
fails to,1,0.002,"verb,other"
the nuances,1,0.002,"other,noun"
it applies,1,0.002,"other,noun"
applies to,1,0.002,"noun,other"
to architectural,1,0.002,"other,adj"
architectural subjects,1,0.002,"adj,noun"
base or,1,0.002,"adj,other"
or foundation,1,0.002,"other,verb"
foundation of,1,0.002,"verb,other"
grand structure,1,0.002,"adj,noun"
palace as,1,0.002,"noun,other"
title base,1,0.002,"noun,adj"
soft watercolor,1,0.002,"adj,adj"
watercolor tones,1,0.002,"adj,noun"
lends it,1,0.002,"verb,other"
somewhat dreamlike,1,0.002,"adv,verb"
scene features,1,0.002,"noun,noun"
levels of,1,0.002,"noun,other"
of stone,1,0.002,"other,adv"
stone steps,1,0.002,"adv,noun"
steps leading,1,0.002,"noun,verb"
large column,1,0.002,"adj,noun"
column or,1,0.002,"noun,other"
or support,1,0.002,"other,noun"
support structure,1,0.002,"noun,noun"
steps are,1,0.002,"noun,verb"
are textured,1,0.002,"verb,adj"
textured and,1,0.002,"adj,other"
and shaded,1,0.002,"other,verb"
shaded giving,1,0.002,"verb,verb"
them depth,1,0.002,"other,adj"
are weathered,1,0.002,"verb,verb"
weathered by,1,0.002,"verb,other"
by time,1,0.002,"other,noun"
the column,1,0.002,"other,noun"
column has,1,0.002,"noun,verb"
has ornate,1,0.002,"verb,verb"
ornate capitals,1,0.002,"verb,noun"
capitals indicating,1,0.002,"noun,verb"
indicating classical,1,0.002,"verb,adj"
architectural influences,1,0.002,"adj,noun"
influences which,1,0.002,"noun,other"
in palaces,1,0.002,"other,noun"
palaces and,1,0.002,"noun,other"
other grand,1,0.002,"adj,adj"
grand buildings,1,0.002,"adj,noun"
buildings from,1,0.002,"noun,other"
from previous,1,0.002,"other,adj"
previous centuries,1,0.002,"adj,noun"
centuries the,1,0.002,"noun,other"
slightly skewed,1,0.002,"adv,verb"
skewed drawing,1,0.002,"verb,verb"
eye downwards,1,0.002,"noun,noun"
downwards along,1,0.002,"noun,other"
steps towards,1,0.002,"noun,noun"
building this,1,0.002,"noun,other"
this composition,1,0.002,"other,noun"
composition technique,1,0.002,"noun,noun"
technique adds,1,0.002,"noun,verb"
scale and,1,0.002,"noun,other"
and invites,1,0.002,"other,noun"
invites curiosity,1,0.002,"noun,noun"
curiosity about,1,0.002,"noun,other"
about what,1,0.002,"other,other"
what lies,1,0.002,"other,noun"
lies beyond,1,0.002,"noun,other"
beyond this,1,0.002,"other,other"
this section,1,0.002,"other,noun"
surrounding areas,1,0.002,"verb,noun"
areas are,1,0.002,"noun,verb"
are filled,1,0.002,"verb,verb"
with shadow,1,0.002,"other,verb"
subtle color,1,0.002,"adj,noun"
color variations,1,0.002,"noun,noun"
variations that,1,0.002,"noun,other"
architecture overall,1,0.002,"noun,adj"
history associated,1,0.002,"noun,adj"
such architectural,1,0.002,"adj,adj"
while employing,1,0.002,"other,verb"
employing an,1,0.002,"verb,other"
impressionistic approach,1,0.002,"adj,noun"
serene venetian,1,0.002,"adj,adj"
venetian scene,1,0.002,"adj,noun"
scene under,1,0.002,"noun,other"
title ponte,1,0.002,"noun,noun"
giuseppe di,1,0.002,"noun,adj"
di castello,1,0.002,"adj,noun"
castello venice,1,0.002,"noun,noun"
venice created,1,0.002,"noun,verb"
sargent the,1,0.002,"adj,other"
bridge ponte,1,0.002,"noun,noun"
giuseppe which,1,0.002,"noun,other"
stands majestically,1,0.002,"verb,adv"
majestically over,1,0.002,"adv,other"
tranquil waters,1,0.002,"noun,noun"
waters of,1,0.002,"noun,other"
a canal,1,0.002,"other,adj"
canal the,1,0.002,"adj,other"
by hues,1,0.002,"other,noun"
green creating,1,0.002,"adj,verb"
waterway that,1,0.002,"adv,other"
that runs,1,0.002,"other,noun"
runs through,1,0.002,"noun,other"
the city,1,0.002,"other,noun"
city with,1,0.002,"noun,other"
moored or,1,0.002,"verb,other"
or gently,1,0.002,"other,adv"
gently floating,1,0.002,"adv,verb"
floating adding,1,0.002,"verb,verb"
architecture of,1,0.002,"noun,other"
of venice,1,0.002,"other,noun"
venice is,1,0.002,"noun,verb"
is represented,1,0.002,"verb,adj"
represented in,1,0.002,"adj,other"
background where,1,0.002,"noun,other"
viewer can,1,0.002,"noun,other"
see buildings,1,0.002,"noun,noun"
buildings adorned,1,0.002,"noun,verb"
with shuttered,1,0.002,"other,verb"
and balconies,1,0.002,"other,noun"
balconies these,1,0.002,"noun,other"
these structures,1,0.002,"other,verb"
structures combined,1,0.002,"verb,verb"
bridge provide,1,0.002,"noun,verb"
history reminding,1,0.002,"noun,verb"
reminding us,1,0.002,"verb,other"
us of,1,0.002,"other,other"
rich cultural,1,0.002,"adj,adj"
cultural heritage,1,0.002,"adj,noun"
heritage that,1,0.002,"noun,other"
that venice,1,0.002,"other,noun"
venice embodies,1,0.002,"noun,noun"
embodies the,1,0.002,"noun,other"
the various,1,0.002,"other,adj"
s reflective,1,0.002,"noun,adj"
reflective surface,1,0.002,"adj,noun"
surface to,1,0.002,"noun,other"
the buildings,1,0.002,"other,noun"
buildings the,1,0.002,"noun,other"
balance as,1,0.002,"noun,other"
artist successfully,1,0.002,"noun,adv"
successfully captures,1,0.002,"adv,verb"
time within,1,0.002,"noun,other"
beautiful cityscape,1,0.002,"adj,noun"
resting in,1,0.002,"verb,other"
long dress,1,0.002,"adj,noun"
hair completely,1,0.002,"adj,adv"
completely the,1,0.002,"adv,other"
window covered,1,0.002,"verb,verb"
curtains through,1,0.002,"noun,other"
which a,1,0.002,"other,other"
or sky,1,0.002,"other,adj"
sky can,1,0.002,"adj,other"
seen to,1,0.002,"verb,other"
a framed,1,0.002,"other,verb"
framed picture,1,0.002,"verb,noun"
picture hanging,1,0.002,"noun,verb"
soft subtle,1,0.002,"adj,adj"
an attention,1,0.002,"other,noun"
brings out,1,0.002,"noun,other"
clothing as,1,0.002,"verb,other"
dominant grayscale,1,0.002,"verb,verb"
grayscale tones,1,0.002,"verb,noun"
tones accented,1,0.002,"noun,verb"
accented by,1,0.002,"verb,other"
by hints,1,0.002,"other,noun"
blue from,1,0.002,"noun,other"
the curtain,1,0.002,"other,noun"
curtain and,1,0.002,"noun,other"
landscape beyond,1,0.002,"noun,other"
in embroidering,1,0.002,"other,verb"
embroidering a,1,0.002,"verb,other"
a cushioned,1,0.002,"other,verb"
cushioned chair,1,0.002,"verb,noun"
designs suggesting,1,0.002,"noun,verb"
woman wears,1,0.002,"noun,noun"
detailing which,1,0.002,"verb,other"
overall delicate,1,0.002,"adj,adj"
delicate aesthetic,1,0.002,"adj,adj"
a embroidery,1,0.002,"other,adv"
embroidery needle,1,0.002,"adv,adj"
needle carefully,1,0.002,"adj,adv"
carefully working,1,0.002,"adv,verb"
her craft,1,0.002,"other,noun"
craft the,1,0.002,"noun,other"
detail typical,1,0.002,"noun,adj"
work there,1,0.002,"verb,other"
texts or,1,0.002,"noun,other"
or distinguishing,1,0.002,"other,verb"
distinguishing marks,1,0.002,"verb,verb"
marks in,1,0.002,"verb,other"
or time,1,0.002,"other,noun"
girl reclining,1,0.002,"noun,verb"
blue armchair,1,0.002,"noun,noun"
chair takes,1,0.002,"noun,verb"
takes up,1,0.002,"verb,other"
up a,1,0.002,"other,other"
centrally drawing,1,0.002,"adv,verb"
the little,1,0.002,"other,adv"
little girl,1,0.002,"adv,noun"
appears relaxed,1,0.002,"verb,verb"
her other,1,0.002,"other,adj"
is casually,1,0.002,"verb,adv"
dark details,1,0.002,"adj,noun"
elegant garment,1,0.002,"verb,noun"
garment on,1,0.002,"noun,other"
lap there,1,0.002,"noun,other"
small dog,1,0.002,"adj,noun"
dog that,1,0.002,"noun,other"
seems calm,1,0.002,"verb,adj"
ease in,1,0.002,"noun,other"
her company,1,0.002,"other,noun"
company the,1,0.002,"noun,other"
gaze meets,1,0.002,"noun,verb"
viewer directly,1,0.002,"noun,adv"
directly creating,1,0.002,"adv,verb"
subject and,1,0.002,"adj,other"
dominating both,1,0.002,"adj,other"
background elements,1,0.002,"noun,noun"
spontaneity in,1,0.002,"noun,other"
cassatt at,1,0.002,"noun,other"
fan set,1,0.002,"noun,noun"
backdrop featuring,1,0.002,"noun,noun"
featuring curtains,1,0.002,"noun,noun"
curtains and,1,0.002,"noun,other"
source that,1,0.002,"noun,other"
be nighttime,1,0.002,"verb,adj"
nighttime or,1,0.002,"adj,other"
or indoors,1,0.002,"other,noun"
with artificial,1,0.002,"other,adj"
artificial lighting,1,0.002,"adj,verb"
titled at,1,0.002,"verb,other"
the theater,1,0.002,"other,noun"
theater and,1,0.002,"noun,other"
setting suggest,1,0.002,"verb,noun"
be attending,1,0.002,"verb,verb"
attending a,1,0.002,"verb,other"
theatrical performance,1,0.002,"adj,noun"
performance as,1,0.002,"noun,other"
her elegant,1,0.002,"other,verb"
elegant dress,1,0.002,"verb,noun"
the fan,1,0.002,"other,noun"
fan which,1,0.002,"noun,other"
be used,1,0.002,"verb,adj"
for fanning,1,0.002,"other,verb"
fanning oneself,1,0.002,"verb,other"
oneself during,1,0.002,"other,other"
the event,1,0.002,"other,noun"
named moses,1,0.002,"verb,noun"
moses dreyfus,1,0.002,"noun,adj"
dreyfus rendered,1,0.002,"adj,verb"
portrait setting,1,0.002,"verb,verb"
setting seated,1,0.002,"verb,verb"
patterns he,1,0.002,"noun,other"
formally in,1,0.002,"adv,other"
dark suit,1,0.002,"adj,noun"
white shirt,1,0.002,"adj,adj"
shirt suggesting,1,0.002,"adj,verb"
or occasion,1,0.002,"other,noun"
occasion his,1,0.002,"noun,other"
bow tie,1,0.002,"noun,noun"
tie adding,1,0.002,"noun,verb"
the formal,1,0.002,"other,adj"
formal look,1,0.002,"adj,noun"
clothing contrasting,1,0.002,"verb,verb"
visible indicative,1,0.002,"adj,adj"
fluid approach,1,0.002,"noun,noun"
approach characteristic,1,0.002,"noun,adj"
often captures,1,0.002,"adv,verb"
printmaker who,1,0.002,"noun,other"
who lived,1,0.002,"other,verb"
lived in,1,0.002,"verb,other"
france for,1,0.002,"noun,other"
for most,1,0.002,"other,adv"
her adult,1,0.002,"other,noun"
adult life,1,0.002,"noun,noun"
life she,1,0.002,"noun,other"
she played,1,0.002,"other,verb"
played a,1,0.002,"verb,other"
prominent role,1,0.002,"noun,noun"
the development,1,0.002,"other,noun"
development of,1,0.002,"noun,other"
of french,1,0.002,"other,adj"
s seated,1,0.002,"noun,verb"
the ankles,1,0.002,"other,verb"
ankles the,1,0.002,"verb,other"
indoors or,1,0.002,"noun,other"
setting where,1,0.002,"verb,other"
where formal,1,0.002,"other,adj"
is required,1,0.002,"verb,verb"
required her,1,0.002,"verb,other"
focused indicating,1,0.002,"verb,verb"
text of,1,0.002,"other,other"
rendered emphasizing,1,0.002,"verb,verb"
the moody,1,0.002,"other,noun"
moody and,1,0.002,"noun,other"
and atmospheric,1,0.002,"other,adj"
atmospheric qualities,1,0.002,"adj,noun"
qualities typical,1,0.002,"noun,adj"
overall serene,1,0.002,"adj,adj"
elegant setting,1,0.002,"verb,verb"
theater box,1,0.002,"noun,adv"
box she,1,0.002,"adv,other"
ruffled neckline,1,0.002,"verb,adj"
necklace in,1,0.002,"noun,other"
hand she,1,0.002,"noun,other"
lace fan,1,0.002,"noun,noun"
fan her,1,0.002,"noun,other"
neatly adorned,1,0.002,"adv,verb"
flower accessory,1,0.002,"verb,noun"
accessory the,1,0.002,"noun,other"
reveals the,1,0.002,"verb,other"
interior of,1,0.002,"adj,other"
an opera,1,0.002,"other,noun"
opera house,1,0.002,"noun,noun"
with gilded,1,0.002,"other,verb"
gilded details,1,0.002,"verb,noun"
other theater,1,0.002,"adj,noun"
theater patrons,1,0.002,"noun,noun"
patrons seated,1,0.002,"noun,verb"
in boxes,1,0.002,"other,noun"
boxes around,1,0.002,"noun,other"
artwork employs,1,0.002,"noun,verb"
employs a,1,0.002,"verb,other"
brushwork indicative,1,0.002,"noun,adj"
impressionism and,1,0.002,"noun,other"
and post,1,0.002,"other,noun"
the atmosphere,1,0.002,"other,adv"
atmosphere rather,1,0.002,"adv,adv"
on minute,1,0.002,"other,adj"
minute detail,1,0.002,"adj,noun"
particularly notable,1,0.002,"adv,adj"
notable it,1,0.002,"adj,other"
it highlights,1,0.002,"other,noun"
the sheen,1,0.002,"other,adj"
sheen of,1,0.002,"adj,other"
her pearls,1,0.002,"other,noun"
pearls while,1,0.002,"noun,other"
also creating,1,0.002,"adv,verb"
shadow throughout,1,0.002,"verb,other"
cassatt has,1,0.002,"noun,verb"
has depicted,1,0.002,"verb,verb"
depicted a,1,0.002,"verb,other"
and culture,1,0.002,"other,noun"
culture in,1,0.002,"noun,other"
piece showcasing,1,0.002,"noun,verb"
social mores,1,0.002,"adj,noun"
mores of,1,0.002,"noun,other"
time with,1,0.002,"noun,other"
of ease,1,0.002,"other,noun"
ease and,1,0.002,"noun,other"
and naturalness,1,0.002,"other,adv"
naturalness that,1,0.002,"adv,other"
and music,1,0.002,"other,noun"
music in,1,0.002,"noun,other"
the lives,1,0.002,"other,verb"
upper classes,1,0.002,"adj,noun"
classes during,1,0.002,"noun,other"
france when,1,0.002,"noun,other"
when cassatt,1,0.002,"other,noun"
named elsie,1,0.002,"verb,noun"
elsie seated,1,0.002,"noun,verb"
blue chair,1,0.002,"noun,noun"
chair the,1,0.002,"noun,other"
used soft,1,0.002,"adj,adj"
style elsie,1,0.002,"noun,noun"
elsie is,1,0.002,"noun,verb"
and youth,1,0.002,"other,noun"
youth she,1,0.002,"noun,other"
wide hat,1,0.002,"adj,other"
playful element,1,0.002,"adj,noun"
or daydreaming,1,0.002,"other,verb"
daydreaming the,1,0.002,"verb,other"
which allows,1,0.002,"other,verb"
on elsie,1,0.002,"other,noun"
elsie s,1,0.002,"noun,noun"
their application,1,0.002,"other,noun"
application create,1,0.002,"noun,noun"
seated outdoors,1,0.002,"verb,noun"
outdoors on,1,0.002,"noun,other"
bench engrossed,1,0.002,"noun,verb"
the activity,1,0.002,"other,noun"
of crocheting,1,0.002,"other,verb"
crocheting or,1,0.002,"verb,other"
or knitting,1,0.002,"other,verb"
knitting with,1,0.002,"verb,other"
a hook,1,0.002,"other,verb"
hook and,1,0.002,"verb,other"
and yarn,1,0.002,"other,adv"
yarn she,1,0.002,"adv,other"
white bonnet,1,0.002,"adj,noun"
bonnet adorned,1,0.002,"noun,verb"
features light,1,0.002,"noun,adj"
green plants,1,0.002,"adj,noun"
be spring,1,0.002,"verb,noun"
spring or,1,0.002,"noun,other"
or summer,1,0.002,"other,noun"
summer in,1,0.002,"noun,other"
architectural structure,1,0.002,"adj,noun"
large windows,1,0.002,"adj,noun"
windows which,1,0.002,"noun,other"
or estate,1,0.002,"other,noun"
estate the,1,0.002,"noun,other"
colors hallmarks,1,0.002,"noun,noun"
movement mary,1,0.002,"noun,adj"
on domestic,1,0.002,"other,adj"
a heartwarming,1,0.002,"other,noun"
heartwarming scene,1,0.002,"noun,noun"
a family,1,0.002,"other,noun"
moment rendered,1,0.002,"noun,verb"
focus that,1,0.002,"noun,other"
detail mrs,1,0.002,"noun,noun"
painting engrossed,1,0.002,"verb,verb"
reading to,1,0.002,"verb,other"
two grandchildren,1,0.002,"other,noun"
grandchildren who,1,0.002,"noun,other"
who are,1,0.002,"other,verb"
are gathered,1,0.002,"verb,verb"
gathered around,1,0.002,"verb,other"
her attentively,1,0.002,"other,adv"
attentively the,1,0.002,"adv,other"
background suggests,1,0.002,"noun,verb"
window allowing,1,0.002,"verb,verb"
light into,1,0.002,"adj,other"
which illuminates,1,0.002,"other,noun"
illuminates mrs,1,0.002,"noun,noun"
children creating,1,0.002,"noun,verb"
intimate family,1,0.002,"verb,noun"
dynamic adding,1,0.002,"adj,verb"
simple act,1,0.002,"noun,noun"
of reading,1,0.002,"other,verb"
reading but,1,0.002,"verb,other"
between generations,1,0.002,"other,noun"
generations and,1,0.002,"noun,other"
everyday moments,1,0.002,"adj,noun"
moments it,1,0.002,"noun,other"
life that,1,0.002,"noun,other"
was so,1,0.002,"verb,adv"
so important,1,0.002,"adv,adj"
important in,1,0.002,"adj,other"
other impressionists,1,0.002,"adj,noun"
impressionists who,1,0.002,"noun,other"
who sought,1,0.002,"other,verb"
subjects experiences,1,0.002,"noun,noun"
experiences rather,1,0.002,"noun,adv"
on detailed,1,0.002,"other,adj"
detailed precision,1,0.002,"adj,noun"
impressionistic scene,1,0.002,"adj,noun"
woman immersed,1,0.002,"noun,verb"
book outdoors,1,0.002,"noun,noun"
bench and,1,0.002,"noun,other"
or embroidered,1,0.002,"other,adj"
and leisurely,1,0.002,"other,adv"
leisurely setting,1,0.002,"adv,verb"
with blooming,1,0.002,"other,noun"
blooming flowers,1,0.002,"noun,noun"
add splashes,1,0.002,"adj,noun"
composition a,1,0.002,"noun,other"
parasol rests,1,0.002,"noun,noun"
rests nearby,1,0.002,"noun,adj"
nearby further,1,0.002,"adj,adv"
outdoor possibly,1,0.002,"adj,adv"
possibly warm,1,0.002,"adv,adj"
warm environment,1,0.002,"adj,noun"
environment her,1,0.002,"noun,other"
art characterized,1,0.002,"noun,verb"
figure she,1,0.002,"noun,other"
like roses,1,0.002,"other,verb"
roses in,1,0.002,"verb,other"
and genre,1,0.002,"other,noun"
genre suggest,1,0.002,"noun,noun"
cassatt known,1,0.002,"noun,verb"
color this,1,0.002,"noun,other"
artists aim,1,0.002,"noun,verb"
aim to,1,0.002,"verb,other"
moment s,1,0.002,"noun,noun"
s sensory,1,0.002,"noun,verb"
sensory impression,1,0.002,"verb,noun"
impression rather,1,0.002,"noun,adv"
detail precisely,1,0.002,"noun,adv"
precisely the,1,0.002,"adv,other"
matter often,1,0.002,"noun,adv"
often reflects,1,0.002,"adv,verb"
reflects everyday,1,0.002,"verb,adj"
especially scenes,1,0.002,"adv,noun"
from middle,1,0.002,"other,adj"
middle class,1,0.002,"adj,noun"
class homes,1,0.002,"noun,noun"
homes and,1,0.002,"noun,other"
image seems,1,0.002,"noun,verb"
convey that,1,0.002,"noun,other"
on commonplace,1,0.002,"other,noun"
commonplace subjects,1,0.002,"noun,noun"
on natural,1,0.002,"other,adj"
named susan,1,0.002,"verb,noun"
susan she,1,0.002,"noun,other"
a toque,1,0.002,"other,adj"
toque hat,1,0.002,"adj,other"
two roses,1,0.002,"other,verb"
roses on,1,0.002,"verb,other"
features flowers,1,0.002,"noun,noun"
detail creating,1,0.002,"noun,verb"
its natural,1,0.002,"other,adj"
natural surroundings,1,0.002,"adj,noun"
surroundings mary,1,0.002,"noun,adj"
portraits particularly,1,0.002,"noun,adv"
particularly those,1,0.002,"adv,other"
those depicting,1,0.002,"other,noun"
depicting women,1,0.002,"noun,noun"
children in,1,0.002,"noun,other"
in everyday,1,0.002,"other,adj"
gazing out,1,0.002,"verb,other"
frame with,1,0.002,"noun,other"
space with,1,0.002,"noun,other"
diffused lighting,1,0.002,"verb,verb"
lighting which,1,0.002,"verb,other"
atmosphere while,1,0.002,"adv,other"
brushstrokes give,1,0.002,"noun,verb"
sketchy effect,1,0.002,"adj,noun"
effect which,1,0.002,"noun,other"
for mary,1,0.002,"other,adj"
artworks from,1,0.002,"noun,other"
impressionism period,1,0.002,"noun,noun"
work sewing,1,0.002,"verb,verb"
sewing with,1,0.002,"verb,other"
thread she,1,0.002,"verb,other"
s dressed,1,0.002,"noun,verb"
outdoor garden,1,0.002,"adj,noun"
garden as,1,0.002,"noun,other"
lively with,1,0.002,"adv,other"
by whites,1,0.002,"other,noun"
whites pinks,1,0.002,"noun,noun"
a comfortable,1,0.002,"other,adj"
comfortable chair,1,0.002,"adj,noun"
bench allowing,1,0.002,"noun,verb"
allowing her,1,0.002,"verb,other"
posture to,1,0.002,"noun,other"
relaxed while,1,0.002,"verb,other"
while she,1,0.002,"other,other"
she focuses,1,0.002,"other,noun"
her sewing,1,0.002,"other,verb"
sewing her,1,0.002,"verb,other"
s deeply,1,0.002,"noun,adv"
deeply involved,1,0.002,"adv,verb"
involved in,1,0.002,"verb,other"
task the,1,0.002,"noun,other"
peaceful capturing,1,0.002,"adj,verb"
quiet creativity,1,0.002,"adj,noun"
creativity amidst,1,0.002,"noun,noun"
amidst nature,1,0.002,"noun,adj"
elderly woman,1,0.002,"adv,noun"
woman she,1,0.002,"noun,other"
be resting,1,0.002,"verb,verb"
resting her,1,0.002,"verb,other"
arm on,1,0.002,"noun,other"
similar surface,1,0.002,"adj,noun"
yet warm,1,0.002,"adv,adj"
detail while,1,0.002,"noun,other"
less defined,1,0.002,"adj,adj"
defined suggesting,1,0.002,"adj,verb"
setting but,1,0.002,"verb,other"
not providing,1,0.002,"adv,verb"
providing specific,1,0.002,"verb,adj"
location the,1,0.002,"noun,other"
color emphasize,1,0.002,"noun,verb"
gentle aging,1,0.002,"adj,verb"
aging process,1,0.002,"verb,noun"
process and,1,0.002,"noun,other"
quiet dignity,1,0.002,"adj,noun"
dignity often,1,0.002,"noun,adv"
with elderly,1,0.002,"other,adv"
elderly subjects,1,0.002,"adv,noun"
serene beach,1,0.002,"adj,noun"
children playing,1,0.002,"noun,noun"
foreground is,1,0.002,"noun,verb"
a bucket,1,0.002,"other,noun"
bucket and,1,0.002,"noun,other"
and spade,1,0.002,"other,adj"
spade activities,1,0.002,"adj,noun"
activities often,1,0.002,"noun,adv"
with building,1,0.002,"other,noun"
building sandcastles,1,0.002,"noun,noun"
sandcastles their,1,0.002,"noun,other"
their attention,1,0.002,"other,noun"
attention seems,1,0.002,"noun,verb"
on these,1,0.002,"other,other"
these toys,1,0.002,"other,adj"
toys behind,1,0.002,"adj,other"
them another,1,0.002,"other,other"
child sits,1,0.002,"noun,noun"
sits idly,1,0.002,"noun,adv"
idly by,1,0.002,"adv,other"
by possibly,1,0.002,"other,adv"
possibly observing,1,0.002,"adv,verb"
observing their,1,0.002,"verb,other"
their playmate,1,0.002,"other,noun"
playmate or,1,0.002,"noun,other"
tranquility of,1,0.002,"noun,other"
reveals a,1,0.002,"verb,other"
a vast,1,0.002,"other,adj"
the calm,1,0.002,"other,adj"
atmosphere mary,1,0.002,"adv,adj"
her loose,1,0.002,"other,adj"
on precise,1,0.002,"other,adj"
this characteristic,1,0.002,"other,adj"
characteristic is,1,0.002,"adj,verb"
impressionism an,1,0.002,"noun,other"
a particular,1,0.002,"other,adj"
particular moment,1,0.002,"adj,noun"
signed the,1,0.002,"verb,other"
painting mary,1,0.002,"verb,adj"
affirming her,1,0.002,"noun,other"
beautiful artwork,1,0.002,"adj,noun"
girls they,1,0.002,"verb,other"
a grassy,1,0.002,"other,noun"
grassy surface,1,0.002,"noun,noun"
lower portion,1,0.002,"adj,noun"
girl on,1,0.002,"noun,other"
small bouquet,1,0.002,"adj,verb"
lap adding,1,0.002,"noun,verb"
both girls,1,0.002,"other,verb"
girls wear,1,0.002,"verb,adj"
wear light,1,0.002,"adj,adj"
dresses which,1,0.002,"noun,other"
to blend,1,0.002,"other,verb"
surroundings contributing,1,0.002,"noun,verb"
pastoral atmosphere,1,0.002,"adj,adv"
atmosphere their,1,0.002,"adv,other"
their expressions,1,0.002,"other,noun"
expressions are,1,0.002,"noun,verb"
are serene,1,0.002,"verb,adj"
serene suggesting,1,0.002,"adj,verb"
quiet companionship,1,0.002,"adj,noun"
perhaps shared,1,0.002,"adv,verb"
shared contemplation,1,0.002,"verb,noun"
with hues,1,0.002,"other,noun"
that mimic,1,0.002,"other,adj"
mimic those,1,0.002,"adj,other"
those found,1,0.002,"other,verb"
nature further,1,0.002,"adj,adv"
artwork it,1,0.002,"noun,other"
s difficult,1,0.002,"noun,adj"
details due,1,0.002,"noun,adj"
brushwork typical,1,0.002,"noun,adj"
genre but,1,0.002,"noun,other"
appears there,1,0.002,"verb,other"
be elements,1,0.002,"verb,noun"
setting at,1,0.002,"verb,other"
visible identifying,1,0.002,"adj,noun"
as created,1,0.002,"other,verb"
text the,1,0.002,"other,other"
the sisters,1,0.002,"other,noun"
sisters inscribed,1,0.002,"noun,verb"
inscribed in,1,0.002,"verb,other"
artwork which,1,0.002,"noun,other"
japanese doll,1,0.002,"adj,noun"
doll the,1,0.002,"noun,other"
some darker,1,0.002,"other,noun"
or lace,1,0.002,"other,noun"
lace which,1,0.002,"noun,other"
adds detail,1,0.002,"verb,noun"
with wide,1,0.002,"other,adj"
brim adorned,1,0.002,"adj,verb"
feathers the,1,0.002,"noun,other"
and sketchy,1,0.002,"other,adj"
sketchy typical,1,0.002,"adj,adj"
color rather,1,0.002,"noun,adv"
no text,1,0.002,"other,other"
text present,1,0.002,"other,adj"
suggests movement,1,0.002,"verb,noun"
the changing,1,0.002,"other,verb"
light which,1,0.002,"adj,other"
key characteristic,1,0.002,"adj,adj"
young women,1,0.002,"adj,noun"
women rendered,1,0.002,"noun,verb"
or someone,1,0.002,"other,noun"
someone outside,1,0.002,"noun,adj"
frame her,1,0.002,"noun,other"
vibrant splash,1,0.002,"adj,noun"
splash of,1,0.002,"noun,other"
composition standing,1,0.002,"noun,verb"
standing next,1,0.002,"verb,adj"
another young,1,0.002,"other,adj"
is actively,1,0.002,"verb,adv"
actively engaged,1,0.002,"adv,verb"
in picking,1,0.002,"other,verb"
picking fruit,1,0.002,"verb,noun"
fruit from,1,0.002,"noun,other"
apple tree,1,0.002,"noun,verb"
tree the,1,0.002,"verb,other"
backdrop drawing,1,0.002,"noun,verb"
attention due,1,0.002,"noun,adj"
her dynamic,1,0.002,"other,adj"
dynamic action,1,0.002,"adj,noun"
action within,1,0.002,"noun,other"
painting her,1,0.002,"verb,other"
is lighter,1,0.002,"verb,noun"
lighter perhaps,1,0.002,"noun,adv"
perhaps white,1,0.002,"adv,adj"
or pale,1,0.002,"other,adj"
the seated,1,0.002,"other,verb"
garden setting,1,0.002,"noun,verb"
setting filled,1,0.002,"verb,verb"
flowers further,1,0.002,"noun,adv"
pastoral theme,1,0.002,"adj,adj"
natural hues,1,0.002,"adj,noun"
and shadowing,1,0.002,"other,verb"
shadowing creates,1,0.002,"verb,noun"
technique along,1,0.002,"noun,other"
the everyday,1,0.002,"other,adj"
its gentle,1,0.002,"other,adj"
gentle portrayals,1,0.002,"adj,noun"
and leisure,1,0.002,"other,noun"
leisure activities,1,0.002,"noun,noun"
figures likely,1,0.002,"noun,adj"
likely set,1,0.002,"adj,noun"
park an,1,0.002,"noun,other"
are captured,1,0.002,"verb,verb"
quiet interaction,1,0.002,"adj,noun"
interaction the,1,0.002,"noun,other"
the adult,1,0.002,"other,noun"
bench wearing,1,0.002,"noun,verb"
as flowers,1,0.002,"other,noun"
or dots,1,0.002,"other,noun"
dots a,1,0.002,"noun,other"
in impressionist,1,0.002,"other,adj"
impressionist clothing,1,0.002,"adj,verb"
hand suggesting,1,0.002,"noun,verb"
an affectionate,1,0.002,"other,noun"
affectionate relationship,1,0.002,"noun,noun"
relationship possibly,1,0.002,"noun,adv"
possibly that,1,0.002,"adv,other"
of mother,1,0.002,"other,noun"
child stands,1,0.002,"noun,verb"
stands next,1,0.002,"verb,adj"
her dressed,1,0.002,"other,verb"
more muted,1,0.002,"adv,verb"
is indicated,1,0.002,"verb,verb"
background adding,1,0.002,"noun,verb"
other individuals,1,0.002,"adj,noun"
individuals present,1,0.002,"noun,adj"
distance providing,1,0.002,"noun,verb"
providing context,1,0.002,"verb,adj"
context for,1,0.002,"adj,other"
location and,1,0.002,"noun,other"
a public,1,0.002,"other,adj"
public space,1,0.002,"adj,noun"
moment and,1,0.002,"noun,other"
light are,1,0.002,"adj,verb"
also hallmarks,1,0.002,"adv,noun"
used warm,1,0.002,"adj,adj"
comfort which,1,0.002,"noun,other"
artwork in,1,0.002,"noun,other"
park by,1,0.002,"noun,other"
cassatt beautifully,1,0.002,"noun,adv"
beautifully encapsulates,1,0.002,"adv,verb"
encapsulates an,1,0.002,"verb,other"
an everyday,1,0.002,"other,adj"
life moment,1,0.002,"noun,noun"
a charming,1,0.002,"other,verb"
charming scene,1,0.002,"verb,noun"
a bygone,1,0.002,"other,adj"
bygone era,1,0.002,"adj,verb"
era captured,1,0.002,"verb,verb"
boat gently,1,0.002,"verb,adv"
gently cutting,1,0.002,"adv,verb"
cutting through,1,0.002,"verb,other"
water inside,1,0.002,"noun,other"
inside this,1,0.002,"other,other"
this vessel,1,0.002,"other,noun"
vessel three,1,0.002,"noun,other"
individuals are,1,0.002,"noun,verb"
are enjoying,1,0.002,"verb,verb"
enjoying their,1,0.002,"verb,other"
their boating,1,0.002,"other,adj"
party on,1,0.002,"noun,other"
dress complete,1,0.002,"noun,adj"
style to,1,0.002,"noun,other"
scene adjacent,1,0.002,"noun,adj"
adjacent to,1,0.002,"adj,other"
person donned,1,0.002,"noun,verb"
blue shirt,1,0.002,"noun,adj"
shirt paired,1,0.002,"adj,adj"
paired with,1,0.002,"adj,other"
a matching,1,0.002,"other,verb"
matching blue,1,0.002,"verb,noun"
hat providing,1,0.002,"other,verb"
a nice,1,0.002,"other,adj"
nice contrast,1,0.002,"adj,noun"
soft pink,1,0.002,"adj,adj"
pink of,1,0.002,"adj,other"
other individual,1,0.002,"adj,adj"
attire on,1,0.002,"noun,other"
boat we,1,0.002,"verb,other"
see the,1,0.002,"noun,other"
the third,1,0.002,"other,adj"
third person,1,0.002,"adj,noun"
black shirt,1,0.002,"adj,adj"
shirt and,1,0.002,"adj,other"
yellow hat,1,0.002,"adj,other"
hat their,1,0.002,"other,other"
attire echoing,1,0.002,"noun,verb"
colors seen,1,0.002,"noun,verb"
this delightful,1,0.002,"other,adj"
delightful painting,1,0.002,"adj,verb"
has cleverly,1,0.002,"verb,adv"
cleverly used,1,0.002,"adv,adj"
these contrasting,1,0.002,"other,verb"
and interest,1,0.002,"other,noun"
interest within,1,0.002,"noun,other"
trees providing,1,0.002,"noun,verb"
this idyllic,1,0.002,"other,verb"
idyllic moment,1,0.002,"verb,noun"
fluid characteristic,1,0.002,"noun,adj"
lends an,1,0.002,"verb,other"
the boating,1,0.002,"other,adj"
party by,1,0.002,"noun,other"
leisurely pastimes,1,0.002,"adv,noun"
pastimes and,1,0.002,"noun,other"
interactions rendered,1,0.002,"noun,verb"
signature softness,1,0.002,"noun,noun"
softness and,1,0.002,"noun,other"
elegance that,1,0.002,"noun,other"
girl engrossed,1,0.002,"noun,verb"
blue blouse,1,0.002,"noun,other"
and sits,1,0.002,"other,noun"
comfortably at,1,0.002,"adv,other"
or desk,1,0.002,"other,noun"
desk with,1,0.002,"noun,other"
book held,1,0.002,"noun,verb"
hands her,1,0.002,"noun,other"
is absorbed,1,0.002,"verb,adj"
absorbed in,1,0.002,"adj,other"
the content,1,0.002,"other,noun"
content of,1,0.002,"noun,other"
light filtering,1,0.002,"adj,verb"
window onto,1,0.002,"verb,other"
atmosphere around,1,0.002,"adv,other"
s focused,1,0.002,"noun,verb"
focused activity,1,0.002,"verb,noun"
her works,1,0.002,"other,verb"
feature everyday,1,0.002,"noun,adj"
everyday domestic,1,0.002,"adj,adj"
scenes filled,1,0.002,"noun,verb"
with tender,1,0.002,"other,noun"
tender moments,1,0.002,"noun,noun"
serene scene,1,0.002,"adj,noun"
impressionist era,1,0.002,"adj,verb"
clear influences,1,0.002,"adj,noun"
influences from,1,0.002,"noun,other"
as japonisme,1,0.002,"other,noun"
japonisme it,1,0.002,"noun,other"
titled feeding,1,0.002,"verb,verb"
feeding the,1,0.002,"verb,other"
ducks and,1,0.002,"noun,other"
traditional western,1,0.002,"adj,adj"
western attire,1,0.002,"adj,noun"
be set,1,0.002,"verb,noun"
century one,1,0.002,"noun,other"
lap both,1,0.002,"noun,other"
gently feeding,1,0.002,"adv,verb"
feeding ducks,1,0.002,"verb,noun"
ducks from,1,0.002,"noun,other"
standing behind,1,0.002,"verb,other"
them appears,1,0.002,"other,verb"
be observing,1,0.002,"verb,verb"
of dress,1,0.002,"other,noun"
of cassatt,1,0.002,"other,noun"
often portrayed,1,0.002,"adv,verb"
portrayed intimate,1,0.002,"verb,verb"
scenes of,1,0.002,"noun,other"
the japonisme,1,0.002,"other,noun"
japonisme influence,1,0.002,"noun,noun"
influence is,1,0.002,"noun,verb"
is apparent,1,0.002,"verb,adj"
apparent in,1,0.002,"adj,other"
way light,1,0.002,"noun,adj"
light filters,1,0.002,"adj,noun"
filters through,1,0.002,"noun,other"
through leaves,1,0.002,"other,verb"
feathers creating,1,0.002,"noun,verb"
harmonious blend,1,0.002,"adj,verb"
of western,1,0.002,"other,adj"
western and,1,0.002,"adj,other"
and eastern,1,0.002,"other,adj"
eastern aesthetics,1,0.002,"adj,noun"
as trees,1,0.002,"other,noun"
trees waterfowl,1,0.002,"noun,noun"
waterfowl and,1,0.002,"noun,other"
gentle body,1,0.002,"adj,noun"
soft enhancing,1,0.002,"adj,verb"
ducks are,1,0.002,"noun,verb"
foreground and,1,0.002,"noun,other"
and midground,1,0.002,"other,noun"
midground of,1,0.002,"noun,other"
painting adding,1,0.002,"verb,verb"
piece encapsulates,1,0.002,"noun,verb"
encapsulates the,1,0.002,"verb,other"
impressionism focusing,1,0.002,"noun,verb"
between humans,1,0.002,"other,noun"
profile she,1,0.002,"adj,other"
has auburn,1,0.002,"verb,verb"
auburn hair,1,0.002,"verb,adj"
styled into,1,0.002,"verb,other"
a voluminous,1,0.002,"other,adj"
voluminous updo,1,0.002,"adj,adj"
colored blouse,1,0.002,"adj,other"
subtle detailing,1,0.002,"adj,verb"
detailing possibly,1,0.002,"verb,adv"
embroidery at,1,0.002,"adv,other"
collar the,1,0.002,"noun,other"
setting perhaps,1,0.002,"verb,adv"
park the,1,0.002,"noun,other"
attire rather,1,0.002,"noun,adv"
than fine,1,0.002,"other,verb"
itself to,1,0.002,"other,other"
family life,1,0.002,"noun,noun"
lying in,1,0.002,"verb,other"
bed covered,1,0.002,"verb,verb"
white blanket,1,0.002,"adj,verb"
blanket that,1,0.002,"verb,other"
darker attire,1,0.002,"noun,noun"
of peaceful,1,0.002,"other,adj"
peaceful slumber,1,0.002,"adj,adv"
slumber with,1,0.002,"adv,other"
eyes closed,1,0.002,"noun,verb"
face relaxed,1,0.002,"verb,verb"
relaxed in,1,0.002,"verb,other"
also sleeping,1,0.002,"adv,verb"
sleeping the,1,0.002,"verb,other"
s light,1,0.002,"noun,adj"
clothing stands,1,0.002,"verb,verb"
dark surroundings,1,0.002,"adj,noun"
them their,1,0.002,"other,other"
their positions,1,0.002,"other,noun"
positions suggest,1,0.002,"noun,noun"
close bond,1,0.002,"adj,noun"
bed there,1,0.002,"verb,other"
person sitting,1,0.002,"noun,verb"
chair this,1,0.002,"noun,other"
this individual,1,0.002,"other,adj"
be watching,1,0.002,"verb,verb"
watching over,1,0.002,"verb,other"
person adds,1,0.002,"noun,verb"
of companionship,1,0.002,"other,noun"
or caregiving,1,0.002,"other,verb"
caregiving to,1,0.002,"verb,other"
cup on,1,0.002,"noun,other"
it which,1,0.002,"other,other"
that someone,1,0.002,"other,noun"
someone might,1,0.002,"noun,other"
have recently,1,0.002,"verb,adv"
recently been,1,0.002,"adv,verb"
been enjoying,1,0.002,"verb,verb"
a meal,1,0.002,"other,noun"
meal the,1,0.002,"noun,other"
the tableware,1,0.002,"other,noun"
tableware s,1,0.002,"noun,noun"
s location,1,0.002,"noun,noun"
location near,1,0.002,"noun,other"
bed indicates,1,0.002,"verb,verb"
was part,1,0.002,"verb,noun"
s breakfast,1,0.002,"noun,noun"
breakfast brought,1,0.002,"noun,verb"
brought to,1,0.002,"verb,other"
visible which,1,0.002,"adj,other"
style overall,1,0.002,"noun,adj"
quiet intimate,1,0.002,"adj,verb"
with warmth,1,0.002,"other,noun"
depicted her,1,0.002,"verb,other"
attention fully,1,0.002,"noun,adv"
fully given,1,0.002,"adv,verb"
given to,1,0.002,"verb,other"
child she,1,0.002,"noun,other"
arms the,1,0.002,"noun,other"
named ann,1,0.002,"verb,adj"
ann as,1,0.002,"adj,other"
title little,1,0.002,"noun,adv"
little ann,1,0.002,"adv,adj"
ann sucking,1,0.002,"adj,verb"
sucking her,1,0.002,"verb,other"
her finger,1,0.002,"other,noun"
finger embraced,1,0.002,"noun,verb"
embraced by,1,0.002,"verb,other"
her mother,1,0.002,"other,noun"
mother appears,1,0.002,"noun,verb"
be deeply,1,0.002,"verb,adv"
deeply engaged,1,0.002,"adv,verb"
own hand,1,0.002,"adj,noun"
hand sucking,1,0.002,"noun,verb"
sucking on,1,0.002,"verb,other"
her fingers,1,0.002,"other,noun"
fingers the,1,0.002,"noun,other"
clearly impressionism,1,0.002,"adv,noun"
rendered they,1,0.002,"verb,other"
rather suggested,1,0.002,"adv,verb"
suggested through,1,0.002,"verb,other"
through soft,1,0.002,"other,adj"
diffused lines,1,0.002,"verb,noun"
and areas,1,0.002,"other,noun"
gentle atmosphere,1,0.002,"adj,adv"
clothing blend,1,0.002,"verb,verb"
together further,1,0.002,"adv,adv"
them overall,1,0.002,"other,adj"
between a,1,0.002,"other,other"
child showcasing,1,0.002,"noun,verb"
tender moment,1,0.002,"noun,noun"
place indoors,1,0.002,"noun,noun"
warm lighting,1,0.002,"adj,verb"
with sunlight,1,0.002,"other,verb"
motion possibly,1,0.002,"noun,adv"
possibly bouncing,1,0.002,"adv,verb"
bouncing or,1,0.002,"verb,other"
being bounced,1,0.002,"verb,verb"
bounced on,1,0.002,"verb,other"
her knee,1,0.002,"other,noun"
them looking,1,0.002,"other,verb"
with affectionate,1,0.002,"other,noun"
affectionate attention,1,0.002,"noun,noun"
attention the,1,0.002,"noun,other"
light gives,1,0.002,"adj,verb"
focus more,1,0.002,"noun,adv"
more on,1,0.002,"adv,other"
scene than,1,0.002,"noun,other"
and in,1,0.002,"other,other"
titled pattycake,1,0.002,"verb,verb"
pattycake suggesting,1,0.002,"verb,verb"
playful or,1,0.002,"adj,other"
or affectionate,1,0.002,"other,noun"
affectionate interaction,1,0.002,"noun,noun"
as impressionism,1,0.002,"other,noun"
impressionism known,1,0.002,"noun,verb"
world the,1,0.002,"noun,other"
known american,1,0.002,"verb,adj"
this impressionist,1,0.002,"other,adj"
chair that,1,0.002,"noun,other"
a carved,1,0.002,"other,verb"
carved design,1,0.002,"verb,noun"
design at,1,0.002,"noun,other"
small infant,1,0.002,"adj,verb"
infant close,1,0.002,"verb,adj"
a nurturing,1,0.002,"other,verb"
nurturing or,1,0.002,"verb,other"
or comforting,1,0.002,"other,verb"
comforting moment,1,0.002,"verb,noun"
and softly,1,0.002,"other,adv"
helps focus,1,0.002,"verb,noun"
focus attention,1,0.002,"noun,noun"
across their,1,0.002,"other,other"
the textural,1,0.002,"other,adj"
the barefoot,1,0.002,"other,adj"
barefoot child,1,0.002,"adj,noun"
child suggests,1,0.002,"noun,verb"
a theme,1,0.002,"other,adj"
or simplicity,1,0.002,"other,noun"
simplicity as,1,0.002,"noun,other"
as bare,1,0.002,"other,noun"
bare feet,1,0.002,"noun,noun"
feet are,1,0.002,"noun,verb"
with these,1,0.002,"other,other"
these qualities,1,0.002,"other,noun"
qualities the,1,0.002,"noun,other"
brushwork contribute,1,0.002,"noun,noun"
and affection,1,0.002,"other,noun"
affection in,1,0.002,"noun,other"
child being,1,0.002,"noun,verb"
being held,1,0.002,"verb,verb"
held up,1,0.002,"verb,other"
up high,1,0.002,"other,adj"
high for,1,0.002,"adj,other"
for admiration,1,0.002,"other,noun"
admiration by,1,0.002,"noun,other"
or blouse,1,0.002,"other,other"
mid smile,1,0.002,"verb,adj"
smile looking,1,0.002,"adj,verb"
with joy,1,0.002,"other,noun"
joy to,1,0.002,"noun,other"
dark top,1,0.002,"adj,adj"
light accents,1,0.002,"adj,noun"
accents that,1,0.002,"noun,other"
suggest lace,1,0.002,"noun,noun"
ruffles indicating,1,0.002,"noun,verb"
of victorian,1,0.002,"other,adj"
victorian fashion,1,0.002,"adj,noun"
century when,1,0.002,"noun,other"
art flourished,1,0.002,"noun,adj"
flourished her,1,0.002,"adj,other"
convey affection,1,0.002,"noun,noun"
affection and,1,0.002,"noun,other"
and pride,1,0.002,"other,noun"
pride as,1,0.002,"noun,other"
child up,1,0.002,"noun,other"
attention of,1,0.002,"noun,other"
companion on,1,0.002,"noun,other"
colored top,1,0.002,"adj,adj"
different outfit,1,0.002,"adj,verb"
outfit or,1,0.002,"verb,other"
layer being,1,0.002,"adj,verb"
being worn,1,0.002,"verb,adj"
worn under,1,0.002,"adj,other"
under it,1,0.002,"other,other"
she leans,1,0.002,"other,noun"
leans forward,1,0.002,"noun,adv"
forward slightly,1,0.002,"adv,adv"
slightly attentively,1,0.002,"adv,adv"
attentively observing,1,0.002,"adv,verb"
and curious,1,0.002,"other,adj"
curious expression,1,0.002,"adj,noun"
expression her,1,0.002,"noun,other"
her interaction,1,0.002,"other,noun"
child creates,1,0.002,"noun,noun"
intimacy between,1,0.002,"noun,other"
brushstrokes in,1,0.002,"noun,other"
blue suggesting,1,0.002,"noun,verb"
garden which,1,0.002,"noun,other"
s works,1,0.002,"noun,verb"
works where,1,0.002,"verb,other"
where she,1,0.002,"other,other"
she depicted,1,0.002,"other,verb"
depicted daily,1,0.002,"verb,adv"
life scenes,1,0.002,"noun,noun"
loose fluid,1,0.002,"adj,noun"
fluid quality,1,0.002,"noun,noun"
impression over,1,0.002,"noun,other"
famous painting,1,0.002,"adj,verb"
painting called,1,0.002,"verb,verb"
called young,1,0.002,"verb,adj"
girls the,1,0.002,"verb,other"
painting falls,1,0.002,"verb,verb"
artwork we,1,0.002,"noun,other"
girls sitting,1,0.002,"verb,verb"
sitting closely,1,0.002,"verb,adv"
one girl,1,0.002,"other,noun"
girl leaning,1,0.002,"noun,verb"
leaning her,1,0.002,"verb,other"
head against,1,0.002,"noun,other"
other they,1,0.002,"adj,other"
setting from,1,0.002,"verb,other"
the 19th,1,0.002,"other,other"
century typically,1,0.002,"noun,adv"
with upper,1,0.002,"other,adj"
class attire,1,0.002,"noun,noun"
and innocence,1,0.002,"other,noun"
innocence the,1,0.002,"noun,other"
the minute,1,0.002,"other,adj"
minute details,1,0.002,"adj,noun"
world in,1,0.002,"noun,other"
seems effortless,1,0.002,"verb,adv"
effortless and,1,0.002,"adv,other"
and unforced,1,0.002,"other,adj"
be madame,1,0.002,"verb,adj"
madame alfred,1,0.002,"adj,verb"
alfred lavergne,1,0.002,"verb,adj"
lavergne born,1,0.002,"adj,verb"
born magdalena,1,0.002,"verb,noun"
magdalena mellon,1,0.002,"noun,noun"
mellon as,1,0.002,"noun,other"
centrally within,1,0.002,"adv,other"
composition facing,1,0.002,"noun,verb"
facing forward,1,0.002,"verb,adv"
high collared,1,0.002,"adj,verb"
collared blouse,1,0.002,"verb,other"
detailing at,1,0.002,"verb,other"
or fashionable,1,0.002,"other,adj"
style from,1,0.002,"noun,other"
a past,1,0.002,"other,adj"
past era,1,0.002,"adj,verb"
rendered providing,1,0.002,"verb,verb"
much distraction,1,0.002,"adj,noun"
distraction the,1,0.002,"noun,other"
palette seems,1,0.002,"noun,verb"
be soft,1,0.002,"verb,adj"
impressionistic atmosphere,1,0.002,"adj,adv"
quality capturing,1,0.002,"noun,verb"
depicted individual,1,0.002,"verb,adj"
corner though,1,0.002,"noun,other"
though i,1,0.002,"other,adj"
i will,1,0.002,"adj,other"
will not,1,0.002,"other,adv"
not describe,1,0.002,"adv,adj"
describe it,1,0.002,"adj,other"
it in,1,0.002,"other,other"
maintain the,1,0.002,"verb,other"
a sketch,1,0.002,"other,noun"
sketch by,1,0.002,"noun,other"
cassatt who,1,0.002,"noun,other"
work as,1,0.002,"verb,other"
american impressionist,1,0.002,"adj,adj"
titled sketch,1,0.002,"verb,noun"
sketch of,1,0.002,"noun,other"
ellen my,1,0.002,"verb,other"
my sister,1,0.002,"other,noun"
sister in,1,0.002,"noun,other"
big blue,1,0.002,"adj,noun"
hat it,1,0.002,"other,other"
girl wearing,1,0.002,"noun,verb"
feathers her,1,0.002,"noun,other"
expression appears,1,0.002,"noun,verb"
appears thoughtful,1,0.002,"verb,noun"
perhaps slightly,1,0.002,"adv,adv"
slightly puzzled,1,0.002,"adv,verb"
puzzled the,1,0.002,"verb,other"
painted and,1,0.002,"verb,other"
the vibrantly,1,0.002,"other,adv"
colored hat,1,0.002,"adj,other"
brushwork characteristic,1,0.002,"noun,adj"
style gives,1,0.002,"noun,verb"
presumably a,1,0.002,"adv,other"
children on,1,0.002,"noun,other"
lap the,1,0.002,"noun,other"
an interaction,1,0.002,"other,noun"
left she,1,0.002,"verb,other"
his hand,1,0.002,"other,noun"
if teaching,1,0.002,"other,verb"
teaching him,1,0.002,"verb,other"
him something,1,0.002,"other,noun"
or showing,1,0.002,"other,verb"
showing affection,1,0.002,"verb,noun"
affection both,1,0.002,"noun,other"
pastel colored,1,0.002,"noun,adj"
colored garments,1,0.002,"adj,noun"
garments that,1,0.002,"noun,other"
movement a,1,0.002,"noun,other"
attire suggests,1,0.002,"noun,verb"
setting in,1,0.002,"verb,other"
which elegance,1,0.002,"other,noun"
elegance is,1,0.002,"noun,verb"
is valued,1,0.002,"verb,verb"
valued perhaps,1,0.002,"verb,adv"
in upper,1,0.002,"other,adj"
class society,1,0.002,"noun,noun"
period associated,1,0.002,"noun,adj"
cassatt her,1,0.002,"noun,other"
her hinting,1,0.002,"other,verb"
loose flowing,1,0.002,"adj,verb"
flowing fashion,1,0.002,"verb,noun"
left wears,1,0.002,"verb,noun"
contrasts subtly,1,0.002,"noun,adv"
subtly with,1,0.002,"adv,other"
s softer,1,0.002,"noun,adj"
softer hues,1,0.002,"adj,noun"
impressionistic feel,1,0.002,"adj,verb"
and intimacy,1,0.002,"other,noun"
intimacy capturing,1,0.002,"noun,verb"
a fleeting,1,0.002,"other,verb"
fleeting moment,1,0.002,"verb,noun"
their shared,1,0.002,"other,verb"
shared experience,1,0.002,"verb,noun"
that allow,1,0.002,"other,adj"
allow the,1,0.002,"adj,other"
out drawing,1,0.002,"other,verb"
human connection,1,0.002,"adj,noun"
connection at,1,0.002,"noun,other"
overall young,1,0.002,"adj,adj"
young mother,1,0.002,"adj,noun"
children is,1,0.002,"noun,verb"
subjects through,1,0.002,"noun,other"
detail it,1,0.002,"noun,other"
a poignant,1,0.002,"other,verb"
poignant depiction,1,0.002,"verb,noun"
familial love,1,0.002,"adj,verb"
yet profound,1,0.002,"adv,noun"
profound moments,1,0.002,"noun,noun"
moments that,1,0.002,"noun,other"
make up,1,0.002,"verb,other"
up daily,1,0.002,"other,adv"
children they,1,0.002,"noun,other"
all seated,1,0.002,"other,verb"
yellow dress,1,0.002,"adj,noun"
mother based,1,0.002,"noun,verb"
on historical,1,0.002,"other,adj"
historical portrayals,1,0.002,"adj,noun"
of families,1,0.002,"other,noun"
families to,1,0.002,"noun,other"
left there,1,0.002,"verb,other"
child wearing,1,0.002,"noun,verb"
wearing pink,1,0.002,"verb,adj"
be barefoot,1,0.002,"verb,adj"
barefoot all,1,0.002,"adj,other"
are engaged,1,0.002,"verb,verb"
of interaction,1,0.002,"other,noun"
interaction or,1,0.002,"noun,other"
or conversation,1,0.002,"other,noun"
is impressionism,1,0.002,"verb,noun"
subjects faces,1,0.002,"noun,verb"
comfort the,1,0.002,"noun,other"
soft atmospheric,1,0.002,"adj,adj"
paintings the,1,0.002,"noun,other"
work mary,1,0.002,"verb,adj"
printmaker known,1,0.002,"noun,verb"
her depictions,1,0.002,"other,noun"
of intimate,1,0.002,"other,verb"
from contemporary,1,0.002,"other,adj"
contemporary life,1,0.002,"adj,noun"
life this,1,0.002,"noun,other"
falls within,1,0.002,"verb,other"
her well,1,0.002,"other,adv"
known genre,1,0.002,"verb,noun"
family subjects,1,0.002,"noun,noun"
sitting and,1,0.002,"verb,other"
expression she,1,0.002,"noun,other"
colored hair,1,0.002,"adj,adj"
falls loosely,1,0.002,"verb,adv"
face which,1,0.002,"verb,other"
slight blush,1,0.002,"adj,noun"
blush on,1,0.002,"noun,other"
her cheeks,1,0.002,"other,verb"
cheeks the,1,0.002,"verb,other"
girl wears,1,0.002,"noun,noun"
elegant blue,1,0.002,"verb,noun"
with details,1,0.002,"other,noun"
suggesting lace,1,0.002,"verb,noun"
embroidery along,1,0.002,"adv,other"
gently placed,1,0.002,"adv,verb"
lap hinting,1,0.002,"noun,verb"
calm or,1,0.002,"adj,other"
sketchy manner,1,0.002,"adj,adj"
often blur,1,0.002,"adv,noun"
blur together,1,0.002,"noun,adv"
together to,1,0.002,"adv,other"
than sharp,1,0.002,"other,adj"
sharp clear,1,0.002,"adj,adj"
a predominance,1,0.002,"other,noun"
predominance of,1,0.002,"noun,other"
that harmonize,1,0.002,"other,verb"
harmonize with,1,0.002,"verb,other"
and peace,1,0.002,"other,noun"
peace the,1,0.002,"noun,other"
signature mary,1,0.002,"noun,adj"
title young,1,0.002,"noun,adj"
blue may,1,0.002,"noun,other"
a misnomer,1,0.002,"other,noun"
misnomer as,1,0.002,"noun,other"
it refers,1,0.002,"other,noun"
dress but,1,0.002,"noun,other"
but given,1,0.002,"other,verb"
is more,1,0.002,"verb,adv"
more likely,1,0.002,"adv,adj"
likely that,1,0.002,"adj,other"
is intended,1,0.002,"verb,verb"
girl rather,1,0.002,"noun,adv"
child painted,1,0.002,"noun,verb"
genre appears,1,0.002,"noun,verb"
be portraiture,1,0.002,"verb,verb"
portraiture or,1,0.002,"verb,other"
or figurative,1,0.002,"other,adj"
figurative painting,1,0.002,"adj,verb"
painting at,1,0.002,"verb,other"
arm around,1,0.002,"noun,other"
a younger,1,0.002,"other,adj"
could possibly,1,0.002,"other,adv"
possibly be,1,0.002,"adv,verb"
be her,1,0.002,"verb,other"
her daughter,1,0.002,"other,verb"
daughter both,1,0.002,"verb,other"
in period,1,0.002,"other,noun"
period clothing,1,0.002,"noun,verb"
century the,1,0.002,"noun,other"
flower the,1,0.002,"verb,other"
girl also,1,0.002,"noun,adv"
also wears,1,0.002,"adv,noun"
it and,1,0.002,"other,other"
updo they,1,0.002,"adj,other"
they both,1,0.002,"other,other"
both have,1,0.002,"other,verb"
have expressions,1,0.002,"verb,noun"
of peacefulness,1,0.002,"other,adv"
peacefulness or,1,0.002,"adv,other"
contemplation as,1,0.002,"noun,other"
they look,1,0.002,"other,noun"
look towards,1,0.002,"noun,noun"
serenity to,1,0.002,"noun,other"
visible boats,1,0.002,"adj,noun"
or bath,1,0.002,"other,verb"
bath elements,1,0.002,"verb,noun"
would suggest,1,0.002,"other,noun"
suggest this,1,0.002,"noun,other"
titled boat,1,0.002,"verb,verb"
boat bath,1,0.002,"verb,verb"
bath the,1,0.002,"verb,other"
and any,1,0.002,"other,other"
any additional,1,0.002,"other,adj"
additional text,1,0.002,"adj,other"
without proper,1,0.002,"other,noun"
proper context,1,0.002,"noun,adj"
or access,1,0.002,"other,noun"
s notes,1,0.002,"noun,noun"
notes it,1,0.002,"noun,other"
s challenging,1,0.002,"noun,verb"
challenging to,1,0.002,"verb,other"
to accurately,1,0.002,"other,adv"
accurately interpret,1,0.002,"adv,adj"
interpret an,1,0.002,"adj,other"
title from,1,0.002,"noun,other"
its visual,1,0.002,"other,adj"
visual content,1,0.002,"adj,noun"
content alone,1,0.002,"noun,adv"
long wavy,1,0.002,"adj,noun"
hair looking,1,0.002,"adj,verb"
s holding,1,0.002,"noun,verb"
holding something,1,0.002,"verb,noun"
something though,1,0.002,"noun,other"
though what,1,0.002,"other,other"
what it,1,0.002,"other,other"
is isn,1,0.002,"verb,adj"
isn t,1,0.002,"adj,noun"
t visible,1,0.002,"noun,adj"
angle she,1,0.002,"other,other"
way her,1,0.002,"noun,other"
profile is,1,0.002,"adj,verb"
is illuminated,1,0.002,"verb,verb"
illuminated against,1,0.002,"verb,other"
impressionism giving,1,0.002,"noun,verb"
spontaneity to,1,0.002,"noun,other"
intimate and,1,0.002,"verb,other"
from mary,1,0.002,"other,adj"
artwork specifically,1,0.002,"noun,adv"
specifically her,1,0.002,"adv,other"
her impressionist,1,0.002,"other,adj"
titled child,1,0.002,"verb,noun"
ornate red,1,0.002,"verb,adj"
a frilled,1,0.002,"other,adj"
frilled collar,1,0.002,"adj,noun"
lace trimmings,1,0.002,"noun,noun"
trimmings that,1,0.002,"noun,other"
or special,1,0.002,"other,adj"
special occasion,1,0.002,"adj,noun"
occasion the,1,0.002,"noun,other"
the full,1,0.002,"other,adj"
full painting,1,0.002,"adj,verb"
painting typically,1,0.002,"verb,adv"
typically features,1,0.002,"adv,noun"
atmospheric conditions,1,0.002,"adj,noun"
conditions cassatt,1,0.002,"noun,noun"
this detail,1,0.002,"other,noun"
detail indicating,1,0.002,"noun,verb"
warmth focusing,1,0.002,"noun,verb"
their face,1,0.002,"other,verb"
tones reinforcing,1,0.002,"noun,noun"
the tender,1,0.002,"other,noun"
tender nature,1,0.002,"noun,adj"
individuals on,1,0.002,"noun,other"
right she,1,0.002,"adj,other"
white details,1,0.002,"adj,noun"
details possibly,1,0.002,"noun,adv"
ruffles in,1,0.002,"noun,other"
her another,1,0.002,"other,other"
and reaching,1,0.002,"other,verb"
reaching towards,1,0.002,"verb,noun"
cat that,1,0.002,"noun,other"
is lying,1,0.002,"verb,verb"
its side,1,0.002,"other,verb"
child has,1,0.002,"noun,verb"
has their,1,0.002,"verb,other"
their back,1,0.002,"other,adv"
us and,1,0.002,"other,other"
yellow garment,1,0.002,"adj,noun"
long sleeves,1,0.002,"adj,noun"
children contributing,1,0.002,"noun,verb"
overall tranquil,1,0.002,"adj,noun"
scene she,1,0.002,"noun,other"
outfit featuring,1,0.002,"verb,noun"
featuring light,1,0.002,"noun,adj"
colored elements,1,0.002,"adj,noun"
darker details,1,0.002,"noun,noun"
period dress,1,0.002,"noun,noun"
dress from,1,0.002,"noun,other"
from around,1,0.002,"other,other"
century which,1,0.002,"noun,other"
when mary,1,0.002,"other,adj"
active as,1,0.002,"adj,other"
pastel typical,1,0.002,"noun,adj"
where subtle,1,0.002,"other,adj"
in hue,1,0.002,"other,verb"
hue and,1,0.002,"verb,other"
and tone,1,0.002,"other,noun"
tone capture,1,0.002,"noun,noun"
painting focuses,1,0.002,"verb,noun"
children and,1,0.002,"noun,other"
the cat,1,0.002,"other,noun"
cat highlighting,1,0.002,"noun,verb"
highlighting everyday,1,0.002,"verb,adj"
of simple,1,0.002,"other,noun"
simple interactions,1,0.002,"noun,noun"
named francoise,1,0.002,"verb,noun"
francoise wearing,1,0.002,"noun,verb"
large white,1,0.002,"adj,adj"
captures her,1,0.002,"verb,other"
view showing,1,0.002,"noun,verb"
showing both,1,0.002,"verb,other"
both her,1,0.002,"other,other"
profile and,1,0.002,"adj,other"
long brown,1,0.002,"adj,noun"
brown hair,1,0.002,"noun,adj"
falls gently,1,0.002,"verb,adv"
gently around,1,0.002,"adv,other"
shoulders her,1,0.002,"noun,other"
side francoise,1,0.002,"verb,noun"
francoise is,1,0.002,"noun,verb"
with short,1,0.002,"other,adj"
short sleeves,1,0.002,"adj,noun"
collar trimmed,1,0.002,"noun,verb"
trimmed with,1,0.002,"verb,other"
lace the,1,0.002,"noun,other"
her hat,1,0.002,"other,other"
striking the,1,0.002,"verb,other"
rendered featuring,1,0.002,"verb,noun"
possibly near,1,0.002,"adv,other"
window given,1,0.002,"verb,verb"
source the,1,0.002,"noun,other"
more about,1,0.002,"adv,other"
about capturing,1,0.002,"other,verb"
style lends,1,0.002,"noun,verb"
a feeling,1,0.002,"other,verb"
immediacy as,1,0.002,"verb,other"
moment was,1,0.002,"noun,verb"
was captured,1,0.002,"verb,verb"
captured without,1,0.002,"verb,other"
much preparatory,1,0.002,"adj,noun"
preparatory study,1,0.002,"noun,verb"
also significant,1,0.002,"adv,adj"
significant in,1,0.002,"adj,other"
cassatt employing,1,0.002,"noun,verb"
employing a,1,0.002,"verb,other"
in contrast,1,0.002,"other,noun"
contrast yet,1,0.002,"noun,adv"
yet harmonious,1,0.002,"adv,adj"
harmonious the,1,0.002,"adj,other"
hat is,1,0.002,"other,verb"
is accentuated,1,0.002,"verb,adj"
its light,1,0.002,"other,adj"
light reflection,1,0.002,"adj,noun"
on francoise,1,0.002,"other,noun"
francoise s,1,0.002,"noun,noun"
hair creating,1,0.002,"adj,verb"
girl rendered,1,0.002,"noun,verb"
invites the,1,0.002,"noun,other"
focus not,1,0.002,"noun,adv"
just on,1,0.002,"adv,other"
physical characteristics,1,0.002,"adj,noun"
characteristics but,1,0.002,"noun,other"
also on,1,0.002,"adv,other"
atmosphere created,1,0.002,"adv,verb"
created through,1,0.002,"verb,other"
color brushwork,1,0.002,"noun,noun"
girl as,1,0.002,"noun,other"
impressionistic painting,1,0.002,"adj,verb"
flower and,1,0.002,"verb,other"
embroidery details,1,0.002,"adv,noun"
details along,1,0.002,"noun,other"
looking off,1,0.002,"verb,other"
subdued providing,1,0.002,"verb,verb"
neutral backdrop,1,0.002,"adj,noun"
name in,1,0.002,"noun,other"
lower left,1,0.002,"adj,verb"
impressionist portrait,1,0.002,"adj,verb"
that boasts,1,0.002,"other,verb"
boasts a,1,0.002,"verb,other"
white feather,1,0.002,"adj,adv"
sophistication to,1,0.002,"noun,other"
of connection,1,0.002,"other,noun"
connection and,1,0.002,"noun,other"
engagement the,1,0.002,"adj,other"
on fine,1,0.002,"other,verb"
technique creates,1,0.002,"noun,noun"
dynamic image,1,0.002,"adj,noun"
s mood,1,0.002,"noun,noun"
an evocative,1,0.002,"other,adj"
evocative manner,1,0.002,"adj,adj"
painting also,1,0.002,"verb,adv"
also bears,1,0.002,"adv,verb"
signature in,1,0.002,"noun,other"
its authenticity,1,0.002,"other,noun"
and marking,1,0.002,"other,verb"
marking it,1,0.002,"verb,other"
boy dressed,1,0.002,"adj,verb"
in formal,1,0.002,"other,adj"
and tie,1,0.002,"other,noun"
tie visible,1,0.002,"noun,adj"
visible he,1,0.002,"adj,other"
hat which,1,0.002,"other,other"
formality to,1,0.002,"noun,other"
his appearance,1,0.002,"other,noun"
boy s,1,0.002,"adj,noun"
gazes towards,1,0.002,"verb,noun"
emphasize light,1,0.002,"verb,adj"
qualities over,1,0.002,"noun,other"
over time,1,0.002,"other,noun"
and place,1,0.002,"other,noun"
place this,1,0.002,"noun,other"
often gives,1,0.002,"adv,verb"
gives paintings,1,0.002,"verb,noun"
paintings an,1,0.002,"noun,other"
an appearance,1,0.002,"other,noun"
helps draw,1,0.002,"verb,adj"
draw attention,1,0.002,"adj,noun"
the renowned,1,0.002,"other,verb"
painter mary,1,0.002,"noun,adj"
cassatt she,1,0.002,"noun,other"
pastel chalk,1,0.002,"noun,noun"
chalk oil,1,0.002,"noun,noun"
oil paint,1,0.002,"noun,noun"
paint and,1,0.002,"noun,other"
and watercolor,1,0.002,"other,adj"
watercolor often,1,0.002,"adj,adv"
featuring subjects,1,0.002,"noun,noun"
especially women,1,0.002,"adv,noun"
of charles,1,0.002,"other,noun"
charles dikran,1,0.002,"noun,noun"
dikran kelekian,1,0.002,"noun,adj"
kelekian adds,1,0.002,"adj,verb"
personal touch,1,0.002,"adj,adj"
touch to,1,0.002,"adj,other"
oeuvre suggesting,1,0.002,"noun,verb"
been an,1,0.002,"verb,other"
important figure,1,0.002,"adj,noun"
or circle,1,0.002,"other,noun"
circle of,1,0.002,"noun,other"
of acquaintances,1,0.002,"other,noun"
body turned,1,0.002,"noun,verb"
and gaze,1,0.002,"other,noun"
of distraction,1,0.002,"other,noun"
distraction or,1,0.002,"noun,other"
thoughtfulness she,1,0.002,"noun,other"
has fair,1,0.002,"verb,adj"
is softened,1,0.002,"verb,verb"
softened providing,1,0.002,"verb,verb"
subtle contrast,1,0.002,"adj,noun"
focuses attention,1,0.002,"noun,noun"
girl mary,1,0.002,"noun,adj"
here includes,1,0.002,"adv,verb"
includes loose,1,0.002,"verb,adj"
technique characteristic,1,0.002,"noun,adj"
impressionism provides,1,0.002,"noun,verb"
are pastel,1,0.002,"verb,noun"
pastel with,1,0.002,"noun,other"
soft palette,1,0.002,"adj,noun"
that contributes,1,0.002,"other,noun"
standing outdoors,1,0.002,"verb,noun"
collar on,1,0.002,"noun,other"
brim that,1,0.002,"adj,other"
be adorned,1,0.002,"verb,verb"
bow on,1,0.002,"noun,other"
top the,1,0.002,"adj,other"
serious and,1,0.002,"adj,other"
is gazing,1,0.002,"verb,verb"
setting part,1,0.002,"verb,noun"
its frames,1,0.002,"other,verb"
frames and,1,0.002,"verb,other"
and panes,1,0.002,"other,noun"
panes visible,1,0.002,"noun,adj"
visible suggesting,1,0.002,"adj,verb"
woman might,1,0.002,"noun,other"
standing in,1,0.002,"verb,other"
or near,1,0.002,"other,other"
vibrant enhancing,1,0.002,"adj,verb"
outdoor sunny,1,0.002,"adj,adj"
sunny atmosphere,1,0.002,"adj,adv"
impressionism a,1,0.002,"noun,other"
for capturing,1,0.002,"other,verb"
most fleeting,1,0.002,"adv,verb"
effects this,1,0.002,"noun,other"
approach is,1,0.002,"noun,verb"
light falls,1,0.002,"adj,verb"
falls on,1,0.002,"verb,other"
has also,1,0.002,"verb,adv"
also captured,1,0.002,"adv,verb"
subtle shadowing,1,0.002,"adj,verb"
shadowing around,1,0.002,"verb,other"
shoulders adding,1,0.002,"noun,verb"
artwork embodies,1,0.002,"noun,noun"
embodies many,1,0.002,"noun,adj"
the hallmarks,1,0.002,"other,noun"
hands gently,1,0.002,"noun,adv"
gently cradling,1,0.002,"adv,verb"
cradling a,1,0.002,"verb,other"
a pet,1,0.002,"other,adj"
pet on,1,0.002,"adj,other"
lace suggesting,1,0.002,"noun,verb"
be historical,1,0.002,"verb,adj"
of fine,1,0.002,"other,verb"
fine attire,1,0.002,"verb,noun"
yet poised,1,0.002,"adv,adj"
poised with,1,0.002,"adj,other"
arm elegantly,1,0.002,"noun,adv"
elegantly draped,1,0.002,"adv,verb"
which rests,1,0.002,"other,noun"
rests upon,1,0.002,"noun,other"
upon a,1,0.002,"other,other"
surface not,1,0.002,"noun,adv"
us her,1,0.002,"other,other"
expression serene,1,0.002,"noun,adj"
color interplay,1,0.002,"noun,noun"
interplay to,1,0.002,"noun,other"
warm indoor,1,0.002,"adj,adj"
light softly,1,0.002,"adj,adv"
softly filtering,1,0.002,"adv,verb"
cassatt a,1,0.002,"noun,other"
movement her,1,0.002,"noun,other"
often include,1,0.002,"adv,verb"
include domestic,1,0.002,"verb,adj"
interactions among,1,0.002,"noun,other"
among women,1,0.002,"other,noun"
women which,1,0.002,"noun,other"
on fabric,1,0.002,"other,adj"
fabric and,1,0.002,"adj,other"
subtle depiction,1,0.002,"adj,noun"
emotions are,1,0.002,"noun,verb"
all hallmarks,1,0.002,"other,noun"
her artistic,1,0.002,"other,adj"
surrealistic portrait,1,0.002,"adj,verb"
portrait titled,1,0.002,"verb,verb"
head by,1,0.002,"noun,other"
its dreamlike,1,0.002,"other,verb"
dreamlike and,1,0.002,"verb,other"
a face,1,0.002,"other,verb"
face that,1,0.002,"verb,other"
combines features,1,0.002,"verb,noun"
an unusual,1,0.002,"other,adj"
unusual way,1,0.002,"adj,noun"
way one,1,0.002,"noun,other"
one eye,1,0.002,"other,noun"
eye is,1,0.002,"noun,verb"
is larger,1,0.002,"verb,adj"
larger than,1,0.002,"adj,other"
be smaller,1,0.002,"verb,adj"
smaller or,1,0.002,"adj,other"
or obscured,1,0.002,"other,verb"
obscured there,1,0.002,"verb,other"
nose with,1,0.002,"verb,other"
mouth beneath,1,0.002,"adj,noun"
it ears,1,0.002,"other,verb"
ears are,1,0.002,"verb,verb"
are asymmetrical,1,0.002,"verb,adj"
asymmetrical with,1,0.002,"adj,other"
one being,1,0.002,"other,verb"
being larger,1,0.002,"verb,adj"
larger and,1,0.002,"adj,other"
more detailed,1,0.002,"adv,adj"
detailed than,1,0.002,"adj,other"
hair seems,1,0.002,"adj,verb"
be flowing,1,0.002,"verb,verb"
flowing around,1,0.002,"verb,other"
a dreamscape,1,0.002,"other,verb"
dreamscape the,1,0.002,"verb,other"
expressive further,1,0.002,"adj,adv"
piece it,1,0.002,"noun,other"
that interpreting,1,0.002,"other,verb"
interpreting such,1,0.002,"verb,adj"
such art,1,0.002,"adj,noun"
is subjective,1,0.002,"verb,adj"
subjective and,1,0.002,"adj,other"
and different,1,0.002,"other,adj"
different viewers,1,0.002,"adj,noun"
viewers may,1,0.002,"noun,other"
may see,1,0.002,"other,noun"
see different,1,0.002,"noun,adj"
within it,1,0.002,"other,other"
it based,1,0.002,"other,verb"
their perceptions,1,0.002,"other,noun"
perceptions and,1,0.002,"noun,other"
and experiences,1,0.002,"other,noun"
artwork rainstorm,1,0.002,"noun,verb"
rainstorm beneath,1,0.002,"verb,noun"
summit by,1,0.002,"noun,other"
hokusai which,1,0.002,"noun,other"
which depicts,1,0.002,"other,noun"
fuji in,1,0.002,"verb,other"
japan the,1,0.002,"verb,other"
painting shows,1,0.002,"verb,verb"
a lightning,1,0.002,"other,verb"
lightning storm,1,0.002,"verb,verb"
storm occurring,1,0.002,"verb,verb"
occurring at,1,0.002,"verb,other"
mountain the,1,0.002,"noun,other"
clouds fill,1,0.002,"adj,verb"
visible path,1,0.002,"adj,adv"
path or,1,0.002,"adv,other"
or road,1,0.002,"other,noun"
road leading,1,0.002,"noun,verb"
peak lightning,1,0.002,"adj,verb"
lightning is,1,0.002,"verb,verb"
striking near,1,0.002,"verb,other"
summit creating,1,0.002,"noun,verb"
and power,1,0.002,"other,noun"
power associated,1,0.002,"noun,adj"
the tumultuous,1,0.002,"other,adj"
tumultuous weather,1,0.002,"adj,noun"
weather which,1,0.002,"noun,other"
of hokusai,1,0.002,"other,noun"
subdued emphasizing,1,0.002,"verb,verb"
the grayscale,1,0.002,"other,verb"
grayscale palette,1,0.002,"verb,noun"
prints while,1,0.002,"noun,other"
also using,1,0.002,"adv,verb"
using highlights,1,0.002,"verb,noun"
highlights to,1,0.002,"noun,other"
the lightning,1,0.002,"other,verb"
lightning and,1,0.002,"verb,other"
fuji a,1,0.002,"verb,other"
renowned landmark,1,0.002,"verb,adj"
landmark in,1,0.002,"adj,other"
japan rendered,1,0.002,"verb,verb"
as ukiyo,1,0.002,"other,adj"
titled fuji,1,0.002,"verb,verb"
fuji mountains,1,0.002,"verb,noun"
mountains in,1,0.002,"noun,other"
in clear,1,0.002,"other,adj"
clear weather,1,0.002,"adj,noun"
weather red,1,0.002,"noun,adj"
red fuji,1,0.002,"adj,verb"
fuji and,1,0.002,"verb,other"
artist katsushika,1,0.002,"noun,other"
hokusai in,1,0.002,"noun,other"
particular scene,1,0.002,"adj,noun"
scene mount,1,0.002,"noun,noun"
its peak,1,0.002,"other,adj"
peak obscured,1,0.002,"adj,verb"
by clouds,1,0.002,"other,adj"
clouds or,1,0.002,"adj,other"
or mist,1,0.002,"other,verb"
mist a,1,0.002,"verb,other"
common visual,1,0.002,"adj,adj"
visual motif,1,0.002,"adj,noun"
motif that,1,0.002,"noun,other"
adds mystery,1,0.002,"verb,noun"
mystery and,1,0.002,"noun,other"
allure to,1,0.002,"verb,other"
mountain s,1,0.002,"noun,noun"
red blue,1,0.002,"adj,noun"
showcases hokusai,1,0.002,"verb,noun"
fuji with,1,0.002,"verb,other"
tranquility this,1,0.002,"noun,other"
its meticulous,1,0.002,"other,adj"
that reflect,1,0.002,"other,verb"
reflect both,1,0.002,"verb,other"
physical attributes,1,0.002,"adj,verb"
attributes of,1,0.002,"verb,other"
the cultural,1,0.002,"other,adj"
significance it,1,0.002,"noun,other"
it holds,1,0.002,"other,verb"
holds within,1,0.002,"verb,other"
within japanese,1,0.002,"other,adj"
japanese aesthetics,1,0.002,"adj,noun"
the great,1,0.002,"other,adj"
great wave,1,0.002,"adj,noun"
wave off,1,0.002,"noun,other"
off kanagawa,1,0.002,"other,adj"
kanagawa depicts,1,0.002,"adj,noun"
a powerful,1,0.002,"other,adj"
powerful wave,1,0.002,"adj,noun"
wave in,1,0.002,"noun,other"
foreground with,1,0.002,"noun,other"
its crest,1,0.002,"other,noun"
crest curling,1,0.002,"noun,verb"
curling over,1,0.002,"verb,other"
over and,1,0.002,"other,other"
and about,1,0.002,"other,other"
break below,1,0.002,"noun,other"
the wave,1,0.002,"other,noun"
wave we,1,0.002,"noun,other"
we can,1,0.002,"other,other"
be boats,1,0.002,"verb,noun"
or small,1,0.002,"other,adj"
small vessels,1,0.002,"adj,noun"
vessels adding,1,0.002,"noun,verb"
scale to,1,0.002,"noun,other"
primarily blue,1,0.002,"adv,noun"
white creating,1,0.002,"adj,verb"
the power,1,0.002,"other,noun"
power of,1,0.002,"noun,other"
nature in,1,0.002,"adj,other"
a silhouette,1,0.002,"other,noun"
silhouette of,1,0.002,"noun,other"
fuji which,1,0.002,"verb,other"
and stability,1,0.002,"other,noun"
stability to,1,0.002,"noun,other"
otherwise chaotic,1,0.002,"adv,adj"
chaotic wave,1,0.002,"adj,noun"
wave scene,1,0.002,"noun,noun"
print technique,1,0.002,"verb,noun"
technique known,1,0.002,"noun,verb"
color variation,1,0.002,"noun,noun"
variation the,1,0.002,"noun,other"
date are,1,0.002,"noun,verb"
are typically,1,0.002,"verb,adv"
typically found,1,0.002,"adv,verb"
such prints,1,0.002,"adj,noun"
from hodogaya,1,0.002,"other,noun"
hodogaya on,1,0.002,"noun,other"
tokaido as,1,0.002,"noun,other"
as painted,1,0.002,"other,verb"
of travelers,1,0.002,"other,noun"
travelers journeying,1,0.002,"noun,verb"
journeying along,1,0.002,"verb,other"
along a,1,0.002,"other,other"
a road,1,0.002,"other,noun"
road which,1,0.002,"noun,other"
in ukiyo,1,0.002,"other,adj"
art depicting,1,0.002,"noun,noun"
depicting scenes,1,0.002,"noun,noun"
from daily,1,0.002,"other,adv"
and travel,1,0.002,"other,verb"
travel during,1,0.002,"verb,other"
during japan,1,0.002,"other,verb"
s edo,1,0.002,"noun,adj"
be travelers,1,0.002,"verb,noun"
travelers they,1,0.002,"noun,other"
japanese clothing,1,0.002,"adj,verb"
some carrying,1,0.002,"other,verb"
carrying items,1,0.002,"verb,noun"
as bundles,1,0.002,"other,noun"
bundles or,1,0.002,"noun,other"
or packages,1,0.002,"other,noun"
packages the,1,0.002,"noun,other"
figure seems,1,0.002,"noun,verb"
be leading,1,0.002,"verb,verb"
leading a,1,0.002,"verb,other"
horse indicating,1,0.002,"noun,verb"
indicating they,1,0.002,"verb,other"
journey or,1,0.002,"noun,other"
or arriving,1,0.002,"other,verb"
arriving from,1,0.002,"verb,other"
one the,1,0.002,"other,other"
color showcasing,1,0.002,"noun,verb"
the craftsmanship,1,0.002,"other,verb"
craftsmanship typical,1,0.002,"verb,adj"
landscape setting,1,0.002,"noun,verb"
likely along,1,0.002,"adj,other"
tokaido an,1,0.002,"noun,other"
important highway,1,0.002,"adj,noun"
highway in,1,0.002,"noun,other"
period connecting,1,0.002,"noun,verb"
connecting tokyo,1,0.002,"verb,noun"
tokyo to,1,0.002,"noun,other"
to kyoto,1,0.002,"other,noun"
kyoto this,1,0.002,"noun,other"
this road,1,0.002,"other,noun"
road was,1,0.002,"noun,verb"
its scenic,1,0.002,"other,adj"
scenic beauty,1,0.002,"adj,noun"
beauty as,1,0.002,"noun,other"
as being,1,0.002,"other,verb"
the primary,1,0.002,"other,adj"
primary route,1,0.002,"adj,verb"
route for,1,0.002,"verb,other"
for travelers,1,0.002,"other,noun"
travelers and,1,0.002,"noun,other"
and merchants,1,0.002,"other,noun"
merchants in,1,0.002,"noun,other"
image we,1,0.002,"noun,other"
see tall,1,0.002,"noun,adj"
tall trees,1,0.002,"adj,noun"
with bare,1,0.002,"other,noun"
bare branches,1,0.002,"noun,verb"
branches suggesting,1,0.002,"verb,verb"
be autumn,1,0.002,"verb,verb"
autumn or,1,0.002,"verb,other"
or winter,1,0.002,"other,noun"
winter there,1,0.002,"noun,other"
also buildings,1,0.002,"adv,noun"
buildings that,1,0.002,"noun,other"
that look,1,0.002,"other,noun"
look like,1,0.002,"noun,other"
like they,1,0.002,"other,other"
a resting,1,0.002,"other,verb"
resting place,1,0.002,"verb,noun"
place along,1,0.002,"noun,other"
the road,1,0.002,"other,noun"
road including,1,0.002,"noun,verb"
a shrine,1,0.002,"other,noun"
shrine on,1,0.002,"noun,other"
and uses,1,0.002,"other,noun"
uses shading,1,0.002,"noun,verb"
its realism,1,0.002,"other,noun"
quite subdued,1,0.002,"adv,verb"
scene punctuated,1,0.002,"noun,adj"
by occasional,1,0.002,"other,adj"
occasional splashes,1,0.002,"adj,noun"
of brighter,1,0.002,"other,noun"
hues this,1,0.002,"noun,other"
serene yet,1,0.002,"adj,adv"
dynamic atmosphere,1,0.002,"adj,adv"
atmosphere inviting,1,0.002,"adv,verb"
appreciate not,1,0.002,"noun,adv"
the artistry,1,0.002,"other,adj"
artistry but,1,0.002,"adj,other"
imagine themselves,1,0.002,"adj,other"
themselves as,1,0.002,"other,other"
this historical,1,0.002,"other,adj"
historical moment,1,0.002,"adj,noun"
beautiful piece,1,0.002,"adj,noun"
titled hydrangea,1,0.002,"verb,adj"
swallow by,1,0.002,"verb,other"
the following,1,0.002,"other,verb"
following elements,1,0.002,"verb,noun"
elements 1,1,0.002,"noun,other"
1 a,1,0.002,"other,other"
of hydrangeas,1,0.002,"other,noun"
hydrangeas in,1,0.002,"noun,other"
bloom with,1,0.002,"noun,other"
their flowers,1,0.002,"other,noun"
flowers depicted,1,0.002,"noun,verb"
as round,1,0.002,"other,noun"
round blobs,1,0.002,"noun,adj"
blobs typical,1,0.002,"adj,adj"
e woodblock,1,0.002,"verb,noun"
the hydrangeas,1,0.002,"other,noun"
hydrangeas are,1,0.002,"noun,verb"
are detailed,1,0.002,"verb,adj"
appear lush,1,0.002,"verb,noun"
lush suggesting,1,0.002,"noun,verb"
nature 2,1,0.002,"adj,other"
2 a,1,0.002,"other,other"
a swallow,1,0.002,"other,verb"
swallow bird,1,0.002,"verb,noun"
bird which,1,0.002,"noun,other"
mid flight,1,0.002,"verb,noun"
flight near,1,0.002,"noun,other"
just landed,1,0.002,"adv,verb"
landed or,1,0.002,"verb,other"
or is,1,0.002,"other,verb"
is about,1,0.002,"verb,other"
to take,1,0.002,"other,verb"
take off,1,0.002,"verb,other"
off 3,1,0.002,"other,other"
yellow color,1,0.002,"adj,noun"
warm backdrop,1,0.002,"adj,noun"
subjects there,1,0.002,"noun,other"
also japanese,1,0.002,"adv,adj"
japanese text,1,0.002,"adj,other"
black ink,1,0.002,"adj,noun"
ink at,1,0.002,"noun,other"
right corners,1,0.002,"adj,noun"
artwork these,1,0.002,"noun,other"
these likely,1,0.002,"other,adj"
likely contain,1,0.002,"adj,noun"
contain the,1,0.002,"noun,other"
title hydrangea,1,0.002,"noun,adj"
swallow and,1,0.002,"verb,other"
possibly other,1,0.002,"adv,adj"
other related,1,0.002,"adj,adj"
related information,1,0.002,"adj,noun"
or poetry,1,0.002,"other,noun"
poetry associated,1,0.002,"noun,adj"
piece 4,1,0.002,"noun,other"
4 the,1,0.002,"other,other"
its fine,1,0.002,"other,verb"
fine lines,1,0.002,"verb,noun"
lines detailed,1,0.002,"noun,adj"
detailed shading,1,0.002,"adj,verb"
of katsushika,1,0.002,"other,other"
genre ukiyo,1,0.002,"noun,adj"
or everyday,1,0.002,"other,adj"
vertical orientation,1,0.002,"adj,noun"
orientation and,1,0.002,"noun,other"
into three,1,0.002,"other,other"
three horizontal,1,0.002,"other,adj"
horizontal sections,1,0.002,"adj,noun"
sections which,1,0.002,"noun,other"
common for,1,0.002,"adj,other"
for printed,1,0.002,"other,verb"
printed works,1,0.002,"verb,verb"
works meant,1,0.002,"verb,verb"
be viewed,1,0.002,"verb,verb"
viewed one,1,0.002,"verb,other"
panel at,1,0.002,"noun,other"
time similar,1,0.002,"noun,adj"
to how,1,0.002,"other,other"
how scroll,1,0.002,"other,adj"
scroll paintings,1,0.002,"adj,noun"
paintings would,1,0.002,"noun,other"
been seen,1,0.002,"verb,verb"
japanese woman,1,0.002,"adj,noun"
traditional attire,1,0.002,"adj,noun"
attire rendered,1,0.002,"noun,verb"
with elaborate,1,0.002,"other,noun"
elaborate hair,1,0.002,"noun,adj"
hair ornaments,1,0.002,"adj,noun"
ornaments and,1,0.002,"noun,other"
detailed kimono,1,0.002,"adj,verb"
kimono embellished,1,0.002,"verb,adj"
embellished with,1,0.002,"adj,other"
with patterns,1,0.002,"other,noun"
open fan,1,0.002,"adj,noun"
lines fine,1,0.002,"noun,verb"
subtle use,1,0.002,"adj,verb"
that goes,1,0.002,"other,verb"
goes from,1,0.002,"verb,other"
from light,1,0.002,"other,adj"
to darker,1,0.002,"other,noun"
tones towards,1,0.002,"noun,noun"
bottom creating,1,0.002,"noun,verb"
depth in,1,0.002,"adj,other"
small seal,1,0.002,"adj,noun"
seal or,1,0.002,"noun,other"
or signature,1,0.002,"other,noun"
signature which,1,0.002,"noun,other"
for japanese,1,0.002,"other,adj"
japanese artwork,1,0.002,"adj,noun"
it identifies,1,0.002,"other,noun"
identifies the,1,0.002,"noun,other"
vertical scroll,1,0.002,"adj,adj"
scroll characteristic,1,0.002,"adj,adj"
e artworks,1,0.002,"verb,noun"
artworks at,1,0.002,"noun,other"
is mount,1,0.002,"verb,noun"
fuji one,1,0.002,"verb,other"
of japan,1,0.002,"other,verb"
famous volcanoes,1,0.002,"adj,noun"
volcanoes shown,1,0.002,"noun,verb"
shown erupting,1,0.002,"verb,verb"
erupting with,1,0.002,"verb,other"
with smoke,1,0.002,"other,noun"
ash billowing,1,0.002,"noun,verb"
billowing into,1,0.002,"verb,other"
mountain is,1,0.002,"noun,verb"
tones used,1,0.002,"noun,adj"
volcanic plume,1,0.002,"adj,adj"
plume creating,1,0.002,"adj,verb"
energy below,1,0.002,"noun,other"
mountain there,1,0.002,"noun,other"
smaller figure,1,0.002,"adj,noun"
person possibly,1,0.002,"noun,adv"
an observer,1,0.002,"other,other"
observer or,1,0.002,"other,other"
artist witnessing,1,0.002,"noun,verb"
witnessing the,1,0.002,"verb,other"
eruption which,1,0.002,"noun,other"
natural spectacle,1,0.002,"adj,adj"
spectacle the,1,0.002,"adj,other"
around mount,1,0.002,"other,noun"
fuji includes,1,0.002,"verb,verb"
includes some,1,0.002,"verb,other"
some greenery,1,0.002,"other,noun"
suggesting the,1,0.002,"verb,other"
environment before,1,0.002,"noun,other"
after the,1,0.002,"other,other"
eruption the,1,0.002,"noun,other"
dragon of,1,0.002,"noun,other"
of smoke,1,0.002,"other,noun"
smoke escaping,1,0.002,"noun,verb"
escaping from,1,0.002,"verb,other"
from mount,1,0.002,"other,noun"
a poetic,1,0.002,"other,adj"
poetic interpretation,1,0.002,"adj,noun"
interpretation that,1,0.002,"noun,other"
that personifies,1,0.002,"other,noun"
personifies the,1,0.002,"noun,other"
the smoke,1,0.002,"other,noun"
ash as,1,0.002,"noun,other"
a dragon,1,0.002,"other,noun"
dragon reflecting,1,0.002,"noun,verb"
japanese reverence,1,0.002,"adj,noun"
reverence for,1,0.002,"noun,other"
for nature,1,0.002,"other,adj"
s power,1,0.002,"noun,noun"
power the,1,0.002,"noun,other"
signature katsushika,1,0.002,"noun,other"
hokusai is,1,0.002,"noun,verb"
the scroll,1,0.002,"other,adj"
scroll indicating,1,0.002,"adj,verb"
artwork style,1,0.002,"noun,noun"
style color,1,0.002,"noun,noun"
matter are,1,0.002,"noun,verb"
which flourished,1,0.002,"other,adj"
flourished in,1,0.002,"adj,other"
japan from,1,0.002,"verb,other"
centuries ukiyo,1,0.002,"noun,adj"
life mythology,1,0.002,"noun,noun"
a self,1,0.002,"other,other"
portrait by,1,0.002,"verb,other"
sargent rendered,1,0.002,"adj,verb"
realistic art,1,0.002,"adj,noun"
has portrayed,1,0.002,"verb,verb"
portrayed himself,1,0.002,"verb,other"
himself as,1,0.002,"other,other"
mature man,1,0.002,"noun,noun"
expression he,1,0.002,"noun,other"
red robe,1,0.002,"adj,noun"
dark attire,1,0.002,"adj,noun"
a beard,1,0.002,"other,adj"
beard graces,1,0.002,"adj,noun"
graces his,1,0.002,"noun,other"
face adding,1,0.002,"verb,verb"
the solemn,1,0.002,"other,noun"
solemn demeanor,1,0.002,"noun,adj"
demeanor of,1,0.002,"adj,other"
possibly suggesting,1,0.002,"adv,verb"
doorway the,1,0.002,"verb,other"
detail are,1,0.002,"noun,verb"
of sargent,1,0.002,"other,adj"
sargent s,1,0.002,"adj,noun"
the realism,1,0.002,"other,noun"
realism genre,1,0.002,"noun,noun"
soft facial,1,0.002,"adj,adj"
shoulders she,1,0.002,"noun,other"
elegant neck,1,0.002,"verb,noun"
right giving,1,0.002,"adj,verb"
serene contemplation,1,0.002,"adj,noun"
thoughtfulness the,1,0.002,"noun,other"
be painted,1,0.002,"verb,verb"
yellow beige,1,0.002,"adj,noun"
beige hue,1,0.002,"noun,verb"
hue the,1,0.002,"verb,other"
emphasizes details,1,0.002,"verb,noun"
texture with,1,0.002,"noun,other"
brushstrokes adding,1,0.002,"noun,verb"
technique suggests,1,0.002,"noun,verb"
an effort,1,0.002,"other,noun"
effort to,1,0.002,"noun,other"
just the,1,0.002,"adv,other"
the likeness,1,0.002,"other,noun"
likeness of,1,0.002,"noun,other"
subject but,1,0.002,"adj,other"
also her,1,0.002,"adv,other"
her mood,1,0.002,"other,noun"
and character,1,0.002,"other,noun"
character the,1,0.002,"noun,other"
face indicate,1,0.002,"verb,noun"
indicate a,1,0.002,"noun,other"
a careful,1,0.002,"other,adj"
careful and,1,0.002,"adj,other"
and sensitive,1,0.002,"other,adj"
sensitive approach,1,0.002,"adj,noun"
approach typical,1,0.002,"noun,adj"
of romantic,1,0.002,"other,adj"
romantic portraiture,1,0.002,"adj,verb"
gentle forms,1,0.002,"adj,noun"
forms conveys,1,0.002,"noun,noun"
quiet intimacy,1,0.002,"adj,noun"
and refinement,1,0.002,"other,noun"
refinement characteristic,1,0.002,"noun,adj"
of rossetti,1,0.002,"other,noun"
rossetti s,1,0.002,"noun,noun"
and fitting,1,0.002,"other,verb"
image titled,1,0.002,"noun,verb"
siddal suggesting,1,0.002,"noun,verb"
indeed elizabeth,1,0.002,"adv,noun"
siddal who,1,0.002,"noun,other"
significant figure,1,0.002,"adj,noun"
the pre,1,0.002,"other,adj"
pre raphaelite,1,0.002,"adj,adj"
raphaelite art,1,0.002,"adj,noun"
skin playing,1,0.002,"noun,noun"
playing an,1,0.002,"noun,other"
an instrument,1,0.002,"other,adj"
instrument that,1,0.002,"adj,other"
or lute,1,0.002,"other,adj"
be flowers,1,0.002,"verb,noun"
setting around,1,0.002,"verb,other"
her behind,1,0.002,"other,other"
figure two,1,0.002,"noun,other"
two other,1,0.002,"other,adj"
other women,1,0.002,"adj,noun"
has reddish,1,0.002,"verb,adj"
reddish hair,1,0.002,"adj,adj"
a manuscript,1,0.002,"other,noun"
manuscript while,1,0.002,"noun,other"
long blonde,1,0.002,"adj,noun"
by plants,1,0.002,"other,noun"
plants in,1,0.002,"noun,other"
face both,1,0.002,"verb,other"
both of,1,0.002,"other,other"
wearing dresses,1,0.002,"verb,noun"
dresses with,1,0.002,"noun,other"
floral designs,1,0.002,"adj,noun"
harmoniously into,1,0.002,"adv,other"
background greenery,1,0.002,"noun,noun"
greenery the,1,0.002,"noun,other"
lush and,1,0.002,"noun,other"
and overgrown,1,0.002,"other,other"
overgrown filled,1,0.002,"other,verb"
with verdant,1,0.002,"other,noun"
verdant plants,1,0.002,"noun,noun"
flowers contributing,1,0.002,"noun,verb"
beauty the,1,0.002,"noun,other"
particularly the,1,0.002,"adv,other"
which dominate,1,0.002,"other,verb"
scene creating,1,0.002,"noun,verb"
ethereal atmosphere,1,0.002,"noun,adv"
atmosphere overall,1,0.002,"adv,adj"
presents an,1,0.002,"noun,other"
idyllic pastoral,1,0.002,"verb,adj"
evoke themes,1,0.002,"verb,noun"
nature music,1,0.002,"adj,noun"
music and,1,0.002,"noun,other"
and poetry,1,0.002,"other,noun"
poetry all,1,0.002,"noun,other"
all key,1,0.002,"other,adj"
in romantic,1,0.002,"other,adj"
individual leaves,1,0.002,"adj,verb"
leaves on,1,0.002,"verb,other"
plants to,1,0.002,"noun,other"
several fishing,1,0.002,"adj,verb"
yellow adding,1,0.002,"adj,verb"
the lively,1,0.002,"other,adv"
lively atmosphere,1,0.002,"adv,adv"
atmosphere they,1,0.002,"adv,other"
are beached,1,0.002,"verb,verb"
beached on,1,0.002,"verb,other"
sand which,1,0.002,"noun,other"
water surrounding,1,0.002,"noun,verb"
boats is,1,0.002,"noun,verb"
blue contrasting,1,0.002,"noun,verb"
and boats,1,0.002,"other,noun"
deep rich,1,0.002,"adj,adj"
rich color,1,0.002,"adj,noun"
color possibly,1,0.002,"noun,adv"
possibly blue,1,0.002,"adv,noun"
blue or,1,0.002,"noun,other"
or purple,1,0.002,"other,noun"
purple suggesting,1,0.002,"noun,verb"
suggesting either,1,0.002,"verb,other"
dusk due,1,0.002,"noun,adj"
its intensity,1,0.002,"other,noun"
are dynamic,1,0.002,"verb,adj"
dynamic characteristic,1,0.002,"adj,adj"
often involves,1,0.002,"adv,verb"
involves bold,1,0.002,"verb,verb"
expressive lines,1,0.002,"adj,noun"
lines in,1,0.002,"noun,other"
vegetation or,1,0.002,"noun,other"
seaweed further,1,0.002,"noun,adv"
matter reflect,1,0.002,"noun,verb"
reflect a,1,0.002,"verb,other"
work where,1,0.002,"verb,other"
he frequently,1,0.002,"other,adv"
frequently depicted,1,0.002,"adv,verb"
from rural,1,0.002,"other,adj"
rural life,1,0.002,"adj,noun"
wooden armchair,1,0.002,"adj,noun"
and slender,1,0.002,"other,noun"
slender legs,1,0.002,"noun,noun"
legs situated,1,0.002,"noun,verb"
carpet that,1,0.002,"noun,other"
be floral,1,0.002,"verb,adj"
vibrant featuring,1,0.002,"adj,noun"
green yellow,1,0.002,"adj,adj"
yellow red,1,0.002,"adj,adj"
lines intersect,1,0.002,"noun,adj"
intersect giving,1,0.002,"adj,verb"
energy in,1,0.002,"noun,other"
chair there,1,0.002,"noun,other"
a candle,1,0.002,"other,noun"
candle perched,1,0.002,"noun,verb"
perched atop,1,0.002,"verb,noun"
atop it,1,0.002,"noun,other"
yellow which,1,0.002,"adj,other"
background contrasts,1,0.002,"noun,noun"
as green,1,0.002,"other,adj"
blue creating,1,0.002,"noun,verb"
impressionist aesthetic,1,0.002,"adj,adj"
of vincent,1,0.002,"other,adj"
impressionist approach,1,0.002,"adj,noun"
approach characterized,1,0.002,"noun,verb"
brushstrokes bright,1,0.002,"noun,verb"
itself could,1,0.002,"other,other"
seen as,1,0.002,"verb,other"
symbol perhaps,1,0.002,"verb,adv"
perhaps representing,1,0.002,"adv,verb"
representing paul,1,0.002,"verb,verb"
gauguin or,1,0.002,"verb,other"
influence he,1,0.002,"noun,other"
he had,1,0.002,"other,verb"
had on,1,0.002,"verb,other"
on van,1,0.002,"other,noun"
s artistic,1,0.002,"noun,adj"
artistic development,1,0.002,"adj,noun"
development it,1,0.002,"noun,other"
to van,1,0.002,"other,noun"
form a,1,0.002,"noun,other"
indeed portrait,1,0.002,"adv,verb"
of postman,1,0.002,"other,adj"
postman roulin,1,0.002,"adj,adj"
roulin created,1,0.002,"adj,verb"
gogh during,1,0.002,"noun,other"
time at,1,0.002,"noun,other"
at arles,1,0.002,"other,noun"
arles in,1,0.002,"noun,other"
the south,1,0.002,"other,adj"
south of,1,0.002,"adj,other"
of france,1,0.002,"other,noun"
france the,1,0.002,"noun,other"
portrait depicts,1,0.002,"verb,noun"
mustache wearing,1,0.002,"verb,verb"
jacket van,1,0.002,"noun,noun"
gogh used,1,0.002,"noun,adj"
used his,1,0.002,"adj,other"
his characteristic,1,0.002,"other,adj"
characteristic thick,1,0.002,"adj,adj"
thick brushstrokes,1,0.002,"adj,noun"
brushstrokes to,1,0.002,"noun,other"
the postman,1,0.002,"other,adj"
postman s,1,0.002,"adj,noun"
yellow label,1,0.002,"adj,noun"
label which,1,0.002,"noun,other"
jacket the,1,0.002,"noun,other"
light along,1,0.002,"adj,other"
the bold,1,0.002,"other,verb"
to portraiture,1,0.002,"other,verb"
portraiture and,1,0.002,"verb,other"
and representational,1,0.002,"other,adj"
representational art,1,0.002,"adj,noun"
art this,1,0.002,"noun,other"
particular painting,1,0.002,"adj,verb"
of portraits,1,0.002,"other,noun"
that van,1,0.002,"other,noun"
gogh did,1,0.002,"noun,verb"
did including,1,0.002,"verb,verb"
including other,1,0.002,"verb,adj"
other members,1,0.002,"adj,noun"
the roulin,1,0.002,"other,adj"
roulin family,1,0.002,"adj,noun"
with sunflowers,1,0.002,"other,noun"
sunflowers rendered,1,0.002,"noun,verb"
simple background,1,0.002,"noun,noun"
that allows,1,0.002,"other,verb"
allows them,1,0.002,"verb,other"
prominently each,1,0.002,"adv,other"
is painted,1,0.002,"verb,verb"
vibrant palette,1,0.002,"adj,noun"
by yellows,1,0.002,"other,noun"
the lifeglow,1,0.002,"other,adj"
lifeglow of,1,0.002,"adj,other"
the sunflowers,1,0.002,"other,noun"
sunflowers the,1,0.002,"noun,other"
vase itself,1,0.002,"noun,other"
is round,1,0.002,"verb,noun"
round and,1,0.002,"noun,other"
white providing,1,0.002,"adj,verb"
the colorful,1,0.002,"other,adj"
colorful blooms,1,0.002,"adj,noun"
blooms there,1,0.002,"noun,other"
textured quality,1,0.002,"adj,noun"
quality to,1,0.002,"noun,other"
each petal,1,0.002,"other,adj"
petal and,1,0.002,"adj,other"
and leaf,1,0.002,"other,verb"
leaf rendered,1,0.002,"verb,verb"
with care,1,0.002,"other,noun"
s still,1,0.002,"noun,adv"
life works,1,0.002,"noun,verb"
dynamic landscape,1,0.002,"adj,noun"
japonism as,1,0.002,"noun,other"
as evident,1,0.002,"other,adj"
evident from,1,0.002,"adj,other"
lines contrasting,1,0.002,"noun,verb"
stylized forms,1,0.002,"verb,noun"
forms it,1,0.002,"noun,other"
the langlois,1,0.002,"other,noun"
langlois bridge,1,0.002,"noun,noun"
bridge and,1,0.002,"noun,other"
gogh in,1,0.002,"noun,other"
several people,1,0.002,"adj,noun"
people engaged,1,0.002,"noun,verb"
activities near,1,0.002,"noun,other"
waterway some,1,0.002,"adv,other"
some appear,1,0.002,"other,verb"
be interacting,1,0.002,"verb,verb"
interacting with,1,0.002,"verb,other"
boat that,1,0.002,"verb,other"
is docked,1,0.002,"verb,adj"
docked or,1,0.002,"adj,other"
or resting,1,0.002,"other,verb"
the people,1,0.002,"other,noun"
people are,1,0.002,"noun,verb"
or peasant,1,0.002,"other,adj"
peasant lifestyle,1,0.002,"adj,noun"
lifestyle the,1,0.002,"noun,other"
bridge itself,1,0.002,"noun,other"
itself spans,1,0.002,"other,noun"
the width,1,0.002,"other,adj"
width of,1,0.002,"adj,other"
and over,1,0.002,"other,other"
water it,1,0.002,"noun,other"
s designed,1,0.002,"noun,verb"
designed as,1,0.002,"verb,other"
simple sturdy,1,0.002,"noun,adj"
sturdy structure,1,0.002,"adj,noun"
with arches,1,0.002,"other,noun"
arches and,1,0.002,"noun,other"
be railings,1,0.002,"verb,verb"
railings for,1,0.002,"verb,other"
for pedestrians,1,0.002,"other,noun"
pedestrians the,1,0.002,"noun,other"
used on,1,0.002,"adj,other"
bridge contrast,1,0.002,"noun,noun"
central feature,1,0.002,"adj,noun"
of trees,1,0.002,"other,noun"
and suggest,1,0.002,"other,noun"
or natural,1,0.002,"other,adj"
setting above,1,0.002,"verb,other"
and openness,1,0.002,"other,adv"
openness the,1,0.002,"adv,other"
color throughout,1,0.002,"noun,other"
greens dominating,1,0.002,"noun,adj"
landscape elements,1,0.002,"noun,noun"
blues providing,1,0.002,"noun,verb"
a cool,1,0.002,"other,noun"
cool counterpoint,1,0.002,"noun,noun"
counterpoint for,1,0.002,"noun,other"
showcases van,1,0.002,"verb,noun"
unique interpretation,1,0.002,"adj,noun"
japonism which,1,0.002,"noun,other"
he absorbed,1,0.002,"other,adj"
absorbed during,1,0.002,"adj,other"
in paris,1,0.002,"other,adj"
paris when,1,0.002,"adj,other"
when japanese,1,0.002,"other,adj"
japanese prints,1,0.002,"adj,noun"
prints were,1,0.002,"noun,verb"
were highly,1,0.002,"verb,adv"
highly fashionable,1,0.002,"adv,adj"
fashionable among,1,0.002,"adj,other"
among artists,1,0.002,"other,noun"
artists this,1,0.002,"noun,other"
this influence,1,0.002,"other,noun"
the flat,1,0.002,"other,adj"
the simplified,1,0.002,"other,adj"
blue jacket,1,0.002,"noun,noun"
collar sitting,1,0.002,"noun,verb"
sitting with,1,0.002,"verb,other"
if deep,1,0.002,"other,adj"
perhaps bored,1,0.002,"adv,adj"
bored he,1,0.002,"adj,other"
has red,1,0.002,"verb,adj"
a sailor,1,0.002,"other,noun"
sailor hat,1,0.002,"noun,other"
reds being,1,0.002,"verb,verb"
being dominant,1,0.002,"verb,verb"
dominant creating,1,0.002,"verb,verb"
expressive and,1,0.002,"adj,other"
somewhat moody,1,0.002,"adv,noun"
moody atmosphere,1,0.002,"noun,adv"
often uses,1,0.002,"adv,noun"
uses color,1,0.002,"noun,noun"
as much,1,0.002,"other,adj"
much as,1,0.002,"adj,other"
as physical,1,0.002,"other,adj"
s brushwork,1,0.002,"noun,noun"
and contributes,1,0.002,"other,noun"
small room,1,0.002,"adj,noun"
distinctly post,1,0.002,"adv,noun"
by vivid,1,0.002,"other,other"
red bedding,1,0.002,"adj,verb"
bedding against,1,0.002,"verb,other"
wall flanked,1,0.002,"noun,adj"
flanked by,1,0.002,"adj,other"
two chairs,1,0.002,"other,noun"
chairs one,1,0.002,"noun,other"
on each,1,0.002,"other,other"
each side,1,0.002,"other,verb"
side both,1,0.002,"verb,other"
both upholstered,1,0.002,"other,adj"
upholstered in,1,0.002,"adj,other"
in green,1,0.002,"other,adj"
green fabric,1,0.002,"adj,adj"
fabric a,1,0.002,"adj,other"
wooden dresser,1,0.002,"adj,noun"
dresser is,1,0.002,"noun,verb"
situated next,1,0.002,"verb,adj"
chairs on,1,0.002,"noun,other"
wall there,1,0.002,"noun,other"
three framed,1,0.002,"other,verb"
pictures and,1,0.002,"noun,other"
features blue,1,0.002,"noun,noun"
blue walls,1,0.002,"noun,noun"
walls that,1,0.002,"noun,other"
overall warm,1,0.002,"adj,adj"
palette the,1,0.002,"noun,other"
floor appears,1,0.002,"noun,verb"
appears worn,1,0.002,"verb,adj"
worn with,1,0.002,"adj,other"
visible wood,1,0.002,"adj,noun"
grain pattern,1,0.002,"noun,adj"
is bathed,1,0.002,"verb,verb"
bathed in,1,0.002,"verb,other"
open door,1,0.002,"adj,noun"
or window,1,0.002,"other,verb"
a hallway,1,0.002,"other,noun"
hallway within,1,0.002,"noun,other"
building presumably,1,0.002,"noun,adv"
the entrance,1,0.002,"other,noun"
entrance hall,1,0.002,"noun,noun"
saint paul,1,0.002,"adj,verb"
paul hospital,1,0.002,"verb,noun"
hospital as,1,0.002,"noun,other"
its post,1,0.002,"other,noun"
the hallway,1,0.002,"other,noun"
hallway has,1,0.002,"noun,verb"
has arched,1,0.002,"verb,adj"
doorways at,1,0.002,"verb,other"
both ends,1,0.002,"other,verb"
ends with,1,0.002,"verb,other"
large window,1,0.002,"adj,verb"
window letting,1,0.002,"verb,verb"
letting in,1,0.002,"verb,other"
in natural,1,0.002,"other,adj"
at one,1,0.002,"other,other"
one end,1,0.002,"other,noun"
end a,1,0.002,"noun,other"
small garden,1,0.002,"adj,noun"
garden can,1,0.002,"noun,other"
be glimpsed,1,0.002,"verb,verb"
glimpsed through,1,0.002,"verb,other"
open doors,1,0.002,"adj,noun"
doors on,1,0.002,"noun,other"
greenery to,1,0.002,"noun,other"
otherwise architectural,1,0.002,"adv,adj"
architectural interior,1,0.002,"adj,adj"
are adorned,1,0.002,"verb,verb"
be framed,1,0.002,"verb,verb"
or documents,1,0.002,"other,noun"
documents suggesting,1,0.002,"noun,verb"
an institutional,1,0.002,"other,adj"
institutional setting,1,0.002,"adj,verb"
some personal,1,0.002,"other,adj"
personal touches,1,0.002,"adj,noun"
touches the,1,0.002,"noun,other"
floor has,1,0.002,"noun,verb"
has wooden,1,0.002,"verb,adj"
wooden panels,1,0.002,"adj,noun"
panels and,1,0.002,"noun,other"
a staircase,1,0.002,"other,noun"
staircase leading,1,0.002,"noun,verb"
leading to,1,0.002,"verb,other"
upper level,1,0.002,"adj,noun"
level visible,1,0.002,"noun,adj"
visible through,1,0.002,"adj,other"
through one,1,0.002,"other,other"
the arched,1,0.002,"other,adj"
doorways on,1,0.002,"verb,other"
melancholic which,1,0.002,"adj,other"
contrasting cooler,1,0.002,"verb,verb"
tones adds,1,0.002,"noun,verb"
simple wooden,1,0.002,"noun,adj"
a woven,1,0.002,"other,adv"
woven seat,1,0.002,"adv,noun"
seat placed,1,0.002,"noun,verb"
placed centrally,1,0.002,"verb,adv"
centrally against,1,0.002,"adv,other"
and abstract,1,0.002,"other,adj"
abstract brushstrokes,1,0.002,"adj,noun"
shapes filled,1,0.002,"noun,verb"
as yellow,1,0.002,"other,adj"
red there,1,0.002,"adj,other"
texts on,1,0.002,"noun,other"
subdued color,1,0.002,"verb,noun"
palette compared,1,0.002,"noun,verb"
vibrant surroundings,1,0.002,"adj,noun"
of complementary,1,0.002,"other,adj"
complementary colors,1,0.002,"adj,noun"
for depth,1,0.002,"other,adj"
and effect,1,0.002,"other,noun"
bench outside,1,0.002,"noun,adj"
outside a,1,0.002,"adj,other"
building that,1,0.002,"noun,other"
in disrepair,1,0.002,"other,noun"
disrepair she,1,0.002,"noun,other"
styled with,1,0.002,"verb,other"
headscarf the,1,0.002,"noun,other"
seated possibly,1,0.002,"verb,adv"
possibly embroidered,1,0.002,"adv,adj"
embroidered or,1,0.002,"adj,other"
or sewing,1,0.002,"other,verb"
sewing something,1,0.002,"verb,noun"
something as,1,0.002,"noun,other"
the small,1,0.002,"other,adj"
shadow there,1,0.002,"verb,other"
depth due,1,0.002,"adj,adj"
building and,1,0.002,"noun,other"
the shadows,1,0.002,"other,verb"
is varied,1,0.002,"verb,adj"
varied but,1,0.002,"adj,other"
but dominated,1,0.002,"other,verb"
and whites,1,0.002,"other,noun"
whites providing,1,0.002,"noun,verb"
contrast especially,1,0.002,"noun,adv"
a mood,1,0.002,"other,noun"
mood that,1,0.002,"noun,other"
or introspective,1,0.002,"other,adj"
introspective for,1,0.002,"adj,other"
girl given,1,0.002,"noun,verb"
her focused,1,0.002,"other,verb"
focused gaze,1,0.002,"verb,noun"
gaze and,1,0.002,"noun,other"
and surreal,1,0.002,"other,adj"
surreal depiction,1,0.002,"adj,noun"
a ram,1,0.002,"other,adj"
ram with,1,0.002,"adj,other"
with strikingly,1,0.002,"other,adv"
strikingly large,1,0.002,"adv,adj"
large curved,1,0.002,"adj,verb"
curved horns,1,0.002,"verb,noun"
horns that,1,0.002,"noun,other"
which serves,1,0.002,"other,noun"
ram s,1,0.002,"adj,noun"
s imposing,1,0.002,"noun,verb"
imposing figure,1,0.002,"verb,noun"
traditional folk,1,0.002,"adj,verb"
or stained,1,0.002,"other,verb"
stained glass,1,0.002,"verb,noun"
glass windows,1,0.002,"noun,noun"
windows giving,1,0.002,"noun,verb"
intricate quality,1,0.002,"noun,noun"
ram itself,1,0.002,"adj,other"
itself has,1,0.002,"other,verb"
its face,1,0.002,"other,verb"
a calmly,1,0.002,"other,adj"
calmly closed,1,0.002,"adj,verb"
closed eye,1,0.002,"verb,noun"
eye which,1,0.002,"noun,other"
more aggressive,1,0.002,"adv,adj"
aggressive associations,1,0.002,"adj,noun"
associations that,1,0.002,"noun,other"
that rams,1,0.002,"other,noun"
rams often,1,0.002,"noun,adv"
often carry,1,0.002,"adv,verb"
carry due,1,0.002,"verb,adj"
and strength,1,0.002,"other,noun"
strength this,1,0.002,"noun,other"
this juxtaposition,1,0.002,"other,noun"
juxtaposition adds,1,0.002,"noun,verb"
of irony,1,0.002,"other,adj"
irony or,1,0.002,"adj,other"
or surprise,1,0.002,"other,noun"
surprise that,1,0.002,"noun,other"
artwork may,1,0.002,"noun,other"
ways reflecting,1,0.002,"noun,verb"
individual viewer,1,0.002,"adj,noun"
perspective on,1,0.002,"adj,other"
on themes,1,0.002,"other,noun"
as peace,1,0.002,"other,noun"
peace power,1,0.002,"noun,noun"
power or,1,0.002,"noun,other"
or nature,1,0.002,"other,adj"
classical nude,1,0.002,"adj,adj"
nude female,1,0.002,"adj,adj"
figure identified,1,0.002,"noun,verb"
as actaea,1,0.002,"other,noun"
actaea who,1,0.002,"noun,other"
portrayed as,1,0.002,"verb,other"
a nymph,1,0.002,"other,adj"
nymph from,1,0.002,"adj,other"
shore she,1,0.002,"noun,other"
rocky or,1,0.002,"adj,other"
or sandy,1,0.002,"other,adj"
sandy surface,1,0.002,"adj,noun"
surface near,1,0.002,"noun,other"
small figures,1,0.002,"adj,noun"
resemble dolphins,1,0.002,"adj,noun"
dolphins adding,1,0.002,"noun,verb"
of academicism,1,0.002,"other,noun"
academicism which,1,0.002,"noun,other"
precise realistic,1,0.002,"adj,adj"
and idealized,1,0.002,"other,adj"
idealized portrayals,1,0.002,"adj,noun"
of mythological,1,0.002,"other,adj"
mythological or,1,0.002,"adj,other"
historical subjects,1,0.002,"adj,noun"
a muted,1,0.002,"other,verb"
muted palette,1,0.002,"verb,noun"
gentle nature,1,0.002,"adj,adj"
mount vesuvius,1,0.002,"noun,verb"
vesuvius a,1,0.002,"verb,other"
famous volcano,1,0.002,"adj,noun"
volcano near,1,0.002,"noun,other"
near naples,1,0.002,"other,noun"
naples italy,1,0.002,"noun,noun"
italy the,1,0.002,"noun,other"
lines to,1,0.002,"noun,other"
volcanic eruption,1,0.002,"adj,noun"
eruption with,1,0.002,"noun,other"
the volcano,1,0.002,"other,noun"
volcano is,1,0.002,"noun,verb"
often characterized,1,0.002,"adv,verb"
on mass,1,0.002,"other,noun"
media the,1,0.002,"noun,other"
composition gives,1,0.002,"noun,verb"
gives an,1,0.002,"verb,other"
dramatic natural,1,0.002,"adj,adj"
natural event,1,0.002,"adj,noun"
event being,1,0.002,"noun,verb"
being captured,1,0.002,"verb,verb"
graphic perhaps,1,0.002,"adj,adv"
perhaps even,1,0.002,"adv,adv"
even iconic,1,0.002,"adv,adj"
iconic manner,1,0.002,"adj,adj"
that andy,1,0.002,"other,noun"
profile rendered,1,0.002,"adj,verb"
yellow colors,1,0.002,"adj,noun"
with black,1,0.002,"other,adj"
split into,1,0.002,"noun,other"
two contrasting,1,0.002,"other,verb"
contrasting halves,1,0.002,"verb,noun"
side appears,1,0.002,"verb,verb"
or light,1,0.002,"other,adj"
light grey,1,0.002,"adj,adj"
grey while,1,0.002,"adj,other"
is bright,1,0.002,"verb,verb"
yellow creating,1,0.002,"adj,verb"
strong visual,1,0.002,"adj,adj"
visual contrast,1,0.002,"adj,noun"
clear graphic,1,0.002,"adj,adj"
subject over,1,0.002,"adj,other"
over subtle,1,0.002,"other,adj"
appearance with,1,0.002,"noun,other"
with minimal,1,0.002,"other,adj"
shading which,1,0.002,"verb,other"
of jane,1,0.002,"other,noun"
fonda in,1,0.002,"noun,other"
distinct pop,1,0.002,"adj,noun"
with artist,1,0.002,"other,noun"
showcases jane,1,0.002,"verb,noun"
fonda s,1,0.002,"noun,noun"
face against,1,0.002,"verb,other"
bold background,1,0.002,"verb,noun"
that transitions,1,0.002,"other,noun"
transitions from,1,0.002,"noun,other"
from blue,1,0.002,"other,noun"
blue at,1,0.002,"noun,other"
a warmer,1,0.002,"other,noun"
warmer color,1,0.002,"noun,noun"
color near,1,0.002,"noun,other"
gradient effect,1,0.002,"adj,noun"
effect her,1,0.002,"noun,other"
pronounced cheekbones,1,0.002,"verb,noun"
cheekbones and,1,0.002,"noun,other"
lips the,1,0.002,"verb,other"
and stark,1,0.002,"other,adj"
stark lines,1,0.002,"adj,noun"
genre emphasizing,1,0.002,"noun,verb"
emphasizing visual,1,0.002,"verb,adj"
impact over,1,0.002,"noun,other"
painting includes,1,0.002,"verb,verb"
includes typical,1,0.002,"verb,adj"
typical pop,1,0.002,"adj,noun"
art motifs,1,0.002,"noun,noun"
motifs such,1,0.002,"noun,adj"
palette exaggerated,1,0.002,"noun,adj"
that help,1,0.002,"other,noun"
help define,1,0.002,"noun,noun"
s contours,1,0.002,"noun,noun"
artwork with,1,0.002,"noun,other"
aesthetic reminiscent,1,0.002,"adj,adj"
warhol it,1,0.002,"noun,other"
four panels,1,0.002,"other,noun"
or pictures,1,0.002,"other,noun"
pictures arranged,1,0.002,"noun,verb"
two by,1,0.002,"other,other"
two grid,1,0.002,"other,adj"
grid each,1,0.002,"adj,other"
each depicting,1,0.002,"other,noun"
depicting the,1,0.002,"noun,other"
cat against,1,0.002,"noun,other"
color background,1,0.002,"noun,noun"
the backgrounds,1,0.002,"other,noun"
backgrounds are,1,0.002,"noun,verb"
and seem,1,0.002,"other,noun"
to shift,1,0.002,"other,noun"
shift from,1,0.002,"noun,other"
panel to,1,0.002,"noun,other"
the next,1,0.002,"other,adj"
next creating,1,0.002,"adj,verb"
colorful pattern,1,0.002,"adj,adj"
pattern across,1,0.002,"adj,other"
artwork each,1,0.002,"noun,other"
each cat,1,0.002,"other,noun"
cat is,1,0.002,"noun,verb"
expression looking,1,0.002,"noun,verb"
the cats,1,0.002,"other,noun"
cats have,1,0.002,"noun,verb"
have distinctive,1,0.002,"verb,adj"
distinctive features,1,0.002,"adj,noun"
like stripes,1,0.002,"other,noun"
stripes and,1,0.002,"noun,other"
and spots,1,0.002,"other,noun"
spots on,1,0.002,"noun,other"
faces suggesting,1,0.002,"verb,verb"
be domestic,1,0.002,"verb,adj"
domestic shorthair,1,0.002,"adj,noun"
shorthair or,1,0.002,"noun,other"
or tabby,1,0.002,"other,adj"
tabby types,1,0.002,"adj,verb"
types the,1,0.002,"verb,other"
same subject,1,0.002,"adj,adj"
matter across,1,0.002,"noun,other"
different panels,1,0.002,"adj,noun"
panels are,1,0.002,"noun,verb"
often includes,1,0.002,"adv,verb"
bold graphics,1,0.002,"verb,noun"
graphics and,1,0.002,"noun,other"
on consumer,1,0.002,"other,noun"
and advertising,1,0.002,"other,noun"
advertising the,1,0.002,"noun,other"
title com,1,0.002,"noun,noun"
com is,1,0.002,"noun,verb"
not explained,1,0.002,"adv,verb"
explained in,1,0.002,"verb,other"
in your,1,0.002,"other,other"
your description,1,0.002,"other,noun"
description however,1,0.002,"noun,adv"
an acronym,1,0.002,"other,verb"
acronym or,1,0.002,"verb,other"
or abbreviation,1,0.002,"other,adj"
abbreviation related,1,0.002,"adj,adj"
content context,1,0.002,"noun,adj"
vibrant piece,1,0.002,"adj,noun"
warhol titled,1,0.002,"noun,verb"
titled volkswagen,1,0.002,"verb,noun"
volkswagen and,1,0.002,"noun,other"
a volkswagen,1,0.002,"other,noun"
volkswagen beetle,1,0.002,"noun,adj"
beetle car,1,0.002,"adj,noun"
car rendered,1,0.002,"noun,verb"
dynamic presence,1,0.002,"adj,noun"
presence against,1,0.002,"noun,other"
pink background,1,0.002,"adj,noun"
car s,1,0.002,"noun,noun"
s design,1,0.002,"noun,noun"
is iconic,1,0.002,"verb,adj"
iconic with,1,0.002,"adj,other"
its rounded,1,0.002,"other,adj"
rounded shape,1,0.002,"adj,noun"
and compact,1,0.002,"other,adj"
compact structure,1,0.002,"adj,noun"
structure immediately,1,0.002,"noun,adv"
immediately recognizable,1,0.002,"adv,adj"
recognizable the,1,0.002,"adj,other"
title volkswagen,1,0.002,"noun,noun"
volkswagen is,1,0.002,"noun,verb"
displayed at,1,0.002,"adj,other"
matter is,1,0.002,"noun,verb"
is specifically,1,0.002,"verb,adv"
specifically about,1,0.002,"adv,other"
about this,1,0.002,"other,other"
this make,1,0.002,"other,verb"
make of,1,0.002,"verb,other"
signature technique,1,0.002,"noun,noun"
technique in,1,0.002,"noun,other"
often utilized,1,0.002,"adv,adj"
utilized repetition,1,0.002,"adj,noun"
repetition and,1,0.002,"noun,other"
convey his,1,0.002,"noun,other"
subjects creating,1,0.002,"noun,verb"
mass production,1,0.002,"noun,noun"
production typical,1,0.002,"noun,adj"
of consumer,1,0.002,"other,noun"
consumer goods,1,0.002,"noun,noun"
goods and,1,0.002,"noun,other"
culture themes,1,0.002,"noun,noun"
themes within,1,0.002,"noun,other"
within pop,1,0.002,"other,noun"
text at,1,0.002,"other,other"
bottom provides,1,0.002,"noun,verb"
provides additional,1,0.002,"verb,adj"
context stating,1,0.002,"adj,verb"
stating volkswagen,1,0.002,"verb,noun"
volkswagen as,1,0.002,"noun,other"
piece and,1,0.002,"noun,other"
and identifying,1,0.002,"other,noun"
identifying andy,1,0.002,"noun,noun"
this further,1,0.002,"other,adv"
emphasizes that,1,0.002,"verb,other"
a car,1,0.002,"other,noun"
car but,1,0.002,"noun,other"
but an,1,0.002,"other,other"
by one,1,0.002,"other,other"
most celebrated,1,0.002,"adv,verb"
celebrated artists,1,0.002,"verb,noun"
artists in,1,0.002,"noun,other"
on citrus,1,0.002,"other,noun"
citrus fruits,1,0.002,"noun,noun"
several tangerines,1,0.002,"adj,noun"
tangerines arranged,1,0.002,"noun,verb"
casually placed,1,0.002,"adv,verb"
a shallow,1,0.002,"other,adj"
shallow bowl,1,0.002,"adj,noun"
or dish,1,0.002,"other,adj"
dish the,1,0.002,"adj,other"
bowl appears,1,0.002,"noun,verb"
made of,1,0.002,"verb,other"
dark wood,1,0.002,"adj,noun"
wood contrasting,1,0.002,"noun,verb"
color of,1,0.002,"noun,other"
fruit and,1,0.002,"noun,other"
table beneath,1,0.002,"noun,noun"
beneath to,1,0.002,"noun,other"
single tangerine,1,0.002,"adj,adj"
tangerine with,1,0.002,"adj,other"
skin intact,1,0.002,"noun,adj"
intact suggesting,1,0.002,"adj,verb"
not yet,1,0.002,"adv,adv"
yet peeled,1,0.002,"adv,verb"
peeled at,1,0.002,"verb,other"
another partially,1,0.002,"other,adv"
partially peeled,1,0.002,"adv,verb"
peeled tangerine,1,0.002,"verb,adj"
tangerine or,1,0.002,"adj,other"
or orange,1,0.002,"other,noun"
several segments,1,0.002,"adj,noun"
segments visible,1,0.002,"noun,adj"
visible offering,1,0.002,"adj,verb"
offering a,1,0.002,"verb,other"
fruit s,1,0.002,"noun,noun"
bowl sits,1,0.002,"noun,noun"
sits has,1,0.002,"noun,verb"
textured surface,1,0.002,"adj,noun"
be wood,1,0.002,"verb,noun"
grain and,1,0.002,"noun,other"
be some,1,0.002,"verb,other"
of decoration,1,0.002,"other,noun"
decoration or,1,0.002,"noun,other"
or motif,1,0.002,"other,noun"
motif along,1,0.002,"noun,other"
edge where,1,0.002,"noun,other"
it meets,1,0.002,"other,verb"
background in,1,0.002,"noun,other"
signature paul,1,0.002,"noun,verb"
gauguin indicating,1,0.002,"verb,verb"
cloisonnism which,1,0.002,"noun,other"
movement that,1,0.002,"noun,other"
emphasized strong,1,0.002,"verb,adj"
achieve decorative,1,0.002,"verb,adj"
decorative effect,1,0.002,"adj,noun"
centuries known,1,0.002,"noun,verb"
simplicity clarity,1,0.002,"noun,noun"
clarity and,1,0.002,"noun,other"
ground with,1,0.002,"noun,other"
body partially,1,0.002,"noun,adv"
partially covered,1,0.002,"adv,verb"
covered by,1,0.002,"verb,other"
by patterned,1,0.002,"other,verb"
patterned fabric,1,0.002,"verb,adj"
fabric or,1,0.002,"adj,other"
possibly grass,1,0.002,"adv,noun"
grass she,1,0.002,"noun,other"
is bent,1,0.002,"verb,adj"
bent at,1,0.002,"adj,other"
the elbow,1,0.002,"other,verb"
elbow and,1,0.002,"verb,other"
down towards,1,0.002,"adv,noun"
her are,1,0.002,"other,verb"
more fruits,1,0.002,"adv,noun"
flowers arranged,1,0.002,"noun,verb"
surface with,1,0.002,"noun,other"
features lush,1,0.002,"noun,noun"
a waterfall,1,0.002,"other,adj"
waterfall suggesting,1,0.002,"adj,verb"
or subtropical,1,0.002,"other,adj"
subtropical setting,1,0.002,"adj,verb"
saturated contributing,1,0.002,"verb,verb"
overall vibrant,1,0.002,"adj,adj"
colors thick,1,0.002,"noun,adj"
thick brushwork,1,0.002,"adj,noun"
often symbolic,1,0.002,"adv,adj"
symbolic subject,1,0.002,"adj,adj"
matter gauguin,1,0.002,"noun,verb"
clear separation,1,0.002,"adj,noun"
separation between,1,0.002,"noun,other"
different areas,1,0.002,"adj,noun"
composition giving,1,0.002,"noun,verb"
giving each,1,0.002,"verb,other"
element its,1,0.002,"noun,other"
distinct presence,1,0.002,"adj,noun"
body fully,1,0.002,"noun,adv"
fully exposed,1,0.002,"adv,verb"
exposed and,1,0.002,"verb,other"
and facing,1,0.002,"other,verb"
image she,1,0.002,"noun,other"
be asleep,1,0.002,"verb,adj"
asleep or,1,0.002,"adj,other"
or relaxed,1,0.002,"other,verb"
with closed,1,0.002,"other,verb"
closed eyes,1,0.002,"verb,noun"
room around,1,0.002,"noun,other"
colors primarily,1,0.002,"noun,adv"
primarily in,1,0.002,"adv,other"
and orange,1,0.002,"other,noun"
orange which,1,0.002,"noun,other"
and sensuality,1,0.002,"other,noun"
sensuality in,1,0.002,"noun,other"
traditional tahitian,1,0.002,"adj,adj"
tahitian attire,1,0.002,"adj,noun"
doorway on,1,0.002,"verb,other"
figure adds,1,0.002,"noun,verb"
mystery or,1,0.002,"noun,other"
or otherworldliness,1,0.002,"other,adv"
otherworldliness to,1,0.002,"adv,other"
it contrasts,1,0.002,"other,noun"
the modernistic,1,0.002,"other,adj"
modernistic style,1,0.002,"adj,noun"
in symbolism,1,0.002,"other,noun"
is considered,1,0.002,"verb,verb"
considered one,1,0.002,"verb,other"
most significant,1,0.002,"adv,adj"
significant works,1,0.002,"adj,verb"
the spirit,1,0.002,"other,verb"
spirit of,1,0.002,"verb,other"
the dead,1,0.002,"other,adj"
dead watches,1,0.002,"adj,noun"
watches refers,1,0.002,"noun,noun"
that a,1,0.002,"other,other"
a deceased,1,0.002,"other,adj"
deceased loved,1,0.002,"adj,verb"
loved one,1,0.002,"verb,other"
one or,1,0.002,"other,other"
or ancestor,1,0.002,"other,noun"
ancestor is,1,0.002,"noun,verb"
is always,1,0.002,"verb,adv"
always present,1,0.002,"adv,adj"
present observing,1,0.002,"adj,verb"
observing from,1,0.002,"verb,other"
from beyond,1,0.002,"other,other"
somber yet,1,0.002,"noun,adv"
yet tender,1,0.002,"adv,noun"
tender blending,1,0.002,"noun,noun"
blending elements,1,0.002,"noun,noun"
of reality,1,0.002,"other,noun"
reality with,1,0.002,"noun,other"
with those,1,0.002,"other,other"
those drawn,1,0.002,"other,noun"
from mythology,1,0.002,"other,noun"
personal reflection,1,0.002,"adj,noun"
reflection gauguin,1,0.002,"noun,verb"
work reflects,1,0.002,"verb,verb"
period where,1,0.002,"noun,other"
he sought,1,0.002,"other,verb"
explore new,1,0.002,"other,adj"
new ways,1,0.002,"adj,noun"
ways of,1,0.002,"noun,other"
of depicting,1,0.002,"other,noun"
depicting figures,1,0.002,"noun,noun"
scenes that,1,0.002,"noun,other"
were influenced,1,0.002,"verb,adj"
by non,1,0.002,"other,adj"
western art,1,0.002,"adj,noun"
forms particularly,1,0.002,"noun,adv"
particularly from,1,0.002,"adv,other"
the regions,1,0.002,"other,noun"
regions like,1,0.002,"noun,other"
like tahiti,1,0.002,"other,noun"
tahiti where,1,0.002,"noun,other"
he lived,1,0.002,"other,verb"
lived for,1,0.002,"verb,other"
significant part,1,0.002,"adj,noun"
titled annah,1,0.002,"verb,noun"
annah the,1,0.002,"noun,other"
the javanese,1,0.002,"other,adj"
javanese created,1,0.002,"adj,verb"
gauguin the,1,0.002,"verb,other"
the cloisonnism,1,0.002,"other,noun"
cloisonnism style,1,0.002,"noun,noun"
is identifiable,1,0.002,"verb,adj"
skin sitting,1,0.002,"noun,verb"
chair while,1,0.002,"noun,other"
hand rests,1,0.002,"noun,noun"
lap her,1,0.002,"noun,other"
of relaxation,1,0.002,"other,noun"
contemplation she,1,0.002,"noun,other"
earrings adding,1,0.002,"noun,verb"
small monkey,1,0.002,"adj,adj"
monkey sitting,1,0.002,"adj,verb"
floor next,1,0.002,"noun,adj"
s foot,1,0.002,"noun,noun"
foot the,1,0.002,"noun,other"
or plants,1,0.002,"other,noun"
indoor space,1,0.002,"adj,noun"
space that,1,0.002,"noun,other"
introspection emphasized,1,0.002,"noun,verb"
emphasized by,1,0.002,"verb,other"
the pose,1,0.002,"other,verb"
pose of,1,0.002,"verb,other"
lush tropical,1,0.002,"noun,adj"
tropical landscape,1,0.002,"adj,noun"
distinctly cloisonnist,1,0.002,"adv,verb"
cloisonnist feel,1,0.002,"verb,verb"
gradation which,1,0.002,"noun,other"
perspective while,1,0.002,"adj,other"
abstraction in,1,0.002,"noun,other"
a dirt,1,0.002,"other,adj"
dirt road,1,0.002,"adj,noun"
road or,1,0.002,"noun,other"
or path,1,0.002,"other,adv"
path leading,1,0.002,"adv,verb"
journey into,1,0.002,"noun,other"
figure possibly,1,0.002,"noun,adv"
woman given,1,0.002,"noun,verb"
her silhouette,1,0.002,"other,noun"
silhouette is,1,0.002,"noun,verb"
is walking,1,0.002,"verb,verb"
walking along,1,0.002,"verb,other"
along this,1,0.002,"other,other"
this path,1,0.002,"other,adv"
path adding,1,0.002,"adv,verb"
ground features,1,0.002,"noun,noun"
of tropical,1,0.002,"other,adj"
tropical vegetation,1,0.002,"adj,noun"
vegetation with,1,0.002,"noun,other"
with palm,1,0.002,"other,adj"
palm trees,1,0.002,"adj,noun"
trees being,1,0.002,"noun,verb"
prominent these,1,0.002,"noun,other"
these trees,1,0.002,"other,noun"
trees are,1,0.002,"noun,verb"
with thick,1,0.002,"other,adj"
thick outlines,1,0.002,"adj,verb"
and filled,1,0.002,"other,verb"
filled in,1,0.002,"verb,other"
in with,1,0.002,"other,other"
with solid,1,0.002,"other,adj"
color emphasizing,1,0.002,"noun,verb"
their shape,1,0.002,"other,noun"
form against,1,0.002,"noun,other"
sky in,1,0.002,"adj,other"
background towering,1,0.002,"noun,verb"
towering mountains,1,0.002,"verb,noun"
mountains rise,1,0.002,"noun,verb"
rise into,1,0.002,"verb,other"
sky adding,1,0.002,"adj,verb"
dramatic element,1,0.002,"adj,noun"
of contrasting,1,0.002,"other,verb"
bright green,1,0.002,"verb,adj"
foliage against,1,0.002,"noun,other"
tropical island,1,0.002,"adj,noun"
island as,1,0.002,"noun,other"
as imagined,1,0.002,"other,verb"
imagined by,1,0.002,"verb,other"
gauguin with,1,0.002,"verb,other"
form rather,1,0.002,"noun,adv"
back with,1,0.002,"adv,other"
arms stretched,1,0.002,"noun,verb"
stretched out,1,0.002,"verb,other"
out to,1,0.002,"other,other"
side suggesting,1,0.002,"verb,verb"
suggesting relaxation,1,0.002,"verb,noun"
perhaps exhaustion,1,0.002,"adv,noun"
exhaustion the,1,0.002,"noun,other"
is nude,1,0.002,"verb,adj"
nude which,1,0.002,"adj,other"
quite prominent,1,0.002,"adv,noun"
child though,1,0.002,"noun,other"
this object,1,0.002,"other,adj"
object are,1,0.002,"adj,verb"
about it,1,0.002,"other,other"
shows an,1,0.002,"verb,other"
idyllic landscape,1,0.002,"verb,noun"
or exotic,1,0.002,"other,adj"
exotic setting,1,0.002,"adj,verb"
river or,1,0.002,"noun,other"
or body,1,0.002,"other,noun"
water is,1,0.002,"noun,verb"
is implied,1,0.002,"verb,verb"
implied by,1,0.002,"verb,other"
the reflection,1,0.002,"other,noun"
reflection of,1,0.002,"noun,other"
suggests water,1,0.002,"verb,noun"
distance there,1,0.002,"noun,other"
also what,1,0.002,"adv,other"
what appear,1,0.002,"other,verb"
background though,1,0.002,"noun,other"
though they,1,0.002,"other,other"
are less,1,0.002,"verb,adj"
less distinct,1,0.002,"adj,adj"
distinct due,1,0.002,"adj,adj"
cloisonnism a,1,0.002,"noun,other"
a french,1,0.002,"other,adj"
french art,1,0.002,"adj,noun"
movement from,1,0.002,"noun,other"
century that,1,0.002,"noun,other"
emphasized bold,1,0.002,"verb,verb"
gradation the,1,0.002,"noun,other"
bright vibrant,1,0.002,"verb,adj"
with little,1,0.002,"other,adv"
little attempt,1,0.002,"adv,verb"
at naturalistic,1,0.002,"other,adj"
naturalistic shading,1,0.002,"adj,verb"
painting its,1,0.002,"verb,other"
its distinctive,1,0.002,"other,adj"
distinctive look,1,0.002,"adj,noun"
the king,1,0.002,"other,verb"
king s,1,0.002,"verb,noun"
wife suggests,1,0.002,"noun,verb"
figure may,1,0.002,"noun,other"
be depicted,1,0.002,"verb,verb"
a royal,1,0.002,"other,noun"
royal or,1,0.002,"noun,other"
significant person,1,0.002,"adj,noun"
person within,1,0.002,"noun,other"
her culture,1,0.002,"other,noun"
culture although,1,0.002,"noun,other"
although there,1,0.002,"other,other"
visible symbols,1,0.002,"adj,noun"
symbols or,1,0.002,"noun,other"
or indicators,1,0.002,"other,noun"
indicators of,1,0.002,"noun,other"
of royalty,1,0.002,"other,noun"
royalty on,1,0.002,"noun,other"
body or,1,0.002,"noun,other"
or clothing,1,0.002,"other,verb"
gauguin is,1,0.002,"verb,verb"
the exotic,1,0.002,"other,adj"
exotic and,1,0.002,"adj,other"
simple lives,1,0.002,"noun,verb"
in non,1,0.002,"other,adj"
western cultures,1,0.002,"adj,noun"
expressive nature,1,0.002,"adj,adj"
hair adorned,1,0.002,"adj,verb"
a goddess,1,0.002,"other,noun"
goddess or,1,0.002,"noun,other"
or an,1,0.002,"other,other"
an idealized,1,0.002,"other,adj"
idealized muse,1,0.002,"adj,noun"
muse from,1,0.002,"noun,other"
mythology she,1,0.002,"noun,other"
bird in,1,0.002,"noun,other"
hand surrounding,1,0.002,"noun,verb"
surrounding this,1,0.002,"verb,other"
are other,1,0.002,"verb,adj"
be cherubs,1,0.002,"verb,noun"
cherubs or,1,0.002,"noun,other"
or putti,1,0.002,"other,adv"
putti common,1,0.002,"adv,adj"
common motifs,1,0.002,"adj,noun"
motifs in,1,0.002,"noun,other"
in renaissance,1,0.002,"other,noun"
renaissance and,1,0.002,"noun,other"
and romantic,1,0.002,"other,adj"
romantic artwork,1,0.002,"adj,noun"
artwork representing,1,0.002,"noun,verb"
representing joy,1,0.002,"verb,noun"
joy innocence,1,0.002,"noun,noun"
divine these,1,0.002,"adj,other"
these smaller,1,0.002,"other,adj"
smaller figures,1,0.002,"adj,noun"
figures also,1,0.002,"noun,adv"
also have,1,0.002,"adv,verb"
have flowers,1,0.002,"verb,noun"
their hair,1,0.002,"other,adj"
hair contributing,1,0.002,"adj,verb"
overall theme,1,0.002,"adj,adj"
of beauty,1,0.002,"other,noun"
and additional,1,0.002,"other,adj"
additional floral,1,0.002,"adj,adj"
naturalistic and,1,0.002,"adj,other"
and idyllic,1,0.002,"other,verb"
idyllic setting,1,0.002,"verb,verb"
on clothing,1,0.002,"other,verb"
surrounding foliage,1,0.002,"verb,noun"
foliage is,1,0.002,"noun,verb"
style s,1,0.002,"noun,noun"
on visual,1,0.002,"other,adj"
appeal and,1,0.002,"noun,other"
emotional response,1,0.002,"adj,noun"
response to,1,0.002,"noun,other"
painting likely,1,0.002,"verb,adj"
likely aims,1,0.002,"adj,verb"
of wonder,1,0.002,"other,verb"
wonder and,1,0.002,"verb,other"
the sublime,1,0.002,"other,adj"
sublime which,1,0.002,"adj,other"
common themes,1,0.002,"adj,noun"
themes in,1,0.002,"noun,other"
in romanticism,1,0.002,"other,noun"
the luxembourg,1,0.002,"other,verb"
luxembourg gardens,1,0.002,"verb,noun"
gardens rendered,1,0.002,"noun,verb"
that fill,1,0.002,"other,verb"
background with,1,0.002,"noun,other"
dense greenery,1,0.002,"adj,noun"
greenery a,1,0.002,"noun,other"
a lion,1,0.002,"other,noun"
lion statue,1,0.002,"noun,verb"
statue a,1,0.002,"verb,other"
the gardens,1,0.002,"other,noun"
gardens stands,1,0.002,"noun,verb"
a pedestal,1,0.002,"other,adj"
pedestal in,1,0.002,"adj,other"
composition adding,1,0.002,"noun,verb"
of grandeur,1,0.002,"other,noun"
and symbolism,1,0.002,"other,noun"
symbolism on,1,0.002,"noun,other"
statue two,1,0.002,"verb,other"
seated one,1,0.002,"verb,other"
her black,1,0.002,"other,adj"
black hat,1,0.002,"adj,other"
s positioned,1,0.002,"noun,verb"
positioned to,1,0.002,"verb,other"
holds on,1,0.002,"verb,other"
lap to,1,0.002,"noun,other"
right another,1,0.002,"adj,other"
sits donned,1,0.002,"noun,verb"
her dark,1,0.002,"other,adj"
dark hat,1,0.002,"adj,other"
hat her,1,0.002,"other,other"
attention is,1,0.002,"noun,verb"
ground where,1,0.002,"noun,other"
where several,1,0.002,"other,adj"
several birds,1,0.002,"adj,noun"
birds are,1,0.002,"noun,verb"
are perched,1,0.002,"verb,verb"
perched their,1,0.002,"verb,other"
their small,1,0.002,"other,adj"
small forms,1,0.002,"adj,noun"
forms scattered,1,0.002,"noun,verb"
the grassy,1,0.002,"other,noun"
grassy area,1,0.002,"noun,noun"
painting beautifully,1,0.002,"verb,adv"
afternoon scene,1,0.002,"noun,noun"
park with,1,0.002,"noun,other"
with people,1,0.002,"other,noun"
people leisurely,1,0.002,"noun,adv"
leisurely strolling,1,0.002,"adv,verb"
the paths,1,0.002,"other,noun"
paths and,1,0.002,"noun,other"
and others,1,0.002,"other,noun"
others sitting,1,0.002,"noun,verb"
on chairs,1,0.002,"other,noun"
chairs under,1,0.002,"noun,other"
trees enjoying,1,0.002,"noun,verb"
tranquil surroundings,1,0.002,"noun,noun"
depth while,1,0.002,"adj,other"
colors enhance,1,0.002,"noun,noun"
classical painting,1,0.002,"adj,verb"
flowing white,1,0.002,"verb,adj"
white drapery,1,0.002,"adj,noun"
drapery reminiscent,1,0.002,"noun,adj"
ancient greek,1,0.002,"adj,adj"
greek or,1,0.002,"adj,other"
or roman,1,0.002,"other,adj"
roman attire,1,0.002,"adj,noun"
highly ornate,1,0.002,"adv,verb"
ornate backrest,1,0.002,"verb,adj"
backrest suggesting,1,0.002,"adj,verb"
of authority,1,0.002,"other,noun"
authority or,1,0.002,"noun,other"
or importance,1,0.002,"other,noun"
importance her,1,0.002,"noun,other"
intensity as,1,0.002,"noun,other"
she rests,1,0.002,"other,noun"
rests her,1,0.002,"noun,other"
thoughtfully on,1,0.002,"adv,other"
somber and,1,0.002,"noun,other"
contemplative adding,1,0.002,"adj,verb"
classical atmosphere,1,0.002,"adj,adv"
of architecture,1,0.002,"other,noun"
architecture that,1,0.002,"noun,other"
a structure,1,0.002,"other,noun"
structure of,1,0.002,"noun,other"
grand landscape,1,0.002,"adj,noun"
is academicism,1,0.002,"verb,noun"
academicism a,1,0.002,"noun,other"
genre known,1,0.002,"noun,verb"
its adherence,1,0.002,"other,noun"
to classical,1,0.002,"other,adj"
classical forms,1,0.002,"adj,noun"
on technique,1,0.002,"other,noun"
artist leighton,1,0.002,"noun,adj"
leighton frederic,1,0.002,"adj,adj"
frederic has,1,0.002,"adj,verb"
has meticulously,1,0.002,"verb,adv"
meticulously detailed,1,0.002,"adv,adj"
detailed elements,1,0.002,"adj,noun"
drapery s,1,0.002,"noun,noun"
fine texture,1,0.002,"verb,noun"
background demonstrating,1,0.002,"noun,verb"
demonstrating his,1,0.002,"verb,other"
his mastery,1,0.002,"other,noun"
mastery over,1,0.002,"noun,other"
medium the,1,0.002,"noun,other"
titled faticida,1,0.002,"verb,adj"
faticida which,1,0.002,"adj,other"
narrative or,1,0.002,"adj,other"
or symbolic,1,0.002,"other,adj"
symbolic meaning,1,0.002,"adj,verb"
meaning academicism,1,0.002,"verb,noun"
academicism often,1,0.002,"noun,adv"
often drew,1,0.002,"adv,adj"
drew from,1,0.002,"adj,other"
classical themes,1,0.002,"adj,noun"
themes so,1,0.002,"noun,adv"
this title,1,0.002,"other,noun"
title might,1,0.002,"noun,other"
might refer,1,0.002,"other,verb"
refer to,1,0.002,"verb,other"
an allegorical,1,0.002,"other,adj"
allegorical concept,1,0.002,"adj,adj"
concept or,1,0.002,"adj,other"
a specific,1,0.002,"other,adj"
specific mythological,1,0.002,"adj,adj"
mythological story,1,0.002,"adj,noun"
story the,1,0.002,"noun,other"
artwork invites,1,0.002,"noun,noun"
into its,1,0.002,"other,other"
its historical,1,0.002,"other,adj"
historical and,1,0.002,"adj,other"
context in,1,0.002,"adj,other"
to fully,1,0.002,"other,adv"
fully understand,1,0.002,"adv,noun"
understand the,1,0.002,"noun,other"
s intent,1,0.002,"noun,noun"
intent and,1,0.002,"noun,other"
the significance,1,0.002,"other,noun"
significance of,1,0.002,"noun,other"
scene depicted,1,0.002,"noun,verb"
the annunciation,1,0.002,"other,verb"
annunciation a,1,0.002,"verb,other"
common subject,1,0.002,"adj,adj"
figures an,1,0.002,"noun,other"
an angel,1,0.002,"other,other"
wings and,1,0.002,"noun,other"
typically identified,1,0.002,"adv,verb"
as mary,1,0.002,"other,adj"
mary the,1,0.002,"adj,other"
angel stands,1,0.002,"other,verb"
canvas holding,1,0.002,"noun,verb"
lily a,1,0.002,"adv,other"
purity mary,1,0.002,"noun,adj"
bed or,1,0.002,"verb,other"
couch on,1,0.002,"adj,other"
painting looking,1,0.002,"verb,verb"
a surprised,1,0.002,"other,verb"
surprised or,1,0.002,"verb,other"
with realistic,1,0.002,"other,adj"
gentle contrast,1,0.002,"adj,noun"
shadow that,1,0.002,"verb,other"
a curtain,1,0.002,"other,noun"
curtain allowing,1,0.002,"noun,verb"
allowing for,1,0.002,"verb,other"
for natural,1,0.002,"other,adj"
to illuminate,1,0.002,"other,adv"
intensity its,1,0.002,"noun,other"
its focus,1,0.002,"other,noun"
dramatic lighting,1,0.002,"adj,verb"
has paid,1,0.002,"verb,verb"
paid close,1,0.002,"verb,adj"
close attention,1,0.002,"adj,noun"
of facial,1,0.002,"other,adj"
on surfaces,1,0.002,"other,noun"
surfaces all,1,0.002,"noun,other"
all contributing,1,0.002,"other,verb"
serene solemnity,1,0.002,"adj,noun"
solemnity appropriate,1,0.002,"noun,adj"
appropriate for,1,0.002,"adj,other"
such an,1,0.002,"adj,other"
important religious,1,0.002,"adj,adj"
religious event,1,0.002,"adj,noun"
captivating painting,1,0.002,"verb,verb"
romanticism genre,1,0.002,"noun,noun"
genre it,1,0.002,"noun,other"
s called,1,0.002,"noun,verb"
called the,1,0.002,"verb,other"
shalott and,1,0.002,"noun,other"
was painted,1,0.002,"verb,verb"
john william,1,0.002,"noun,adj"
william waterhouse,1,0.002,"adj,noun"
waterhouse the,1,0.002,"noun,other"
hair adding,1,0.002,"adj,verb"
her ethereal,1,0.002,"other,noun"
a cushion,1,0.002,"other,noun"
cushion that,1,0.002,"noun,other"
designs reflecting,1,0.002,"noun,verb"
river where,1,0.002,"noun,other"
boat she,1,0.002,"verb,other"
in floats,1,0.002,"other,noun"
floats gently,1,0.002,"noun,adv"
gently the,1,0.002,"adv,other"
trees creating,1,0.002,"noun,verb"
serenity a,1,0.002,"noun,other"
perched on,1,0.002,"verb,other"
boat adds,1,0.002,"verb,verb"
predominantly earth,1,0.002,"adv,noun"
which provide,1,0.002,"other,verb"
matter align,1,0.002,"noun,noun"
romanticism art,1,0.002,"noun,noun"
on individual,1,0.002,"other,adj"
individual experience,1,0.002,"adj,noun"
experience emotion,1,0.002,"noun,noun"
nature waterhouse,1,0.002,"adj,noun"
waterhouse s,1,0.002,"noun,noun"
s the,1,0.002,"noun,other"
shalott beautifully,1,0.002,"noun,adv"
beautifully embodies,1,0.002,"adv,noun"
embodies these,1,0.002,"noun,other"
elements making,1,0.002,"noun,verb"
a classic,1,0.002,"other,adj"
classic example,1,0.002,"adj,noun"
romanticism in,1,0.002,"noun,other"
amidst a,1,0.002,"noun,other"
a flowering,1,0.002,"other,verb"
flowering bush,1,0.002,"verb,adj"
bush with,1,0.002,"adj,other"
with blossoming,1,0.002,"other,verb"
blossoming pink,1,0.002,"verb,adj"
pink flowers,1,0.002,"adj,noun"
rich red,1,0.002,"adj,adj"
her fair,1,0.002,"other,adj"
fair complexion,1,0.002,"adj,noun"
her she,1,0.002,"other,other"
is caught,1,0.002,"verb,verb"
caught by,1,0.002,"verb,other"
gentle breeze,1,0.002,"adj,verb"
breeze her,1,0.002,"verb,other"
slight sadness,1,0.002,"adj,noun"
sadness the,1,0.002,"noun,other"
romanticism with,1,0.002,"noun,other"
emotion individualism,1,0.002,"noun,noun"
individualism and,1,0.002,"noun,other"
colors soft,1,0.002,"noun,adj"
flowers creates,1,0.002,"noun,noun"
the introspective,1,0.002,"other,adj"
introspective mood,1,0.002,"adj,noun"
a vision,1,0.002,"other,noun"
of fiammetta,1,0.002,"other,adj"
fiammetta by,1,0.002,"adj,other"
by rossetti,1,0.002,"other,noun"
rossetti dante,1,0.002,"noun,noun"
dante gabriel,1,0.002,"noun,adj"
gabriel is,1,0.002,"adj,verb"
its exquisite,1,0.002,"other,adj"
exquisite depiction,1,0.002,"adj,noun"
surrounding flora,1,0.002,"verb,verb"
classical mythological,1,0.002,"adj,adj"
mythological scene,1,0.002,"adj,noun"
scene titled,1,0.002,"noun,verb"
titled psyche,1,0.002,"verb,noun"
psyche and,1,0.002,"noun,other"
and pan,1,0.002,"other,noun"
pan rendered,1,0.002,"noun,verb"
a romantic,1,0.002,"other,adj"
a youthful,1,0.002,"other,adj"
youthful human,1,0.002,"adj,adj"
human female,1,0.002,"adj,adj"
hair representing,1,0.002,"adj,verb"
representing psyche,1,0.002,"verb,noun"
psyche identifiable,1,0.002,"noun,adj"
her traditional,1,0.002,"other,adj"
traditional association,1,0.002,"adj,noun"
with birds,1,0.002,"other,noun"
birds or,1,0.002,"noun,other"
feathers adorning,1,0.002,"noun,verb"
adorning her,1,0.002,"verb,other"
is crouched,1,0.002,"verb,verb"
crouched down,1,0.002,"verb,adv"
down and,1,0.002,"adv,other"
up at,1,0.002,"other,other"
with pointed,1,0.002,"other,verb"
pointed ears,1,0.002,"verb,verb"
ears furry,1,0.002,"verb,adj"
furry legs,1,0.002,"adj,noun"
legs and,1,0.002,"noun,other"
and goat,1,0.002,"other,noun"
goat like,1,0.002,"noun,other"
features on,1,0.002,"noun,other"
of pan,1,0.002,"other,noun"
pan a,1,0.002,"noun,other"
a god,1,0.002,"other,noun"
god associated,1,0.002,"noun,adj"
with music,1,0.002,"other,noun"
music nature,1,0.002,"noun,adj"
and sexuality,1,0.002,"other,noun"
sexuality in,1,0.002,"noun,other"
in greek,1,0.002,"other,adj"
greek mythology,1,0.002,"adj,noun"
mythology he,1,0.002,"noun,other"
he stands,1,0.002,"other,verb"
on psyche,1,0.002,"other,noun"
psyche s,1,0.002,"noun,noun"
s shoulder,1,0.002,"noun,noun"
raised to,1,0.002,"verb,other"
to touch,1,0.002,"other,adj"
touch her,1,0.002,"adj,other"
face or,1,0.002,"verb,other"
or hair,1,0.002,"other,adj"
hair suggesting,1,0.002,"adj,verb"
intimate or,1,0.002,"verb,other"
seductive moment,1,0.002,"adj,noun"
landscape that,1,0.002,"noun,other"
area which,1,0.002,"noun,other"
with pan,1,0.002,"other,noun"
pan s,1,0.002,"noun,noun"
s association,1,0.002,"noun,noun"
the wilderness,1,0.002,"other,noun"
wilderness the,1,0.002,"noun,other"
pastel blues,1,0.002,"noun,noun"
blues contributing,1,0.002,"noun,verb"
overall romantic,1,0.002,"adj,adj"
romantic ambiance,1,0.002,"adj,noun"
fluid emphasizing,1,0.002,"noun,verb"
quality often,1,0.002,"noun,adv"
with romantic,1,0.002,"other,adj"
styles this,1,0.002,"noun,other"
of edward,1,0.002,"other,adv"
edward burne,1,0.002,"adv,adj"
burne jones,1,0.002,"adj,noun"
jones s,1,0.002,"noun,noun"
often explored,1,0.002,"adv,adj"
explored themes,1,0.002,"adj,noun"
themes from,1,0.002,"noun,other"
and literature,1,0.002,"other,noun"
hair in,1,0.002,"adj,other"
surrounding elements,1,0.002,"verb,noun"
elements she,1,0.002,"noun,other"
white marble,1,0.002,"adj,adj"
marble bench,1,0.002,"adj,noun"
bench against,1,0.002,"noun,other"
a similarly,1,0.002,"other,adv"
similarly colored,1,0.002,"adv,adj"
colored backdrop,1,0.002,"adj,noun"
backdrop the,1,0.002,"noun,other"
girl holds,1,0.002,"noun,verb"
blue pot,1,0.002,"noun,noun"
pot filled,1,0.002,"noun,verb"
other rests,1,0.002,"adj,noun"
rests lightly,1,0.002,"noun,adv"
lightly on,1,0.002,"adv,other"
the bench,1,0.002,"other,noun"
bench there,1,0.002,"noun,other"
perched near,1,0.002,"verb,other"
hand seemingly,1,0.002,"noun,adv"
seemingly at,1,0.002,"adv,other"
ease with,1,0.002,"noun,other"
title symphony,1,0.002,"noun,noun"
symphony in,1,0.002,"noun,other"
white suggests,1,0.002,"adj,verb"
harmonious blending,1,0.002,"adj,noun"
blending of,1,0.002,"noun,other"
tones throughout,1,0.002,"noun,other"
titled cara,1,0.002,"verb,noun"
cara sophia,1,0.002,"noun,noun"
sophia köhler,1,0.002,"noun,noun"
köhler née,1,0.002,"noun,adj"
née goldammer,1,0.002,"adj,adj"
goldammer by,1,0.002,"adj,other"
leo rendered,1,0.002,"adj,verb"
chair dressed,1,0.002,"noun,verb"
dressed elegantly,1,0.002,"verb,adv"
elegantly in,1,0.002,"adv,other"
pattern she,1,0.002,"adj,other"
a handbag,1,0.002,"other,noun"
handbag in,1,0.002,"noun,other"
decorative headdress,1,0.002,"adj,noun"
complements her,1,0.002,"noun,other"
reflection or,1,0.002,"noun,other"
perhaps anticipation,1,0.002,"adv,noun"
anticipation the,1,0.002,"noun,other"
that illuminates,1,0.002,"other,noun"
illuminates the,1,0.002,"noun,other"
introspection with,1,0.002,"noun,other"
woman as,1,0.002,"noun,other"
as conveyed,1,0.002,"other,adj"
amidst lush,1,0.002,"noun,noun"
greenery she,1,0.002,"noun,other"
in braids,1,0.002,"other,noun"
braids and,1,0.002,"noun,other"
including bananas,1,0.002,"verb,noun"
oranges that,1,0.002,"verb,other"
are part,1,0.002,"verb,noun"
titled halbindianerin,1,0.002,"verb,verb"
halbindianerin mit,1,0.002,"verb,noun"
mit früchten,1,0.002,"noun,adj"
früchten by,1,0.002,"adj,other"
leo demonstrates,1,0.002,"adj,verb"
expression over,1,0.002,"noun,other"
of liza,1,0.002,"other,noun"
liza minnelli,1,0.002,"noun,noun"
minnelli rendered,1,0.002,"noun,verb"
art particularly,1,0.002,"noun,adv"
particularly reminiscent,1,0.002,"adv,adj"
of minnelli,1,0.002,"other,noun"
her iconic,1,0.002,"other,adj"
iconic makeup,1,0.002,"adj,noun"
makeup and,1,0.002,"noun,other"
hairstyle prominently,1,0.002,"noun,adv"
displayed her,1,0.002,"adj,other"
an exaggerated,1,0.002,"other,adj"
exaggerated manner,1,0.002,"adj,adj"
manner likely,1,0.002,"adj,adj"
likely reflecting,1,0.002,"adj,verb"
bold hues,1,0.002,"verb,noun"
contrast enhancing,1,0.002,"noun,verb"
green background,1,0.002,"adj,noun"
background along,1,0.002,"noun,other"
the stark,1,0.002,"other,adj"
stark whites,1,0.002,"adj,noun"
blacks is,1,0.002,"noun,verb"
style this,1,0.002,"noun,other"
often draws,1,0.002,"adv,verb"
figure while,1,0.002,"noun,other"
the aesthetic,1,0.002,"other,adj"
medium itself,1,0.002,"noun,other"
itself in,1,0.002,"other,other"
case print,1,0.002,"noun,verb"
captures minnelli,1,0.002,"verb,noun"
texture used,1,0.002,"noun,adj"
depict her,1,0.002,"noun,other"
hair add,1,0.002,"adj,adj"
image giving,1,0.002,"noun,verb"
a painterly,1,0.002,"other,adv"
painterly quality,1,0.002,"adv,noun"
its pop,1,0.002,"other,noun"
art influence,1,0.002,"noun,noun"
influence overall,1,0.002,"noun,adj"
of portraiture,1,0.002,"other,verb"
portraiture fashion,1,0.002,"verb,noun"
culture within,1,0.002,"noun,other"
and innovative,1,0.002,"other,adj"
innovative pop,1,0.002,"adj,noun"
standing against,1,0.002,"verb,other"
of draped,1,0.002,"other,verb"
soft focused,1,0.002,"adj,verb"
focused interior,1,0.002,"verb,adj"
interior she,1,0.002,"adj,other"
long train,1,0.002,"adj,noun"
train and,1,0.002,"noun,other"
full sleeves,1,0.002,"adj,noun"
historical attire,1,0.002,"adj,noun"
and composed,1,0.002,"other,verb"
composed demeanor,1,0.002,"verb,adj"
and cream,1,0.002,"other,noun"
cream creating,1,0.002,"noun,verb"
an ethereal,1,0.002,"other,noun"
ethereal and,1,0.002,"noun,other"
and elegant,1,0.002,"other,verb"
elegant atmosphere,1,0.002,"verb,adv"
fabric of,1,0.002,"adj,other"
the predominantly,1,0.002,"other,adv"
predominantly monochromatic,1,0.002,"adv,adj"
monochromatic scheme,1,0.002,"adj,adj"
scheme the,1,0.002,"adj,other"
detail particularly,1,0.002,"noun,adv"
the drapes,1,0.002,"other,noun"
drapes behind,1,0.002,"noun,other"
image does,1,0.002,"noun,verb"
additional elements,1,0.002,"adj,noun"
that can,1,0.002,"other,other"
discerned from,1,0.002,"verb,other"
portrait style,1,0.002,"verb,noun"
artwork focusing,1,0.002,"noun,verb"
artwork color,1,0.002,"noun,noun"
color study,1,0.002,"noun,verb"
study squares,1,0.002,"verb,noun"
squares with,1,0.002,"noun,other"
with concentric,1,0.002,"other,adj"
concentric circles,1,0.002,"adj,noun"
circles by,1,0.002,"noun,other"
by wassily,1,0.002,"other,adv"
wassily kandinsky,1,0.002,"adv,noun"
kandinsky features,1,0.002,"noun,noun"
like arrangement,1,0.002,"other,noun"
circles each,1,0.002,"noun,other"
square is,1,0.002,"verb,verb"
single solid,1,0.002,"adj,adj"
color while,1,0.002,"noun,other"
the circles,1,0.002,"other,noun"
circles within,1,0.002,"noun,other"
square are,1,0.002,"verb,verb"
are concentric,1,0.002,"verb,adj"
concentric meaning,1,0.002,"adj,verb"
meaning they,1,0.002,"verb,other"
they share,1,0.002,"other,noun"
share a,1,0.002,"noun,other"
common center,1,0.002,"adj,noun"
and vary,1,0.002,"other,adj"
vary in,1,0.002,"adj,other"
in size,1,0.002,"other,noun"
size from,1,0.002,"noun,other"
from larger,1,0.002,"other,adj"
larger to,1,0.002,"adj,other"
to smaller,1,0.002,"other,adj"
smaller as,1,0.002,"adj,other"
as you,1,0.002,"other,other"
you move,1,0.002,"other,other"
move towards,1,0.002,"other,noun"
center the,1,0.002,"noun,other"
vibrant including,1,0.002,"adj,verb"
including shades,1,0.002,"verb,noun"
more creating,1,0.002,"adv,verb"
abstract because,1,0.002,"adj,other"
because it,1,0.002,"other,other"
it does,1,0.002,"other,verb"
not depict,1,0.002,"adv,noun"
depict any,1,0.002,"noun,other"
any recognizable,1,0.002,"other,adj"
recognizable objects,1,0.002,"adj,noun"
or figures,1,0.002,"other,noun"
figures instead,1,0.002,"noun,adv"
instead it,1,0.002,"adv,other"
on shapes,1,0.002,"other,noun"
art invites,1,0.002,"noun,noun"
explore their,1,0.002,"other,other"
own interpretations,1,0.002,"adj,noun"
interpretations rather,1,0.002,"noun,adv"
than representing,1,0.002,"other,verb"
realistic scene,1,0.002,"adj,noun"
the squares,1,0.002,"other,noun"
circles are,1,0.002,"noun,verb"
a seemingly,1,0.002,"other,adv"
seemingly random,1,0.002,"adv,adj"
random pattern,1,0.002,"adj,adj"
pattern further,1,0.002,"adj,adv"
